dpc_id,source_serial_no,region,taluk,village,opening_date,closing_date,status,latitude,longitude,source_snapshot,source_authority
TNCSC-KMS2025-26-0001,1,Ariyalur,Andimadam,Aiyyur,2025-09-09,,Open,11.314517,79.318039,KMS 2025-26 as on 12-07-2026,Tamil Nadu Civil Supplies Corporation
TNCSC-KMS2025-26-0002,2,Ariyalur,Andimadam,Kaduvetti,2025-09-09,2026-04-16,Closed,11.310080,79.485031,KMS 2025-26 as on 12-07-2026,Tamil Nadu Civil Supplies Corporation
TNCSC-KMS2025-26-0003,3,Ariyalur,Andimadam,Kattathur,2026-07-11,,Open,11.303731,79.347368,KMS 2025-26 as on 12-07-2026,Tamil Nadu Civil Supplies Corporation
TNCSC-KMS2025-26-0004,4,Ariyalur,Andimadam,Nagambandal,2026-02-02,2026-04-07,Closed,11.410526,79.367801,KMS 2025-26 as on 12-07-2026,Tamil Nadu Civil Supplies Corporation
TNCSC-KMS2025-26-0005,5,Ariyalur,Andimadam,Olaiyur,2025-09-06,2026-04-09,Closed,11.409369,79.316831,KMS 2025-26 as on 12-07-2026,Tamil Nadu Civil Supplies Corporation
TNCSC-KMS2025-26-0006,6,Ariyalur,Andimadam,Periyathukuruchi,2026-02-02,2026-03-24,Closed,11.412852,79.361867,KMS 2025-26 as on 12-07-2026,Tamil Nadu Civil Supplies Corporation
TNCSC-KMS2025-26-0007,7,Ariyalur,Andimadam,Sriraman,2026-01-29,,Open,11.397276,79.387820,KMS 2025-26 as on 12-07-2026,Tamil Nadu Civil Supplies Corporation
TNCSC-KMS2025-26-0008,8,Ariyalur,Andimadam,Vilanthai,2025-09-09,2026-04-16,Closed,11.379663,79.197428,KMS 2025-26 as on 12-07-2026,Tamil Nadu Civil Supplies Corporation
TNCSC-KMS2025-26-0009,9,Ariyalur,Andimadam,Vizhududaiyan,2026-01-31,2026-04-02,Closed,11.411040,79.336038,KMS 2025-26 as on 12-07-2026,Tamil Nadu Civil Supplies Corporation
TNCSC-KMS2025-26-0010,10,Ariyalur,Ariyalur,Alagiyamanavalam,2025-09-26,2026-06-06,Closed,10.955249,79.201630,KMS 2025-26 as on 12-07-2026,Tamil Nadu Civil Supplies Corporation
TNCSC-KMS2025-26-0011,11,Ariyalur,Ariyalur,Elakurichi,2025-09-18,2026-06-19,Closed,10.950667,79.168251,KMS 2025-26 as on 12-07-2026,Tamil Nadu Civil Supplies Corporation
TNCSC-KMS2025-26-0012,12,Ariyalur,Ariyalur,Elanthakudam,2025-09-18,2026-06-24,Closed,10.927134,79.026603,KMS 2025-26 as on 12-07-2026,Tamil Nadu Civil Supplies Corporation
TNCSC-KMS2025-26-0013,13,Ariyalur,Ariyalur,Ka Mathur,2025-09-24,2026-05-23,Closed,10.931498,79.060477,KMS 2025-26 as on 12-07-2026,Tamil Nadu Civil Supplies Corporation
TNCSC-KMS2025-26-0014,14,Ariyalur,Ariyalur,Kallur,2026-03-02,2026-06-16,Closed,10.975207,79.095941,KMS 2025-26 as on 12-07-2026,Tamil Nadu Civil Supplies Corporation
TNCSC-KMS2025-26-0015,15,Ariyalur,Ariyalur,Kamarasavalli,2025-10-03,2026-06-06,Closed,10.982057,79.197977,KMS 2025-26 as on 12-07-2026,Tamil Nadu Civil Supplies Corporation
TNCSC-KMS2025-26-0016,16,Ariyalur,Ariyalur,Kandirathirtham,2025-09-18,2026-06-10,Closed,10.908072,79.044382,KMS 2025-26 as on 12-07-2026,Tamil Nadu Civil Supplies Corporation
TNCSC-KMS2025-26-0017,17,Ariyalur,Ariyalur,Karaiyavetti,2026-03-23,,Open,10.963010,79.056536,KMS 2025-26 as on 12-07-2026,Tamil Nadu Civil Supplies Corporation
TNCSC-KMS2025-26-0018,18,Ariyalur,Ariyalur,Keelakavattankuruchi,2026-03-05,2026-06-30,Closed,10.954694,79.066914,KMS 2025-26 as on 12-07-2026,Tamil Nadu Civil Supplies Corporation
TNCSC-KMS2025-26-0019,19,Ariyalur,Ariyalur,Keelakolathur,2026-03-07,,Open,10.978552,79.116241,KMS 2025-26 as on 12-07-2026,Tamil Nadu Civil Supplies Corporation
TNCSC-KMS2025-26-0020,20,Ariyalur,Ariyalur,Koman,2026-02-28,2026-05-26,Closed,10.991524,79.227530,KMS 2025-26 as on 12-07-2026,Tamil Nadu Civil Supplies Corporation
TNCSC-KMS2025-26-0021,21,Ariyalur,Ariyalur,Kovil Esanai,2026-03-14,2026-06-28,Closed,10.950386,79.025785,KMS 2025-26 as on 12-07-2026,Tamil Nadu Civil Supplies Corporation
TNCSC-KMS2025-26-0022,22,Ariyalur,Ariyalur,Kovilur,2026-03-05,2026-06-13,Closed,10.979487,79.180915,KMS 2025-26 as on 12-07-2026,Tamil Nadu Civil Supplies Corporation
TNCSC-KMS2025-26-0023,23,Ariyalur,Ariyalur,Kulamanikkam,2025-09-19,2026-06-20,Closed,10.904705,79.015872,KMS 2025-26 as on 12-07-2026,Tamil Nadu Civil Supplies Corporation
TNCSC-KMS2025-26-0024,24,Ariyalur,Ariyalur,Kumaramangalam,2026-04-03,2026-05-26,Closed,10.966770,79.131130,KMS 2025-26 as on 12-07-2026,Tamil Nadu Civil Supplies Corporation
TNCSC-KMS2025-26-0025,25,Ariyalur,Ariyalur,Kunthapuram,2026-03-05,2026-06-26,Closed,10.967256,79.067613,KMS 2025-26 as on 12-07-2026,Tamil Nadu Civil Supplies Corporation
TNCSC-KMS2025-26-0026,26,Ariyalur,Ariyalur,Kuruvadi,2025-09-08,2026-05-26,Closed,10.975733,79.225297,KMS 2025-26 as on 12-07-2026,Tamil Nadu Civil Supplies Corporation
TNCSC-KMS2025-26-0027,27,Ariyalur,Ariyalur,Manjamedu,2025-09-23,2026-05-25,Closed,10.934939,79.084311,KMS 2025-26 as on 12-07-2026,Tamil Nadu Civil Supplies Corporation
TNCSC-KMS2025-26-0028,28,Ariyalur,Ariyalur,Melavarapankuruchi,2026-03-03,2026-06-09,Closed,10.953774,79.191309,KMS 2025-26 as on 12-07-2026,Tamil Nadu Civil Supplies Corporation
TNCSC-KMS2025-26-0029,29,Ariyalur,Ariyalur,Mudikondan,2026-03-06,2026-05-27,Closed,10.950059,79.090158,KMS 2025-26 as on 12-07-2026,Tamil Nadu Civil Supplies Corporation
TNCSC-KMS2025-26-0030,30,Ariyalur,Ariyalur,Naanangur,2026-03-07,2026-05-22,Closed,10.999343,79.203867,KMS 2025-26 as on 12-07-2026,Tamil Nadu Civil Supplies Corporation
TNCSC-KMS2025-26-0031,31,Ariyalur,Ariyalur,Oriyur,2026-03-03,2026-05-23,Closed,10.999342,79.211936,KMS 2025-26 as on 12-07-2026,Tamil Nadu Civil Supplies Corporation
TNCSC-KMS2025-26-0032,32,Ariyalur,Ariyalur,Palaiyapadi,2026-02-27,2026-06-06,Closed,10.931631,79.060696,KMS 2025-26 as on 12-07-2026,Tamil Nadu Civil Supplies Corporation
TNCSC-KMS2025-26-0033,33,Ariyalur,Ariyalur,Palinganatham,2026-03-09,2026-06-22,Closed,10.959605,78.965950,KMS 2025-26 as on 12-07-2026,Tamil Nadu Civil Supplies Corporation
TNCSC-KMS2025-26-0034,34,Ariyalur,Ariyalur,Sengarayankattalai,2025-09-12,2026-06-09,Closed,10.960850,79.181963,KMS 2025-26 as on 12-07-2026,Tamil Nadu Civil Supplies Corporation
TNCSC-KMS2025-26-0035,35,Ariyalur,Ariyalur,Thirumalapadi,2025-09-12,2026-06-10,Closed,10.906127,79.058903,KMS 2025-26 as on 12-07-2026,Tamil Nadu Civil Supplies Corporation
TNCSC-KMS2025-26-0036,36,Ariyalur,Ariyalur,Thirumanur,2026-02-24,,Open,10.939331,79.104989,KMS 2025-26 as on 12-07-2026,Tamil Nadu Civil Supplies Corporation
TNCSC-KMS2025-26-0037,37,Ariyalur,Ariyalur,Thiruvenganoor,2026-03-06,2026-06-27,Closed,10.939927,79.114387,KMS 2025-26 as on 12-07-2026,Tamil Nadu Civil Supplies Corporation
TNCSC-KMS2025-26-0038,38,Ariyalur,Ariyalur,Thuthur,2025-09-09,2026-05-26,Closed,10.987680,79.250522,KMS 2025-26 as on 12-07-2026,Tamil Nadu Civil Supplies Corporation
TNCSC-KMS2025-26-0039,39,Ariyalur,Ariyalur,Vadugapalayam,2025-09-20,2026-06-09,Closed,10.970089,79.121169,KMS 2025-26 as on 12-07-2026,Tamil Nadu Civil Supplies Corporation
TNCSC-KMS2025-26-0040,40,Ariyalur,Ariyalur,Venganoor,2026-03-09,2026-06-10,Closed,10.963216,79.025145,KMS 2025-26 as on 12-07-2026,Tamil Nadu Civil Supplies Corporation
TNCSC-KMS2025-26-0041,41,Ariyalur,Ariyalur,Vilagam,2026-03-12,2026-06-30,Closed,10.942956,79.001322,KMS 2025-26 as on 12-07-2026,Tamil Nadu Civil Supplies Corporation
TNCSC-KMS2025-26-0042,42,Ariyalur,Sendurai,Kulumur,2025-09-06,2026-05-17,Closed,11.315080,79.151830,KMS 2025-26 as on 12-07-2026,Tamil Nadu Civil Supplies Corporation
TNCSC-KMS2025-26-0043,43,Ariyalur,Sendurai,Namankunam,2025-09-08,2026-05-17,Closed,11.287579,79.132802,KMS 2025-26 as on 12-07-2026,Tamil Nadu Civil Supplies Corporation
TNCSC-KMS2025-26-0044,44,Ariyalur,Sendurai,Padaivetikudikadu,2026-02-04,2026-04-29,Closed,11.311732,79.197330,KMS 2025-26 as on 12-07-2026,Tamil Nadu Civil Supplies Corporation
TNCSC-KMS2025-26-0045,45,Ariyalur,Sendurai,Sannasinallur,2025-09-06,2026-05-19,Closed,11.374730,79.187280,KMS 2025-26 as on 12-07-2026,Tamil Nadu Civil Supplies Corporation
TNCSC-KMS2025-26-0046,46,Ariyalur,Sendurai,T Koodalur,2025-09-06,2026-05-23,Closed,11.379729,79.197481,KMS 2025-26 as on 12-07-2026,Tamil Nadu Civil Supplies Corporation
TNCSC-KMS2025-26-0047,47,Ariyalur,Sendurai,Thalavai,2026-03-23,2026-05-20,Closed,11.364092,79.210399,KMS 2025-26 as on 12-07-2026,Tamil Nadu Civil Supplies Corporation
TNCSC-KMS2025-26-0048,48,Ariyalur,Udayarpalayam,Annangaranpettai,2026-07-11,,Open,11.287661,79.132922,KMS 2025-26 as on 12-07-2026,Tamil Nadu Civil Supplies Corporation
TNCSC-KMS2025-26-0049,49,Ariyalur,Udayarpalayam,Arankottai,2026-02-06,2026-05-24,Closed,11.032134,79.309560,KMS 2025-26 as on 12-07-2026,Tamil Nadu Civil Supplies Corporation
TNCSC-KMS2025-26-0050,50,Ariyalur,Udayarpalayam,Arunmozhi,2025-09-09,2026-05-23,Closed,11.062288,79.344366,KMS 2025-26 as on 12-07-2026,Tamil Nadu Civil Supplies Corporation
TNCSC-KMS2025-26-0051,51,Ariyalur,Udayarpalayam,Cholamadevi,2025-09-06,,Open,11.132219,79.407874,KMS 2025-26 as on 12-07-2026,Tamil Nadu Civil Supplies Corporation
TNCSC-KMS2025-26-0052,52,Ariyalur,Udayarpalayam,Gangaikondacholapuram,2026-02-02,2026-04-17,Closed,11.208485,79.447536,KMS 2025-26 as on 12-07-2026,Tamil Nadu Civil Supplies Corporation
TNCSC-KMS2025-26-0053,53,Ariyalur,Udayarpalayam,Govindapudhur,2025-09-09,2026-05-22,Closed,11.034961,79.292149,KMS 2025-26 as on 12-07-2026,Tamil Nadu Civil Supplies Corporation
TNCSC-KMS2025-26-0054,54,Ariyalur,Udayarpalayam,Idankanni,2026-01-30,2026-04-28,Closed,11.104744,79.395753,KMS 2025-26 as on 12-07-2026,Tamil Nadu Civil Supplies Corporation
TNCSC-KMS2025-26-0055,55,Ariyalur,Udayarpalayam,Karaikurichi,2026-02-04,2026-04-27,Closed,11.079780,79.355532,KMS 2025-26 as on 12-07-2026,Tamil Nadu Civil Supplies Corporation
TNCSC-KMS2025-26-0056,56,Ariyalur,Udayarpalayam,Karkudi,2025-09-08,2026-05-27,Closed,11.069693,79.312437,KMS 2025-26 as on 12-07-2026,Tamil Nadu Civil Supplies Corporation
TNCSC-KMS2025-26-0057,57,Ariyalur,Udayarpalayam,Kodalikaruppur,2026-02-02,,Open,11.210885,79.501957,KMS 2025-26 as on 12-07-2026,Tamil Nadu Civil Supplies Corporation
TNCSC-KMS2025-26-0058,58,Ariyalur,Udayarpalayam,Kuruchi,2026-07-11,,Open,11.113135,79.395053,KMS 2025-26 as on 12-07-2026,Tamil Nadu Civil Supplies Corporation
TNCSC-KMS2025-26-0059,59,Ariyalur,Udayarpalayam,Muttuvancherruy,2025-09-08,2026-05-13,Closed,11.021928,79.277003,KMS 2025-26 as on 12-07-2026,Tamil Nadu Civil Supplies Corporation
TNCSC-KMS2025-26-0060,60,Ariyalur,Udayarpalayam,Pillaipalayam,2025-09-08,2026-03-30,Closed,11.210845,79.501878,KMS 2025-26 as on 12-07-2026,Tamil Nadu Civil Supplies Corporation
TNCSC-KMS2025-26-0061,61,Ariyalur,Udayarpalayam,Sripuranthan(N),2025-09-06,2026-06-09,Closed,11.048725,79.317435,KMS 2025-26 as on 12-07-2026,Tamil Nadu Civil Supplies Corporation
TNCSC-KMS2025-26-0062,62,Ariyalur,Udayarpalayam,Suthukulam,2026-01-30,2026-03-05,Closed,11.230755,79.499272,KMS 2025-26 as on 12-07-2026,Tamil Nadu Civil Supplies Corporation
TNCSC-KMS2025-26-0063,63,Ariyalur,Udayarpalayam,T K P Natham,2026-02-02,,Open,11.095380,79.407551,KMS 2025-26 as on 12-07-2026,Tamil Nadu Civil Supplies Corporation
TNCSC-KMS2025-26-0064,64,Ariyalur,Udayarpalayam,T. Palur,2026-01-29,2026-04-20,Closed,11.089322,79.364869,KMS 2025-26 as on 12-07-2026,Tamil Nadu Civil Supplies Corporation
TNCSC-KMS2025-26-0065,65,Ariyalur,Udayarpalayam,Thennavanullur,2026-01-30,2026-04-05,Closed,11.147153,79.449724,KMS 2025-26 as on 12-07-2026,Tamil Nadu Civil Supplies Corporation
TNCSC-KMS2025-26-0066,66,Ariyalur,Udayarpalayam,Valaikurichi,2026-02-05,2026-04-24,Closed,11.067051,79.376202,KMS 2025-26 as on 12-07-2026,Tamil Nadu Civil Supplies Corporation
TNCSC-KMS2025-26-0067,67,Ariyalur,Udayarpalayam,Vikramangalam,2026-03-02,2026-05-20,Closed,11.046693,79.223593,KMS 2025-26 as on 12-07-2026,Tamil Nadu Civil Supplies Corporation
TNCSC-KMS2025-26-0068,68,Chengalpattu,Chengalpattu,Kalivanthapattu,2025-09-16,2026-06-09,Closed,12.774382,80.079546,KMS 2025-26 as on 12-07-2026,Tamil Nadu Civil Supplies Corporation
TNCSC-KMS2025-26-0069,69,Chengalpattu,Chengalpattu,Karinilam,2026-04-02,2026-06-11,Closed,12.763330,80.053144,KMS 2025-26 as on 12-07-2026,Tamil Nadu Civil Supplies Corporation
TNCSC-KMS2025-26-0070,70,Chengalpattu,Chengalpattu,Sasthirampakkam,2026-04-06,2026-06-20,Closed,12.766056,79.959411,KMS 2025-26 as on 12-07-2026,Tamil Nadu Civil Supplies Corporation
TNCSC-KMS2025-26-0071,71,Chengalpattu,Chengalpattu,Sasthirampakkam1,2026-05-19,2026-06-19,Closed,12.766056,79.959411,KMS 2025-26 as on 12-07-2026,Tamil Nadu Civil Supplies Corporation
TNCSC-KMS2025-26-0072,72,Chengalpattu,Chengalpattu,Thiruvadisulam,2026-03-18,2026-06-23,Closed,12.694868,80.028380,KMS 2025-26 as on 12-07-2026,Tamil Nadu Civil Supplies Corporation
TNCSC-KMS2025-26-0073,73,Chengalpattu,Chengalpattu,Villiyam Bakkam,2026-04-06,2026-06-12,Closed,12.750142,79.933606,KMS 2025-26 as on 12-07-2026,Tamil Nadu Civil Supplies Corporation
TNCSC-KMS2025-26-0074,74,Chengalpattu,Chengalpattu,Villiyambakkam 1,2025-09-13,2026-06-12,Closed,12.750142,79.933606,KMS 2025-26 as on 12-07-2026,Tamil Nadu Civil Supplies Corporation
TNCSC-KMS2025-26-0075,75,Chengalpattu,Cheyyur,Akkinampattu,2026-03-10,2026-06-19,Closed,12.378396,79.893349,KMS 2025-26 as on 12-07-2026,Tamil Nadu Civil Supplies Corporation
TNCSC-KMS2025-26-0076,76,Chengalpattu,Cheyyur,Ammanur,2025-09-08,2026-06-17,Closed,12.376557,80.008588,KMS 2025-26 as on 12-07-2026,Tamil Nadu Civil Supplies Corporation
TNCSC-KMS2025-26-0077,77,Chengalpattu,Cheyyur,Annaikattu,2026-03-18,2026-06-12,Closed,12.476207,80.069238,KMS 2025-26 as on 12-07-2026,Tamil Nadu Civil Supplies Corporation
TNCSC-KMS2025-26-0078,78,Chengalpattu,Cheyyur,Annaikattu 1,2026-05-25,2026-06-06,Closed,12.476207,80.069238,KMS 2025-26 as on 12-07-2026,Tamil Nadu Civil Supplies Corporation
TNCSC-KMS2025-26-0079,79,Chengalpattu,Cheyyur,Arasur,2026-03-13,2026-06-11,Closed,12.284502,79.867165,KMS 2025-26 as on 12-07-2026,Tamil Nadu Civil Supplies Corporation
TNCSC-KMS2025-26-0080,80,Chengalpattu,Cheyyur,Elliddu,2026-03-09,2026-06-18,Closed,12.272427,79.877808,KMS 2025-26 as on 12-07-2026,Tamil Nadu Civil Supplies Corporation
TNCSC-KMS2025-26-0081,81,Chengalpattu,Cheyyur,Inthalur,2026-03-31,2026-06-25,Closed,12.610796,79.997055,KMS 2025-26 as on 12-07-2026,Tamil Nadu Civil Supplies Corporation
TNCSC-KMS2025-26-0082,82,Chengalpattu,Cheyyur,Kadapperi,2026-02-27,2026-06-16,Closed,12.322264,79.839504,KMS 2025-26 as on 12-07-2026,Tamil Nadu Civil Supplies Corporation
TNCSC-KMS2025-26-0083,83,Chengalpattu,Cheyyur,Kanni Mangalam,2026-06-17,2026-07-08,Closed,12.395723,79.895003,KMS 2025-26 as on 12-07-2026,Tamil Nadu Civil Supplies Corporation
TNCSC-KMS2025-26-0084,84,Chengalpattu,Cheyyur,Karikanthangal,2026-03-17,2026-06-28,Closed,12.395102,79.885967,KMS 2025-26 as on 12-07-2026,Tamil Nadu Civil Supplies Corporation
TNCSC-KMS2025-26-0085,85,Chengalpattu,Cheyyur,Kavanur,2026-02-26,2026-06-13,Closed,12.401837,79.877227,KMS 2025-26 as on 12-07-2026,Tamil Nadu Civil Supplies Corporation
TNCSC-KMS2025-26-0086,86,Chengalpattu,Cheyyur,Kayapakkam,2025-09-09,2026-06-05,Closed,12.325583,79.872559,KMS 2025-26 as on 12-07-2026,Tamil Nadu Civil Supplies Corporation
TNCSC-KMS2025-26-0087,87,Chengalpattu,Cheyyur,Kolathur,2026-03-16,2026-06-20,Closed,12.368013,79.820206,KMS 2025-26 as on 12-07-2026,Tamil Nadu Civil Supplies Corporation
TNCSC-KMS2025-26-0088,88,Chengalpattu,Cheyyur,Lathur,2025-09-22,2026-07-08,Closed,12.483411,80.010554,KMS 2025-26 as on 12-07-2026,Tamil Nadu Civil Supplies Corporation
TNCSC-KMS2025-26-0089,89,Chengalpattu,Cheyyur,Madaiyambakkam,2025-09-23,2026-06-20,Closed,12.396956,80.040526,KMS 2025-26 as on 12-07-2026,Tamil Nadu Civil Supplies Corporation
TNCSC-KMS2025-26-0090,90,Chengalpattu,Cheyyur,Madaiyambakkam01,2025-10-09,2025-11-13,Closed,12.396956,80.040526,KMS 2025-26 as on 12-07-2026,Tamil Nadu Civil Supplies Corporation
TNCSC-KMS2025-26-0091,91,Chengalpattu,Cheyyur,Manapakkam,2026-02-25,2026-06-06,Closed,12.258341,79.887183,KMS 2025-26 as on 12-07-2026,Tamil Nadu Civil Supplies Corporation
TNCSC-KMS2025-26-0092,92,Chengalpattu,Cheyyur,Mugaiyoor,2026-02-23,2026-06-05,Closed,12.431940,80.063476,KMS 2025-26 as on 12-07-2026,Tamil Nadu Civil Supplies Corporation
TNCSC-KMS2025-26-0093,93,Chengalpattu,Cheyyur,Mugundakiri,2026-03-20,2026-06-20,Closed,12.419716,79.881908,KMS 2025-26 as on 12-07-2026,Tamil Nadu Civil Supplies Corporation
TNCSC-KMS2025-26-0094,94,Chengalpattu,Cheyyur,Nangalathur,2025-09-20,2026-06-10,Closed,12.333894,79.961145,KMS 2025-26 as on 12-07-2026,Tamil Nadu Civil Supplies Corporation
TNCSC-KMS2025-26-0095,95,Chengalpattu,Cheyyur,Nangalathur 1,2025-10-03,2026-06-11,Closed,12.333894,79.961145,KMS 2025-26 as on 12-07-2026,Tamil Nadu Civil Supplies Corporation
TNCSC-KMS2025-26-0096,96,Chengalpattu,Cheyyur,Neelamangalam,2025-09-11,2026-06-26,Closed,12.520868,79.996981,KMS 2025-26 as on 12-07-2026,Tamil Nadu Civil Supplies Corporation
TNCSC-KMS2025-26-0097,97,Chengalpattu,Cheyyur,Nugumbal,2026-03-02,2026-05-13,Closed,12.344563,79.892151,KMS 2025-26 as on 12-07-2026,Tamil Nadu Civil Supplies Corporation
TNCSC-KMS2025-26-0098,98,Chengalpattu,Cheyyur,Pachamppakkam,2025-09-20,2026-06-24,Closed,12.460282,80.014294,KMS 2025-26 as on 12-07-2026,Tamil Nadu Civil Supplies Corporation
TNCSC-KMS2025-26-0099,99,Chengalpattu,Cheyyur,Parameswara Mangalam,2025-09-06,,Open,12.481392,80.080353,KMS 2025-26 as on 12-07-2026,Tamil Nadu Civil Supplies Corporation
TNCSC-KMS2025-26-0100,100,Chengalpattu,Cheyyur,Parukal,2026-04-07,2026-06-29,Closed,12.384137,79.864612,KMS 2025-26 as on 12-07-2026,Tamil Nadu Civil Supplies Corporation
TNCSC-KMS2025-26-0101,101,Chengalpattu,Cheyyur,Pavunjur,2026-07-01,2026-07-09,Closed,12.452206,80.009830,KMS 2025-26 as on 12-07-2026,Tamil Nadu Civil Supplies Corporation
TNCSC-KMS2025-26-0102,102,Chengalpattu,Cheyyur,Periya Kalakadi,2026-03-16,2026-06-16,Closed,12.332016,79.888618,KMS 2025-26 as on 12-07-2026,Tamil Nadu Civil Supplies Corporation
TNCSC-KMS2025-26-0103,103,Chengalpattu,Cheyyur,Periya Kalakadi 1,2026-05-18,2026-06-16,Closed,12.332016,79.888618,KMS 2025-26 as on 12-07-2026,Tamil Nadu Civil Supplies Corporation
TNCSC-KMS2025-26-0104,104,Chengalpattu,Cheyyur,Periyavelikadu,2025-09-23,2026-06-13,Closed,12.449412,79.970851,KMS 2025-26 as on 12-07-2026,Tamil Nadu Civil Supplies Corporation
TNCSC-KMS2025-26-0105,105,Chengalpattu,Cheyyur,Perukkaranai 1,2026-03-05,2026-06-11,Closed,12.390296,79.874290,KMS 2025-26 as on 12-07-2026,Tamil Nadu Civil Supplies Corporation
TNCSC-KMS2025-26-0106,106,Chengalpattu,Cheyyur,Perumbakkam,2025-09-27,2025-11-14,Closed,12.905300,80.198600,KMS 2025-26 as on 12-07-2026,Tamil Nadu Civil Supplies Corporation
TNCSC-KMS2025-26-0107,107,Chengalpattu,Cheyyur,Polambakkam,2025-10-10,2026-07-02,Closed,12.460282,80.014294,KMS 2025-26 as on 12-07-2026,Tamil Nadu Civil Supplies Corporation
TNCSC-KMS2025-26-0108,108,Chengalpattu,Cheyyur,Porur,2026-03-20,2026-06-24,Closed,12.342866,79.910244,KMS 2025-26 as on 12-07-2026,Tamil Nadu Civil Supplies Corporation
TNCSC-KMS2025-26-0109,109,Chengalpattu,Cheyyur,Puriyambakkam 1,2026-05-15,2026-06-10,Closed,12.283933,79.907281,KMS 2025-26 as on 12-07-2026,Tamil Nadu Civil Supplies Corporation
TNCSC-KMS2025-26-0110,110,Chengalpattu,Cheyyur,Puriyambakkam Or Pazhavoor,2026-04-02,,Open,12.378408,79.893411,KMS 2025-26 as on 12-07-2026,Tamil Nadu Civil Supplies Corporation
TNCSC-KMS2025-26-0111,111,Chengalpattu,Cheyyur,Puthirankottai,2025-09-09,2026-06-21,Closed,12.306455,79.899854,KMS 2025-26 as on 12-07-2026,Tamil Nadu Civil Supplies Corporation
TNCSC-KMS2025-26-0112,112,Chengalpattu,Cheyyur,Puthirankottai 1,2025-09-26,2025-11-14,Closed,12.306455,79.899854,KMS 2025-26 as on 12-07-2026,Tamil Nadu Civil Supplies Corporation
TNCSC-KMS2025-26-0113,113,Chengalpattu,Cheyyur,Semboor,2025-09-08,2026-06-15,Closed,12.359880,79.993785,KMS 2025-26 as on 12-07-2026,Tamil Nadu Civil Supplies Corporation
TNCSC-KMS2025-26-0114,114,Chengalpattu,Cheyyur,Sirumailoor,2026-03-12,2026-06-25,Closed,12.312378,79.841935,KMS 2025-26 as on 12-07-2026,Tamil Nadu Civil Supplies Corporation
TNCSC-KMS2025-26-0115,115,Chengalpattu,Cheyyur,Sitharkadu,2026-07-03,,Open,12.341959,79.961412,KMS 2025-26 as on 12-07-2026,Tamil Nadu Civil Supplies Corporation
TNCSC-KMS2025-26-0116,116,Chengalpattu,Cheyyur,Sunambedu,2026-02-26,2026-06-20,Closed,12.263575,79.901201,KMS 2025-26 as on 12-07-2026,Tamil Nadu Civil Supplies Corporation
TNCSC-KMS2025-26-0117,117,Chengalpattu,Cheyyur,Thandarai,2025-09-08,2025-11-13,Closed,12.394466,80.089473,KMS 2025-26 as on 12-07-2026,Tamil Nadu Civil Supplies Corporation
TNCSC-KMS2025-26-0118,118,Chengalpattu,Cheyyur,Vanniyanalur,2026-06-04,2026-06-30,Closed,12.255185,79.872251,KMS 2025-26 as on 12-07-2026,Tamil Nadu Civil Supplies Corporation
TNCSC-KMS2025-26-0119,119,Chengalpattu,Cheyyur,Vedal,2026-03-09,2026-07-01,Closed,12.584596,79.882683,KMS 2025-26 as on 12-07-2026,Tamil Nadu Civil Supplies Corporation
TNCSC-KMS2025-26-0120,120,Chengalpattu,Madhurantakam,Aannaikunam,2026-02-26,2026-06-22,Closed,12.423199,79.730689,KMS 2025-26 as on 12-07-2026,Tamil Nadu Civil Supplies Corporation
TNCSC-KMS2025-26-0121,121,Chengalpattu,Madhurantakam,Ananthamangalam,2026-03-02,2026-06-12,Closed,12.325843,79.671856,KMS 2025-26 as on 12-07-2026,Tamil Nadu Civil Supplies Corporation
TNCSC-KMS2025-26-0122,122,Chengalpattu,Madhurantakam,Anndavakkam,2026-03-17,,Open,12.565738,79.866375,KMS 2025-26 as on 12-07-2026,Tamil Nadu Civil Supplies Corporation
TNCSC-KMS2025-26-0123,123,Chengalpattu,Madhurantakam,Ariyanoor,2025-09-10,2025-11-18,Closed,12.415766,79.983546,KMS 2025-26 as on 12-07-2026,Tamil Nadu Civil Supplies Corporation
TNCSC-KMS2025-26-0124,124,Chengalpattu,Madhurantakam,Ariyanur,2026-03-23,2026-06-28,Closed,12.603562,79.905888,KMS 2025-26 as on 12-07-2026,Tamil Nadu Civil Supplies Corporation
TNCSC-KMS2025-26-0125,125,Chengalpattu,Madhurantakam,Ariyanur 01,2025-10-16,2026-06-28,Closed,12.603562,79.905888,KMS 2025-26 as on 12-07-2026,Tamil Nadu Civil Supplies Corporation
TNCSC-KMS2025-26-0126,126,Chengalpattu,Madhurantakam,Ariyapakkam,2026-03-23,2026-06-19,Closed,12.554685,79.931698,KMS 2025-26 as on 12-07-2026,Tamil Nadu Civil Supplies Corporation
TNCSC-KMS2025-26-0127,127,Chengalpattu,Madhurantakam,Ariyapakkam 01,2026-05-21,2026-06-22,Closed,12.554685,79.931698,KMS 2025-26 as on 12-07-2026,Tamil Nadu Civil Supplies Corporation
TNCSC-KMS2025-26-0128,128,Chengalpattu,Madhurantakam,Athur,2025-09-24,2026-05-14,Closed,12.345776,79.794388,KMS 2025-26 as on 12-07-2026,Tamil Nadu Civil Supplies Corporation
TNCSC-KMS2025-26-0129,129,Chengalpattu,Madhurantakam,Boothur,2025-09-06,2026-07-06,Closed,12.544681,79.969588,KMS 2025-26 as on 12-07-2026,Tamil Nadu Civil Supplies Corporation
TNCSC-KMS2025-26-0130,130,Chengalpattu,Madhurantakam,Boothur 1,2025-10-23,2025-11-16,Closed,12.544681,79.969588,KMS 2025-26 as on 12-07-2026,Tamil Nadu Civil Supplies Corporation
TNCSC-KMS2025-26-0131,131,Chengalpattu,Madhurantakam,Devadoor,2026-03-18,2026-06-21,Closed,12.361680,79.941832,KMS 2025-26 as on 12-07-2026,Tamil Nadu Civil Supplies Corporation
TNCSC-KMS2025-26-0132,132,Chengalpattu,Madhurantakam,Devadoor 1,2026-05-21,2026-06-22,Closed,12.361680,79.941832,KMS 2025-26 as on 12-07-2026,Tamil Nadu Civil Supplies Corporation
TNCSC-KMS2025-26-0133,133,Chengalpattu,Madhurantakam,Elappakkam,2026-07-06,,Open,12.416776,79.739176,KMS 2025-26 as on 12-07-2026,Tamil Nadu Civil Supplies Corporation
TNCSC-KMS2025-26-0134,134,Chengalpattu,Madhurantakam,Erupakkam,2026-06-26,2026-07-11,Closed,12.533780,79.943950,KMS 2025-26 as on 12-07-2026,Tamil Nadu Civil Supplies Corporation
TNCSC-KMS2025-26-0135,135,Chengalpattu,Madhurantakam,Esoor,2025-09-26,2026-06-21,Closed,12.536488,79.986520,KMS 2025-26 as on 12-07-2026,Tamil Nadu Civil Supplies Corporation
TNCSC-KMS2025-26-0136,136,Chengalpattu,Madhurantakam,Irumbedu,2026-06-18,2026-07-08,Closed,12.344091,79.974526,KMS 2025-26 as on 12-07-2026,Tamil Nadu Civil Supplies Corporation
TNCSC-KMS2025-26-0137,137,Chengalpattu,Madhurantakam,Kallaparanpuram,2025-09-08,2026-06-17,Closed,12.415791,79.983618,KMS 2025-26 as on 12-07-2026,Tamil Nadu Civil Supplies Corporation
TNCSC-KMS2025-26-0138,138,Chengalpattu,Madhurantakam,Karasangal,2026-04-06,2026-05-29,Closed,12.336057,79.753432,KMS 2025-26 as on 12-07-2026,Tamil Nadu Civil Supplies Corporation
TNCSC-KMS2025-26-0139,139,Chengalpattu,Madhurantakam,Kavathur,2025-09-27,2026-06-30,Closed,12.487620,79.956406,KMS 2025-26 as on 12-07-2026,Tamil Nadu Civil Supplies Corporation
TNCSC-KMS2025-26-0140,140,Chengalpattu,Madhurantakam,Kazhanipakkam,2026-04-18,2026-06-18,Closed,12.543770,79.939502,KMS 2025-26 as on 12-07-2026,Tamil Nadu Civil Supplies Corporation
TNCSC-KMS2025-26-0141,141,Chengalpattu,Madhurantakam,Kilianagar,2025-09-22,2026-06-25,Closed,12.506824,79.763386,KMS 2025-26 as on 12-07-2026,Tamil Nadu Civil Supplies Corporation
TNCSC-KMS2025-26-0142,142,Chengalpattu,Madhurantakam,Kilianagar 1,2026-05-14,2026-06-25,Closed,12.506824,79.763386,KMS 2025-26 as on 12-07-2026,Tamil Nadu Civil Supplies Corporation
TNCSC-KMS2025-26-0143,143,Chengalpattu,Madhurantakam,Kinnar,2025-09-09,2026-07-07,Closed,12.531418,79.937576,KMS 2025-26 as on 12-07-2026,Tamil Nadu Civil Supplies Corporation
TNCSC-KMS2025-26-0144,144,Chengalpattu,Madhurantakam,Kizhvalam,2026-04-11,2026-06-30,Closed,12.384253,79.689035,KMS 2025-26 as on 12-07-2026,Tamil Nadu Civil Supplies Corporation
TNCSC-KMS2025-26-0145,145,Chengalpattu,Madhurantakam,Kongaraimampattu,2025-09-08,2025-11-01,Closed,12.360080,79.710540,KMS 2025-26 as on 12-07-2026,Tamil Nadu Civil Supplies Corporation
TNCSC-KMS2025-26-0146,146,Chengalpattu,Madhurantakam,Kongaraimampattu,2026-04-09,2026-07-08,Closed,12.360080,79.710540,KMS 2025-26 as on 12-07-2026,Tamil Nadu Civil Supplies Corporation
TNCSC-KMS2025-26-0147,147,Chengalpattu,Madhurantakam,Koodalur,2026-04-10,2026-06-29,Closed,12.491774,79.827781,KMS 2025-26 as on 12-07-2026,Tamil Nadu Civil Supplies Corporation
TNCSC-KMS2025-26-0148,148,Chengalpattu,Madhurantakam,Kumaravadi,2026-03-31,2026-06-11,Closed,12.623145,79.895845,KMS 2025-26 as on 12-07-2026,Tamil Nadu Civil Supplies Corporation
TNCSC-KMS2025-26-0149,149,Chengalpattu,Madhurantakam,Kunnan Kolathur,2025-09-22,2026-06-18,Closed,12.600372,79.880122,KMS 2025-26 as on 12-07-2026,Tamil Nadu Civil Supplies Corporation
TNCSC-KMS2025-26-0150,150,Chengalpattu,Madhurantakam,L Endathur,2025-09-09,2026-07-03,Closed,12.574880,79.916440,KMS 2025-26 as on 12-07-2026,Tamil Nadu Civil Supplies Corporation
TNCSC-KMS2025-26-0151,151,Chengalpattu,Madhurantakam,Lnpuram,2025-09-09,,Open,12.632400,80.028300,KMS 2025-26 as on 12-07-2026,Tamil Nadu Civil Supplies Corporation
TNCSC-KMS2025-26-0152,152,Chengalpattu,Madhurantakam,Lnpuram 1,2025-11-19,2025-11-24,Closed,12.632400,80.028300,KMS 2025-26 as on 12-07-2026,Tamil Nadu Civil Supplies Corporation
TNCSC-KMS2025-26-0153,153,Chengalpattu,Madhurantakam,Madhurantakam,2025-09-19,2025-10-27,Closed,12.517101,79.891538,KMS 2025-26 as on 12-07-2026,Tamil Nadu Civil Supplies Corporation
TNCSC-KMS2025-26-0154,154,Chengalpattu,Madhurantakam,Madhuranthakam,2026-03-11,2026-05-24,Closed,12.517236,79.892382,KMS 2025-26 as on 12-07-2026,Tamil Nadu Civil Supplies Corporation
TNCSC-KMS2025-26-0155,155,Chengalpattu,Madhurantakam,Madura Samanthipuram,2026-03-09,2026-06-02,Closed,12.399056,79.957968,KMS 2025-26 as on 12-07-2026,Tamil Nadu Civil Supplies Corporation
TNCSC-KMS2025-26-0156,156,Chengalpattu,Madhurantakam,Melakandai,2025-09-19,2026-06-18,Closed,12.454786,79.941690,KMS 2025-26 as on 12-07-2026,Tamil Nadu Civil Supplies Corporation
TNCSC-KMS2025-26-0157,157,Chengalpattu,Madhurantakam,Melakandai 1,2026-05-12,2026-06-21,Closed,12.454786,79.941690,KMS 2025-26 as on 12-07-2026,Tamil Nadu Civil Supplies Corporation
TNCSC-KMS2025-26-0158,158,Chengalpattu,Madhurantakam,Minnal Chittammor,2026-07-01,,Open,12.496618,79.896161,KMS 2025-26 as on 12-07-2026,Tamil Nadu Civil Supplies Corporation
TNCSC-KMS2025-26-0159,159,Chengalpattu,Madhurantakam,Mocheri,2026-07-06,2026-07-12,Closed,12.509875,79.859037,KMS 2025-26 as on 12-07-2026,Tamil Nadu Civil Supplies Corporation
TNCSC-KMS2025-26-0160,160,Chengalpattu,Madhurantakam,Mogalvadi,2025-09-10,2026-06-23,Closed,12.448029,79.739850,KMS 2025-26 as on 12-07-2026,Tamil Nadu Civil Supplies Corporation
TNCSC-KMS2025-26-0161,161,Chengalpattu,Madhurantakam,Morappakkam,2026-03-06,2026-06-05,Closed,12.501069,79.852322,KMS 2025-26 as on 12-07-2026,Tamil Nadu Civil Supplies Corporation
TNCSC-KMS2025-26-0162,162,Chengalpattu,Madhurantakam,Mudhukarai,2026-06-09,2026-07-08,Closed,12.468133,79.882421,KMS 2025-26 as on 12-07-2026,Tamil Nadu Civil Supplies Corporation
TNCSC-KMS2025-26-0163,163,Chengalpattu,Madhurantakam,Muniyanthangal,2026-07-02,,Open,12.478144,79.813358,KMS 2025-26 as on 12-07-2026,Tamil Nadu Civil Supplies Corporation
TNCSC-KMS2025-26-0164,164,Chengalpattu,Madhurantakam,Nallur,2026-06-29,,Open,12.368726,79.980094,KMS 2025-26 as on 12-07-2026,Tamil Nadu Civil Supplies Corporation
TNCSC-KMS2025-26-0165,165,Chengalpattu,Madhurantakam,Neerper,2025-09-05,2026-07-09,Closed,12.503922,79.839435,KMS 2025-26 as on 12-07-2026,Tamil Nadu Civil Supplies Corporation
TNCSC-KMS2025-26-0166,166,Chengalpattu,Madhurantakam,Neerper 1,2025-09-27,2025-10-30,Closed,12.503922,79.839435,KMS 2025-26 as on 12-07-2026,Tamil Nadu Civil Supplies Corporation
TNCSC-KMS2025-26-0167,167,Chengalpattu,Madhurantakam,Nelli,2025-09-20,2026-06-18,Closed,12.613984,79.867172,KMS 2025-26 as on 12-07-2026,Tamil Nadu Civil Supplies Corporation
TNCSC-KMS2025-26-0168,168,Chengalpattu,Madhurantakam,Netrampakkam,2026-04-04,2026-06-29,Closed,12.407485,79.941627,KMS 2025-26 as on 12-07-2026,Tamil Nadu Civil Supplies Corporation
TNCSC-KMS2025-26-0169,169,Chengalpattu,Madhurantakam,Onampakkam,2026-07-01,2026-07-12,Closed,12.252695,79.935695,KMS 2025-26 as on 12-07-2026,Tamil Nadu Civil Supplies Corporation
TNCSC-KMS2025-26-0170,170,Chengalpattu,Madhurantakam,Orathi,2025-09-23,2026-06-17,Closed,12.563117,79.954789,KMS 2025-26 as on 12-07-2026,Tamil Nadu Civil Supplies Corporation
TNCSC-KMS2025-26-0171,171,Chengalpattu,Madhurantakam,Orathur,2026-04-10,2026-06-19,Closed,12.491521,79.796705,KMS 2025-26 as on 12-07-2026,Tamil Nadu Civil Supplies Corporation
TNCSC-KMS2025-26-0172,172,Chengalpattu,Madhurantakam,Padalam,2025-09-12,2026-06-17,Closed,12.584115,79.955767,KMS 2025-26 as on 12-07-2026,Tamil Nadu Civil Supplies Corporation
TNCSC-KMS2025-26-0173,173,Chengalpattu,Madhurantakam,Papanalloor,2025-10-08,,Open,12.560027,79.810592,KMS 2025-26 as on 12-07-2026,Tamil Nadu Civil Supplies Corporation
TNCSC-KMS2025-26-0174,174,Chengalpattu,Madhurantakam,Pazhayanur,2026-03-07,2026-04-03,Closed,12.597845,79.939614,KMS 2025-26 as on 12-07-2026,Tamil Nadu Civil Supplies Corporation
TNCSC-KMS2025-26-0175,175,Chengalpattu,Madhurantakam,Perumpakkam,2026-07-01,,Open,12.514411,79.809799,KMS 2025-26 as on 12-07-2026,Tamil Nadu Civil Supplies Corporation
TNCSC-KMS2025-26-0176,176,Chengalpattu,Madhurantakam,Perumperakandigai,2026-04-20,2026-06-20,Closed,12.379490,79.778970,KMS 2025-26 as on 12-07-2026,Tamil Nadu Civil Supplies Corporation
TNCSC-KMS2025-26-0177,177,Chengalpattu,Madhurantakam,Peruvelli,2026-03-12,,Open,12.428551,79.911612,KMS 2025-26 as on 12-07-2026,Tamil Nadu Civil Supplies Corporation
TNCSC-KMS2025-26-0178,178,Chengalpattu,Madhurantakam,Pilappur,2025-09-06,2026-07-02,Closed,12.372172,79.940919,KMS 2025-26 as on 12-07-2026,Tamil Nadu Civil Supplies Corporation
TNCSC-KMS2025-26-0179,179,Chengalpattu,Madhurantakam,Pilappur 1,2026-06-24,2026-07-02,Closed,12.372172,79.940919,KMS 2025-26 as on 12-07-2026,Tamil Nadu Civil Supplies Corporation
TNCSC-KMS2025-26-0180,180,Chengalpattu,Madhurantakam,Poorpankarani,2026-03-18,,Open,12.407367,79.726432,KMS 2025-26 as on 12-07-2026,Tamil Nadu Civil Supplies Corporation
TNCSC-KMS2025-26-0181,181,Chengalpattu,Madhurantakam,Puduppattu,2026-06-08,2026-07-10,Closed,12.548816,79.879435,KMS 2025-26 as on 12-07-2026,Tamil Nadu Civil Supplies Corporation
TNCSC-KMS2025-26-0182,182,Chengalpattu,Madhurantakam,Salaiyur,2026-03-14,2026-06-18,Closed,12.378388,79.902240,KMS 2025-26 as on 12-07-2026,Tamil Nadu Civil Supplies Corporation
TNCSC-KMS2025-26-0183,183,Chengalpattu,Madhurantakam,Sempoondy,2026-03-14,2026-06-19,Closed,12.496896,79.781090,KMS 2025-26 as on 12-07-2026,Tamil Nadu Civil Supplies Corporation
TNCSC-KMS2025-26-0184,184,Chengalpattu,Madhurantakam,Sendivakkam,2025-09-10,2026-06-21,Closed,12.455342,79.804365,KMS 2025-26 as on 12-07-2026,Tamil Nadu Civil Supplies Corporation
TNCSC-KMS2025-26-0185,185,Chengalpattu,Madhurantakam,Siruperapanndi,2026-03-18,2026-07-08,Closed,12.388487,79.754898,KMS 2025-26 as on 12-07-2026,Tamil Nadu Civil Supplies Corporation
TNCSC-KMS2025-26-0186,186,Chengalpattu,Madhurantakam,Soorai,2025-09-19,2026-06-07,Closed,12.584712,79.882548,KMS 2025-26 as on 12-07-2026,Tamil Nadu Civil Supplies Corporation
TNCSC-KMS2025-26-0187,187,Chengalpattu,Madhurantakam,Thandarai Puducheri,2026-03-17,2026-06-06,Closed,12.558755,79.817593,KMS 2025-26 as on 12-07-2026,Tamil Nadu Civil Supplies Corporation
TNCSC-KMS2025-26-0188,188,Chengalpattu,Madhurantakam,Thimmapuram,2026-07-10,,Open,12.422863,79.774725,KMS 2025-26 as on 12-07-2026,Tamil Nadu Civil Supplies Corporation
TNCSC-KMS2025-26-0189,189,Chengalpattu,Madhurantakam,Thinnaloor,2026-03-09,2026-07-04,Closed,12.345158,79.674448,KMS 2025-26 as on 12-07-2026,Tamil Nadu Civil Supplies Corporation
TNCSC-KMS2025-26-0190,190,Chengalpattu,Madhurantakam,Vadamanipakkam,2026-03-10,2026-07-03,Closed,12.519722,79.771944,KMS 2025-26 as on 12-07-2026,Tamil Nadu Civil Supplies Corporation
TNCSC-KMS2025-26-0191,191,Chengalpattu,Madhurantakam,Vaiyavur,2026-04-20,2026-06-17,Closed,12.489901,79.946163,KMS 2025-26 as on 12-07-2026,Tamil Nadu Civil Supplies Corporation
TNCSC-KMS2025-26-0192,192,Chengalpattu,Madhurantakam,Vedanthangal,2025-09-19,2026-06-30,Closed,12.554659,79.847955,KMS 2025-26 as on 12-07-2026,Tamil Nadu Civil Supplies Corporation
TNCSC-KMS2025-26-0193,193,Chengalpattu,Madhurantakam,Vedavakkam,2025-09-08,2026-06-11,Closed,12.562160,79.872795,KMS 2025-26 as on 12-07-2026,Tamil Nadu Civil Supplies Corporation
TNCSC-KMS2025-26-0194,194,Chengalpattu,Madhurantakam,Veeranak Kunnam,2025-09-12,2026-06-09,Closed,12.512030,79.965579,KMS 2025-26 as on 12-07-2026,Tamil Nadu Civil Supplies Corporation
TNCSC-KMS2025-26-0195,195,Chengalpattu,Madhurantakam,Velammur,2026-06-22,,Open,12.475531,79.765615,KMS 2025-26 as on 12-07-2026,Tamil Nadu Civil Supplies Corporation
TNCSC-KMS2025-26-0196,196,Chengalpattu,Madhurantakam,Veliyampakkam,2026-04-08,2026-06-09,Closed,12.338430,79.768197,KMS 2025-26 as on 12-07-2026,Tamil Nadu Civil Supplies Corporation
TNCSC-KMS2025-26-0197,197,Chengalpattu,Madhurantakam,Vellaputhoor,2025-09-08,2026-06-20,Closed,12.575649,79.827444,KMS 2025-26 as on 12-07-2026,Tamil Nadu Civil Supplies Corporation
TNCSC-KMS2025-26-0198,198,Chengalpattu,Madhurantakam,Vettur,2026-03-26,2026-07-01,Closed,12.365917,79.677747,KMS 2025-26 as on 12-07-2026,Tamil Nadu Civil Supplies Corporation
TNCSC-KMS2025-26-0199,199,Chengalpattu,Madhurantakam,Vilangadu,2026-04-13,2026-06-25,Closed,12.412267,79.769339,KMS 2025-26 as on 12-07-2026,Tamil Nadu Civil Supplies Corporation
TNCSC-KMS2025-26-0200,200,Chengalpattu,Madhurantakam,Vilvarayanallur,2025-09-08,2026-06-17,Closed,12.471218,79.889707,KMS 2025-26 as on 12-07-2026,Tamil Nadu Civil Supplies Corporation
TNCSC-KMS2025-26-0201,201,Chengalpattu,Thirukkalukundram,Aminjikarai,2025-09-22,2025-11-06,Closed,13.073900,80.224300,KMS 2025-26 as on 12-07-2026,Tamil Nadu Civil Supplies Corporation
TNCSC-KMS2025-26-0202,202,Chengalpattu,Thirukkalukundram,Attavattam,2025-09-10,2026-06-06,Closed,12.510418,80.043847,KMS 2025-26 as on 12-07-2026,Tamil Nadu Civil Supplies Corporation
TNCSC-KMS2025-26-0203,203,Chengalpattu,Thirukkalukundram,Ayyapakkam,2025-09-12,2026-05-14,Closed,12.497286,80.109797,KMS 2025-26 as on 12-07-2026,Tamil Nadu Civil Supplies Corporation
TNCSC-KMS2025-26-0204,204,Chengalpattu,Thirukkalukundram,Keerapakkam 01,2025-09-08,,Open,12.603047,80.140266,KMS 2025-26 as on 12-07-2026,Tamil Nadu Civil Supplies Corporation
TNCSC-KMS2025-26-0205,205,Chengalpattu,Thirukkalukundram,Kollamedu,2026-03-28,2026-06-02,Closed,12.613804,79.997919,KMS 2025-26 as on 12-07-2026,Tamil Nadu Civil Supplies Corporation
TNCSC-KMS2025-26-0206,206,Chengalpattu,Thirukkalukundram,Korapattu,2025-09-20,2026-06-11,Closed,12.580614,79.988659,KMS 2025-26 as on 12-07-2026,Tamil Nadu Civil Supplies Corporation
TNCSC-KMS2025-26-0207,207,Chengalpattu,Thirukkalukundram,Kunnathur,2026-03-25,2026-05-28,Closed,12.571379,80.157828,KMS 2025-26 as on 12-07-2026,Tamil Nadu Civil Supplies Corporation
TNCSC-KMS2025-26-0208,208,Chengalpattu,Thirukkalukundram,Lattur,2025-09-30,2026-06-17,Closed,12.518731,80.101565,KMS 2025-26 as on 12-07-2026,Tamil Nadu Civil Supplies Corporation
TNCSC-KMS2025-26-0209,209,Chengalpattu,Thirukkalukundram,Lattur 1,2025-09-30,2025-11-08,Closed,12.518731,80.101565,KMS 2025-26 as on 12-07-2026,Tamil Nadu Civil Supplies Corporation
TNCSC-KMS2025-26-0210,210,Chengalpattu,Thirukkalukundram,Manapakkam,2025-09-09,2026-04-24,Closed,12.258341,79.887183,KMS 2025-26 as on 12-07-2026,Tamil Nadu Civil Supplies Corporation
TNCSC-KMS2025-26-0211,211,Chengalpattu,Thirukkalukundram,Moshivakkam,2026-03-27,2026-05-29,Closed,12.631585,79.994119,KMS 2025-26 as on 12-07-2026,Tamil Nadu Civil Supplies Corporation
TNCSC-KMS2025-26-0212,212,Chengalpattu,Thirukkalukundram,Naduvakkarai,2025-09-05,2026-06-19,Closed,12.553417,80.069537,KMS 2025-26 as on 12-07-2026,Tamil Nadu Civil Supplies Corporation
TNCSC-KMS2025-26-0213,213,Chengalpattu,Thirukkalukundram,Naduvakkarai 1,2025-09-25,2025-11-15,Closed,12.553417,80.069537,KMS 2025-26 as on 12-07-2026,Tamil Nadu Civil Supplies Corporation
TNCSC-KMS2025-26-0214,214,Chengalpattu,Thirukkalukundram,Nallathur,2025-09-08,2026-06-08,Closed,12.506089,80.089704,KMS 2025-26 as on 12-07-2026,Tamil Nadu Civil Supplies Corporation
TNCSC-KMS2025-26-0215,215,Chengalpattu,Thirukkalukundram,Natham Kariyacheri,2025-09-02,2026-05-29,Closed,12.581468,80.114358,KMS 2025-26 as on 12-07-2026,Tamil Nadu Civil Supplies Corporation
TNCSC-KMS2025-26-0216,216,Chengalpattu,Thirukkalukundram,Nerumpur,2025-09-06,2025-11-12,Closed,12.517636,80.076823,KMS 2025-26 as on 12-07-2026,Tamil Nadu Civil Supplies Corporation
TNCSC-KMS2025-26-0217,217,Chengalpattu,Thirukkalukundram,Pakkam 1,2025-09-09,2026-06-05,Closed,12.533167,80.053021,KMS 2025-26 as on 12-07-2026,Tamil Nadu Civil Supplies Corporation
TNCSC-KMS2025-26-0218,218,Chengalpattu,Thirukkalukundram,Pattikadu,2025-09-26,2026-06-08,Closed,12.594414,80.108974,KMS 2025-26 as on 12-07-2026,Tamil Nadu Civil Supplies Corporation
TNCSC-KMS2025-26-0219,219,Chengalpattu,Thirukkalukundram,Periyakattupakkam,2026-03-24,2026-06-08,Closed,12.543122,80.092482,KMS 2025-26 as on 12-07-2026,Tamil Nadu Civil Supplies Corporation
TNCSC-KMS2025-26-0220,220,Chengalpattu,Thirukkalukundram,Perumaleri,2025-09-06,2026-06-09,Closed,12.611570,80.143102,KMS 2025-26 as on 12-07-2026,Tamil Nadu Civil Supplies Corporation
TNCSC-KMS2025-26-0221,221,Chengalpattu,Thirukkalukundram,Ponpathirkoodam,2025-09-04,2026-05-26,Closed,12.610636,79.997286,KMS 2025-26 as on 12-07-2026,Tamil Nadu Civil Supplies Corporation
TNCSC-KMS2025-26-0222,222,Chengalpattu,Thirukkalukundram,Saaloor,2025-09-09,2026-05-23,Closed,12.591201,80.002471,KMS 2025-26 as on 12-07-2026,Tamil Nadu Civil Supplies Corporation
TNCSC-KMS2025-26-0223,223,Chengalpattu,Thirukkalukundram,Thathalur,2025-09-08,2026-06-18,Closed,12.506128,79.879000,KMS 2025-26 as on 12-07-2026,Tamil Nadu Civil Supplies Corporation
TNCSC-KMS2025-26-0224,224,Chengalpattu,Thirukkalukundram,Udhayampakkam,2026-04-15,2026-05-22,Closed,12.612464,79.960260,KMS 2025-26 as on 12-07-2026,Tamil Nadu Civil Supplies Corporation
TNCSC-KMS2025-26-0225,225,Chengalpattu,Thirukkalukundram,Vazuvathur,2025-09-20,,Open,12.570595,80.016346,KMS 2025-26 as on 12-07-2026,Tamil Nadu Civil Supplies Corporation
TNCSC-KMS2025-26-0226,226,Chengalpattu,Thirukkalukundram,Veerakuppam,2026-06-19,2026-07-11,Closed,12.620370,80.011330,KMS 2025-26 as on 12-07-2026,Tamil Nadu Civil Supplies Corporation
TNCSC-KMS2025-26-0227,227,Chengalpattu,Thirukkalukundram,Vellapandal,2025-09-10,2026-06-04,Closed,12.562791,80.024082,KMS 2025-26 as on 12-07-2026,Tamil Nadu Civil Supplies Corporation
TNCSC-KMS2025-26-0228,228,Chengalpattu,Thirukkalukundram,Vittalapuram,2025-09-09,2026-06-04,Closed,12.519827,80.126588,KMS 2025-26 as on 12-07-2026,Tamil Nadu Civil Supplies Corporation
TNCSC-KMS2025-26-0229,229,Chengalpattu,Thirukkalukundram,Vittalapuram A,2025-10-01,2025-10-31,Closed,12.519573,80.126943,KMS 2025-26 as on 12-07-2026,Tamil Nadu Civil Supplies Corporation
TNCSC-KMS2025-26-0230,230,Chengalpattu,Thirupporur,Arukundram,2026-06-19,2026-07-02,Closed,12.654320,80.101241,KMS 2025-26 as on 12-07-2026,Tamil Nadu Civil Supplies Corporation
TNCSC-KMS2025-26-0231,231,Chengalpattu,Thirupporur,Chinnairumbedu,2025-09-24,2026-06-03,Closed,12.670348,80.065075,KMS 2025-26 as on 12-07-2026,Tamil Nadu Civil Supplies Corporation
TNCSC-KMS2025-26-0232,232,Chengalpattu,Thirupporur,Chinnavippedu,2025-09-12,2026-06-12,Closed,12.575892,79.826618,KMS 2025-26 as on 12-07-2026,Tamil Nadu Civil Supplies Corporation
TNCSC-KMS2025-26-0233,233,Chengalpattu,Thirupporur,Chinnavippedu 1,2025-09-26,2025-11-06,Closed,12.575892,79.826618,KMS 2025-26 as on 12-07-2026,Tamil Nadu Civil Supplies Corporation
TNCSC-KMS2025-26-0234,234,Chengalpattu,Thirupporur,Kottamedu,2026-06-18,2026-06-22,Closed,12.722840,80.117648,KMS 2025-26 as on 12-07-2026,Tamil Nadu Civil Supplies Corporation
TNCSC-KMS2025-26-0235,235,Chengalpattu,Thirupporur,Manamathi,2026-04-02,2026-06-06,Closed,12.662050,80.124110,KMS 2025-26 as on 12-07-2026,Tamil Nadu Civil Supplies Corporation
TNCSC-KMS2025-26-0236,236,Chengalpattu,Thirupporur,Mullipakkam,2025-09-12,2025-11-04,Closed,12.680646,80.086128,KMS 2025-26 as on 12-07-2026,Tamil Nadu Civil Supplies Corporation
TNCSC-KMS2025-26-0237,237,Chengalpattu,Thirupporur,Oragadam,2025-09-10,2025-11-16,Closed,12.646966,80.067273,KMS 2025-26 as on 12-07-2026,Tamil Nadu Civil Supplies Corporation
TNCSC-KMS2025-26-0238,238,Chengalpattu,Thirupporur,Oragadam 1,2025-10-07,2025-11-16,Closed,12.843900,79.948100,KMS 2025-26 as on 12-07-2026,Tamil Nadu Civil Supplies Corporation
TNCSC-KMS2025-26-0239,239,Chengalpattu,Thirupporur,Orakadam,2026-06-19,2026-06-30,Closed,12.646424,80.067923,KMS 2025-26 as on 12-07-2026,Tamil Nadu Civil Supplies Corporation
TNCSC-KMS2025-26-0240,240,Chengalpattu,Thirupporur,Rettikuppam,2026-05-04,2026-05-29,Closed,12.696358,80.053900,KMS 2025-26 as on 12-07-2026,Tamil Nadu Civil Supplies Corporation
TNCSC-KMS2025-26-0241,241,Chengalpattu,Thirupporur,Rettikuppam 1,2026-05-12,2026-05-25,Closed,12.696358,80.053900,KMS 2025-26 as on 12-07-2026,Tamil Nadu Civil Supplies Corporation
TNCSC-KMS2025-26-0242,242,Chengalpattu,Thirupporur,Royalpattu,2025-09-15,2026-06-07,Closed,12.306385,79.891560,KMS 2025-26 as on 12-07-2026,Tamil Nadu Civil Supplies Corporation
TNCSC-KMS2025-26-0243,243,Chengalpattu,Thirupporur,Sirukundrem,2025-09-11,2026-06-03,Closed,12.743190,80.141653,KMS 2025-26 as on 12-07-2026,Tamil Nadu Civil Supplies Corporation
TNCSC-KMS2025-26-0244,244,Chengalpattu,Thirupporur,Sirukundrem 1,2025-10-11,2026-06-04,Closed,12.743190,80.141653,KMS 2025-26 as on 12-07-2026,Tamil Nadu Civil Supplies Corporation
TNCSC-KMS2025-26-0245,245,Chengalpattu,Thirupporur,Venbedu,2025-09-10,2026-06-03,Closed,12.743255,80.141393,KMS 2025-26 as on 12-07-2026,Tamil Nadu Civil Supplies Corporation
TNCSC-KMS2025-26-0246,246,Chengalpattu,Thirupporur,Venpedu 01,2025-10-04,2025-11-10,Closed,12.743447,80.141572,KMS 2025-26 as on 12-07-2026,Tamil Nadu Civil Supplies Corporation
TNCSC-KMS2025-26-0247,247,Coimbatore,Anaimalai,Anaimalai North,2025-10-01,2026-06-11,Closed,10.590007,76.936437,KMS 2025-26 as on 12-07-2026,Tamil Nadu Civil Supplies Corporation
TNCSC-KMS2025-26-0248,248,Coimbatore,Anaimalai,Kottur,2025-09-29,2026-05-14,Closed,10.542367,76.983238,KMS 2025-26 as on 12-07-2026,Tamil Nadu Civil Supplies Corporation
TNCSC-KMS2025-26-0249,249,Cuddalore,Bhuvanagiri,Agaraalambadi,2025-09-03,2026-03-24,Closed,11.437202,79.474554,KMS 2025-26 as on 12-07-2026,Tamil Nadu Civil Supplies Corporation
TNCSC-KMS2025-26-0250,250,Cuddalore,Bhuvanagiri,Alamelumangapuram,2026-04-22,2026-06-13,Closed,11.535143,79.686543,KMS 2025-26 as on 12-07-2026,Tamil Nadu Civil Supplies Corporation
TNCSC-KMS2025-26-0251,251,Cuddalore,Bhuvanagiri,Ambapuram,2026-01-08,2026-03-23,Closed,11.474249,79.570318,KMS 2025-26 as on 12-07-2026,Tamil Nadu Civil Supplies Corporation
TNCSC-KMS2025-26-0252,252,Cuddalore,Bhuvanagiri,Ariyakozhtti,2026-02-25,2026-04-30,Closed,11.486004,79.730471,KMS 2025-26 as on 12-07-2026,Tamil Nadu Civil Supplies Corporation
TNCSC-KMS2025-26-0253,253,Cuddalore,Bhuvanagiri,B Athivaraganallur,2026-02-19,2026-03-20,Closed,11.456844,79.691857,KMS 2025-26 as on 12-07-2026,Tamil Nadu Civil Supplies Corporation
TNCSC-KMS2025-26-0254,254,Cuddalore,Bhuvanagiri,B.Arunmozhidevan,2026-02-05,2026-04-08,Closed,11.477237,79.692309,KMS 2025-26 as on 12-07-2026,Tamil Nadu Civil Supplies Corporation
TNCSC-KMS2025-26-0255,255,Cuddalore,Bhuvanagiri,B.Athivarahanatham,2025-09-19,2025-11-10,Closed,11.436916,79.639281,KMS 2025-26 as on 12-07-2026,Tamil Nadu Civil Supplies Corporation
TNCSC-KMS2025-26-0256,256,Cuddalore,Bhuvanagiri,B.Kolakudi,2026-01-09,,Open,11.495179,79.586235,KMS 2025-26 as on 12-07-2026,Tamil Nadu Civil Supplies Corporation
TNCSC-KMS2025-26-0257,257,Cuddalore,Bhuvanagiri,B.Mutlur,2026-02-09,2026-05-20,Closed,11.475526,79.712521,KMS 2025-26 as on 12-07-2026,Tamil Nadu Civil Supplies Corporation
TNCSC-KMS2025-26-0258,258,Cuddalore,Bhuvanagiri,B.Sitheri,2026-01-21,2026-04-03,Closed,11.466275,79.647260,KMS 2025-26 as on 12-07-2026,Tamil Nadu Civil Supplies Corporation
TNCSC-KMS2025-26-0259,259,Cuddalore,Bhuvanagiri,B.Udaiyur,2026-01-21,2026-04-07,Closed,11.454461,79.593045,KMS 2025-26 as on 12-07-2026,Tamil Nadu Civil Supplies Corporation
TNCSC-KMS2025-26-0260,260,Cuddalore,Bhuvanagiri,C Alampadi,2026-02-09,2026-05-07,Closed,11.429161,79.659858,KMS 2025-26 as on 12-07-2026,Tamil Nadu Civil Supplies Corporation
TNCSC-KMS2025-26-0261,261,Cuddalore,Bhuvanagiri,Erumbur,2025-09-03,2026-04-13,Closed,11.464490,79.516195,KMS 2025-26 as on 12-07-2026,Tamil Nadu Civil Supplies Corporation
TNCSC-KMS2025-26-0262,262,Cuddalore,Bhuvanagiri,Karaimedu,2026-01-07,,Open,11.757281,79.771002,KMS 2025-26 as on 12-07-2026,Tamil Nadu Civil Supplies Corporation
TNCSC-KMS2025-26-0263,263,Cuddalore,Bhuvanagiri,Kumudimulai,2026-02-03,,Open,11.513939,79.619318,KMS 2025-26 as on 12-07-2026,Tamil Nadu Civil Supplies Corporation
TNCSC-KMS2025-26-0264,264,Cuddalore,Bhuvanagiri,Kuriyamangalam,2026-01-31,2026-05-14,Closed,11.463280,79.668389,KMS 2025-26 as on 12-07-2026,Tamil Nadu Civil Supplies Corporation
TNCSC-KMS2025-26-0265,265,Cuddalore,Bhuvanagiri,Manikollai,2025-09-05,2026-06-23,Closed,11.539810,79.711292,KMS 2025-26 as on 12-07-2026,Tamil Nadu Civil Supplies Corporation
TNCSC-KMS2025-26-0266,266,Cuddalore,Bhuvanagiri,Manjakollai,2026-01-19,2026-04-06,Closed,11.453881,79.571491,KMS 2025-26 as on 12-07-2026,Tamil Nadu Civil Supplies Corporation
TNCSC-KMS2025-26-0267,267,Cuddalore,Bhuvanagiri,Marudur,2026-01-19,,Open,11.489400,79.608973,KMS 2025-26 as on 12-07-2026,Tamil Nadu Civil Supplies Corporation
TNCSC-KMS2025-26-0268,268,Cuddalore,Bhuvanagiri,Mel Bhuvanagiri,2026-01-28,2026-05-07,Closed,11.436470,79.638607,KMS 2025-26 as on 12-07-2026,Tamil Nadu Civil Supplies Corporation
TNCSC-KMS2025-26-0269,269,Cuddalore,Bhuvanagiri,Meralur,2025-09-02,2026-04-06,Closed,11.454626,79.560401,KMS 2025-26 as on 12-07-2026,Tamil Nadu Civil Supplies Corporation
TNCSC-KMS2025-26-0270,270,Cuddalore,Bhuvanagiri,Nathamedu,2026-01-27,2026-05-14,Closed,11.461395,79.614935,KMS 2025-26 as on 12-07-2026,Tamil Nadu Civil Supplies Corporation
TNCSC-KMS2025-26-0271,271,Cuddalore,Bhuvanagiri,Periyanarkunam,2025-09-03,2026-04-06,Closed,11.447472,79.504729,KMS 2025-26 as on 12-07-2026,Tamil Nadu Civil Supplies Corporation
TNCSC-KMS2025-26-0272,272,Cuddalore,Bhuvanagiri,Periyapattu,2025-09-22,2026-06-26,Closed,11.559170,79.718420,KMS 2025-26 as on 12-07-2026,Tamil Nadu Civil Supplies Corporation
TNCSC-KMS2025-26-0273,273,Cuddalore,Bhuvanagiri,Pinnalur,2025-09-03,2026-04-06,Closed,11.472095,79.558207,KMS 2025-26 as on 12-07-2026,Tamil Nadu Civil Supplies Corporation
TNCSC-KMS2025-26-0274,274,Cuddalore,Bhuvanagiri,Poovalai (East And West),2026-02-05,2026-05-06,Closed,11.512152,79.678451,KMS 2025-26 as on 12-07-2026,Tamil Nadu Civil Supplies Corporation
TNCSC-KMS2025-26-0275,275,Cuddalore,Bhuvanagiri,Puthuchathiram,2026-02-03,2026-06-15,Closed,11.539385,79.719765,KMS 2025-26 as on 12-07-2026,Tamil Nadu Civil Supplies Corporation
TNCSC-KMS2025-26-0276,276,Cuddalore,Bhuvanagiri,Sathappadi,2026-02-02,2026-04-11,Closed,11.480866,79.646175,KMS 2025-26 as on 12-07-2026,Tamil Nadu Civil Supplies Corporation
TNCSC-KMS2025-26-0277,277,Cuddalore,Bhuvanagiri,Sethiayathoppu,2025-09-03,2026-04-08,Closed,11.617230,79.545231,KMS 2025-26 as on 12-07-2026,Tamil Nadu Civil Supplies Corporation
TNCSC-KMS2025-26-0278,278,Cuddalore,Bhuvanagiri,Silambimangalam,2025-10-03,2026-06-07,Closed,11.546101,79.715916,KMS 2025-26 as on 12-07-2026,Tamil Nadu Civil Supplies Corporation
TNCSC-KMS2025-26-0279,279,Cuddalore,Bhuvanagiri,Thenthalaikulam,2026-06-13,,Open,11.480860,79.589280,KMS 2025-26 as on 12-07-2026,Tamil Nadu Civil Supplies Corporation
TNCSC-KMS2025-26-0280,280,Cuddalore,Bhuvanagiri,Vadakrishnapuram,2026-01-08,,Open,11.488685,79.615246,KMS 2025-26 as on 12-07-2026,Tamil Nadu Civil Supplies Corporation
TNCSC-KMS2025-26-0281,281,Cuddalore,Bhuvanagiri,Vadathalaikulam,2025-09-27,,Open,11.482046,79.595790,KMS 2025-26 as on 12-07-2026,Tamil Nadu Civil Supplies Corporation
TNCSC-KMS2025-26-0282,282,Cuddalore,Bhuvanagiri,Valayamadevi (Kil),2025-09-04,2026-03-28,Closed,11.469792,79.499234,KMS 2025-26 as on 12-07-2026,Tamil Nadu Civil Supplies Corporation
TNCSC-KMS2025-26-0283,283,Cuddalore,Bhuvanagiri,Veeramudaiyanatham,2025-09-03,2026-03-28,Closed,11.719830,79.445593,KMS 2025-26 as on 12-07-2026,Tamil Nadu Civil Supplies Corporation
TNCSC-KMS2025-26-0284,284,Cuddalore,Chidambaram,A.Puliyankudi,2025-09-20,2026-04-21,Closed,11.379502,79.693297,KMS 2025-26 as on 12-07-2026,Tamil Nadu Civil Supplies Corporation
TNCSC-KMS2025-26-0285,285,Cuddalore,Chidambaram,Ayyanur Akkaramangalam,2026-02-09,2026-06-09,Closed,11.382270,79.597734,KMS 2025-26 as on 12-07-2026,Tamil Nadu Civil Supplies Corporation
TNCSC-KMS2025-26-0286,286,Cuddalore,Chidambaram,Boothankudi,2025-09-20,2026-05-22,Closed,11.428769,79.540246,KMS 2025-26 as on 12-07-2026,Tamil Nadu Civil Supplies Corporation
TNCSC-KMS2025-26-0287,287,Cuddalore,Chidambaram,C Poonthottam,2025-09-03,2026-06-08,Closed,11.402812,79.587097,KMS 2025-26 as on 12-07-2026,Tamil Nadu Civil Supplies Corporation
TNCSC-KMS2025-26-0288,288,Cuddalore,Chidambaram,C.Sathamangalam,2025-09-04,2026-05-20,Closed,11.696819,79.626488,KMS 2025-26 as on 12-07-2026,Tamil Nadu Civil Supplies Corporation
TNCSC-KMS2025-26-0289,289,Cuddalore,Chidambaram,C.Thandeeswaranallur,2026-02-12,2026-05-08,Closed,11.379523,79.673665,KMS 2025-26 as on 12-07-2026,Tamil Nadu Civil Supplies Corporation
TNCSC-KMS2025-26-0290,290,Cuddalore,Chidambaram,Kadavachery,2025-09-08,2026-03-27,Closed,11.366360,79.700510,KMS 2025-26 as on 12-07-2026,Tamil Nadu Civil Supplies Corporation
TNCSC-KMS2025-26-0291,291,Cuddalore,Chidambaram,Kannangudi,2026-01-21,2026-04-21,Closed,11.403470,79.656550,KMS 2025-26 as on 12-07-2026,Tamil Nadu Civil Supplies Corporation
TNCSC-KMS2025-26-0292,292,Cuddalore,Chidambaram,Killai (North And South),2026-03-05,2026-06-27,Closed,11.447646,79.768217,KMS 2025-26 as on 12-07-2026,Tamil Nadu Civil Supplies Corporation
TNCSC-KMS2025-26-0293,293,Cuddalore,Chidambaram,Koovilampoondi,2026-02-13,2026-04-25,Closed,11.396280,79.705883,KMS 2025-26 as on 12-07-2026,Tamil Nadu Civil Supplies Corporation
TNCSC-KMS2025-26-0294,294,Cuddalore,Chidambaram,Mathuranthaganallur,2025-09-03,2026-04-16,Closed,11.400378,79.591403,KMS 2025-26 as on 12-07-2026,Tamil Nadu Civil Supplies Corporation
TNCSC-KMS2025-26-0295,295,Cuddalore,Chidambaram,Nakkaravanthankudi,2026-01-30,2026-05-08,Closed,11.402850,79.731637,KMS 2025-26 as on 12-07-2026,Tamil Nadu Civil Supplies Corporation
TNCSC-KMS2025-26-0296,296,Cuddalore,Chidambaram,Nanjalur,2026-01-31,2026-03-20,Closed,11.758723,79.691720,KMS 2025-26 as on 12-07-2026,Tamil Nadu Civil Supplies Corporation
TNCSC-KMS2025-26-0297,297,Cuddalore,Chidambaram,Odakkanallur,2025-09-03,2026-05-07,Closed,11.398108,79.473206,KMS 2025-26 as on 12-07-2026,Tamil Nadu Civil Supplies Corporation
TNCSC-KMS2025-26-0298,298,Cuddalore,Chidambaram,Orathur,2025-09-05,2026-02-26,Closed,12.491521,79.796705,KMS 2025-26 as on 12-07-2026,Tamil Nadu Civil Supplies Corporation
TNCSC-KMS2025-26-0299,299,Cuddalore,Chidambaram,Pannapattu,2026-02-05,2026-05-07,Closed,11.375604,79.602666,KMS 2025-26 as on 12-07-2026,Tamil Nadu Civil Supplies Corporation
TNCSC-KMS2025-26-0300,300,Cuddalore,Chidambaram,Parathur (South),2025-09-09,2026-04-21,Closed,11.415907,79.572777,KMS 2025-26 as on 12-07-2026,Tamil Nadu Civil Supplies Corporation
TNCSC-KMS2025-26-0301,301,Cuddalore,Chidambaram,Pinnathur East,2026-02-04,2026-05-07,Closed,11.423779,79.732281,KMS 2025-26 as on 12-07-2026,Tamil Nadu Civil Supplies Corporation
TNCSC-KMS2025-26-0302,302,Cuddalore,Chidambaram,Sengalmedu,2026-01-29,2026-05-02,Closed,11.377610,79.625300,KMS 2025-26 as on 12-07-2026,Tamil Nadu Civil Supplies Corporation
TNCSC-KMS2025-26-0303,303,Cuddalore,Chidambaram,Sivapuri,2025-09-05,2026-03-19,Closed,11.372998,79.713913,KMS 2025-26 as on 12-07-2026,Tamil Nadu Civil Supplies Corporation
TNCSC-KMS2025-26-0304,304,Cuddalore,Chidambaram,Tharasur,2025-09-08,2025-10-15,Closed,11.390044,79.564073,KMS 2025-26 as on 12-07-2026,Tamil Nadu Civil Supplies Corporation
TNCSC-KMS2025-26-0305,305,Cuddalore,Chidambaram,Thunisiramedu,2026-01-21,2026-05-02,Closed,11.378201,79.647175,KMS 2025-26 as on 12-07-2026,Tamil Nadu Civil Supplies Corporation
TNCSC-KMS2025-26-0306,306,Cuddalore,Chidambaram,Vadaharirajapuram,2026-01-31,2026-04-17,Closed,11.431134,79.636260,KMS 2025-26 as on 12-07-2026,Tamil Nadu Civil Supplies Corporation
TNCSC-KMS2025-26-0307,307,Cuddalore,Chidambaram,Vadapakkam,2025-09-03,2026-05-19,Closed,11.575177,79.598036,KMS 2025-26 as on 12-07-2026,Tamil Nadu Civil Supplies Corporation
TNCSC-KMS2025-26-0308,308,Cuddalore,Chidambaram,Vaiyur,2025-09-03,2026-03-18,Closed,11.346046,79.671114,KMS 2025-26 as on 12-07-2026,Tamil Nadu Civil Supplies Corporation
TNCSC-KMS2025-26-0309,309,Cuddalore,Chidambaram,Vakkur,2025-09-03,2026-06-03,Closed,11.396872,79.578780,KMS 2025-26 as on 12-07-2026,Tamil Nadu Civil Supplies Corporation
TNCSC-KMS2025-26-0310,310,Cuddalore,Chidambaram,Varagoorpettai,2026-02-06,2026-05-11,Closed,11.376575,79.732250,KMS 2025-26 as on 12-07-2026,Tamil Nadu Civil Supplies Corporation
TNCSC-KMS2025-26-0311,311,Cuddalore,Chidambaram,Vazhakollai,2025-09-03,2026-04-16,Closed,11.394203,79.535372,KMS 2025-26 as on 12-07-2026,Tamil Nadu Civil Supplies Corporation
TNCSC-KMS2025-26-0312,312,Cuddalore,Chidambaram,Velliyagudi,2025-09-04,2026-04-22,Closed,11.407973,79.554440,KMS 2025-26 as on 12-07-2026,Tamil Nadu Civil Supplies Corporation
TNCSC-KMS2025-26-0313,313,Cuddalore,Chidambaram,Vilakam,2025-09-02,2026-04-13,Closed,11.377699,79.580887,KMS 2025-26 as on 12-07-2026,Tamil Nadu Civil Supplies Corporation
TNCSC-KMS2025-26-0314,314,Cuddalore,Cuddalore,Alappakkam,2025-09-15,2026-06-01,Closed,11.608668,79.722633,KMS 2025-26 as on 12-07-2026,Tamil Nadu Civil Supplies Corporation
TNCSC-KMS2025-26-0315,315,Cuddalore,Cuddalore,Andarmullippallam,2025-10-03,2026-06-07,Closed,11.575334,79.723956,KMS 2025-26 as on 12-07-2026,Tamil Nadu Civil Supplies Corporation
TNCSC-KMS2025-26-0316,316,Cuddalore,Cuddalore,Azhakianatham,2026-01-08,,Open,11.417538,79.253710,KMS 2025-26 as on 12-07-2026,Tamil Nadu Civil Supplies Corporation
TNCSC-KMS2025-26-0317,317,Cuddalore,Cuddalore,C.N.Palayam,2025-09-03,2026-04-17,Closed,11.722593,79.619193,KMS 2025-26 as on 12-07-2026,Tamil Nadu Civil Supplies Corporation
TNCSC-KMS2025-26-0318,318,Cuddalore,Cuddalore,Chinnakanganagkuppam,2025-10-08,2025-10-28,Closed,11.786858,79.766850,KMS 2025-26 as on 12-07-2026,Tamil Nadu Civil Supplies Corporation
TNCSC-KMS2025-26-0319,319,Cuddalore,Cuddalore,Erandayaramvilagam,2026-01-20,,Open,11.795975,79.711673,KMS 2025-26 as on 12-07-2026,Tamil Nadu Civil Supplies Corporation
TNCSC-KMS2025-26-0320,320,Cuddalore,Cuddalore,Gothandaramaapuram,2025-09-17,,Open,11.619705,79.747603,KMS 2025-26 as on 12-07-2026,Tamil Nadu Civil Supplies Corporation
TNCSC-KMS2025-26-0321,321,Cuddalore,Cuddalore,Kalaiyur,2025-09-16,,Open,11.819161,79.708431,KMS 2025-26 as on 12-07-2026,Tamil Nadu Civil Supplies Corporation
TNCSC-KMS2025-26-0322,322,Cuddalore,Cuddalore,Kampalimedu,2025-09-15,2026-07-11,Closed,11.313412,79.642666,KMS 2025-26 as on 12-07-2026,Tamil Nadu Civil Supplies Corporation
TNCSC-KMS2025-26-0323,323,Cuddalore,Cuddalore,Karanapatu,2026-01-09,,Open,11.850925,79.722618,KMS 2025-26 as on 12-07-2026,Tamil Nadu Civil Supplies Corporation
TNCSC-KMS2025-26-0324,324,Cuddalore,Cuddalore,Kayalpattu,2025-09-24,2026-06-24,Closed,11.589272,79.726696,KMS 2025-26 as on 12-07-2026,Tamil Nadu Civil Supplies Corporation
TNCSC-KMS2025-26-0325,325,Cuddalore,Cuddalore,Kunamangalam,2026-01-09,,Open,11.758768,79.691767,KMS 2025-26 as on 12-07-2026,Tamil Nadu Civil Supplies Corporation
TNCSC-KMS2025-26-0326,326,Cuddalore,Cuddalore,Naduveerapattu,2025-09-02,2026-04-17,Closed,11.323665,79.664968,KMS 2025-26 as on 12-07-2026,Tamil Nadu Civil Supplies Corporation
TNCSC-KMS2025-26-0327,327,Cuddalore,Cuddalore,Nallathur,2026-01-30,,Open,12.506089,80.089704,KMS 2025-26 as on 12-07-2026,Tamil Nadu Civil Supplies Corporation
TNCSC-KMS2025-26-0328,328,Cuddalore,Cuddalore,Nathapattu,2026-01-23,,Open,11.777704,79.725833,KMS 2025-26 as on 12-07-2026,Tamil Nadu Civil Supplies Corporation
TNCSC-KMS2025-26-0329,329,Cuddalore,Cuddalore,Patteeswaran,2025-09-03,2026-03-27,Closed,11.529136,79.328276,KMS 2025-26 as on 12-07-2026,Tamil Nadu Civil Supplies Corporation
TNCSC-KMS2025-26-0330,330,Cuddalore,Cuddalore,Pethankuppam,2025-09-24,2026-06-27,Closed,11.600410,79.729948,KMS 2025-26 as on 12-07-2026,Tamil Nadu Civil Supplies Corporation
TNCSC-KMS2025-26-0331,331,Cuddalore,Cuddalore,Pillali,2025-09-04,,Open,11.748745,79.690375,KMS 2025-26 as on 12-07-2026,Tamil Nadu Civil Supplies Corporation
TNCSC-KMS2025-26-0332,332,Cuddalore,Cuddalore,Pillali Thotti,2026-01-12,,Open,11.752223,79.695339,KMS 2025-26 as on 12-07-2026,Tamil Nadu Civil Supplies Corporation
TNCSC-KMS2025-26-0333,333,Cuddalore,Cuddalore,Poondiyankuppam,2025-09-05,2026-05-30,Closed,11.624095,79.725636,KMS 2025-26 as on 12-07-2026,Tamil Nadu Civil Supplies Corporation
TNCSC-KMS2025-26-0334,334,Cuddalore,Cuddalore,Pudhukkadai,2026-06-16,,Open,11.872896,79.761524,KMS 2025-26 as on 12-07-2026,Tamil Nadu Civil Supplies Corporation
TNCSC-KMS2025-26-0335,335,Cuddalore,Cuddalore,Sembankuppam,2026-03-11,2026-06-30,Closed,11.652300,79.738270,KMS 2025-26 as on 12-07-2026,Tamil Nadu Civil Supplies Corporation
TNCSC-KMS2025-26-0336,336,Cuddalore,Cuddalore,Thiyagavalli,2025-09-27,2026-05-22,Closed,11.622350,79.742272,KMS 2025-26 as on 12-07-2026,Tamil Nadu Civil Supplies Corporation
TNCSC-KMS2025-26-0337,337,Cuddalore,Cuddalore,Thookkanampakkam,2025-09-22,,Open,11.849392,79.697102,KMS 2025-26 as on 12-07-2026,Tamil Nadu Civil Supplies Corporation
TNCSC-KMS2025-26-0338,338,Cuddalore,Cuddalore,Ullaripattu,2026-02-20,,Open,11.821390,79.723089,KMS 2025-26 as on 12-07-2026,Tamil Nadu Civil Supplies Corporation
TNCSC-KMS2025-26-0339,339,Cuddalore,Cuddalore,Vanamadevi North,2025-09-02,2026-04-25,Closed,11.716630,79.672015,KMS 2025-26 as on 12-07-2026,Tamil Nadu Civil Supplies Corporation
TNCSC-KMS2025-26-0340,340,Cuddalore,Cuddalore,Vandarasankuppam,2025-09-03,2026-05-26,Closed,11.727743,79.635071,KMS 2025-26 as on 12-07-2026,Tamil Nadu Civil Supplies Corporation
TNCSC-KMS2025-26-0341,341,Cuddalore,Cuddalore,Vilangalpattu,2026-01-21,2026-05-13,Closed,11.735028,79.657998,KMS 2025-26 as on 12-07-2026,Tamil Nadu Civil Supplies Corporation
TNCSC-KMS2025-26-0342,342,Cuddalore,Kattumannarkoil,Alambadi,2025-09-06,2026-04-11,Closed,11.323496,79.665280,KMS 2025-26 as on 12-07-2026,Tamil Nadu Civil Supplies Corporation
TNCSC-KMS2025-26-0343,343,Cuddalore,Kattumannarkoil,Andipalayam,2025-09-03,2026-04-16,Closed,11.340793,79.494661,KMS 2025-26 as on 12-07-2026,Tamil Nadu Civil Supplies Corporation
TNCSC-KMS2025-26-0344,344,Cuddalore,Kattumannarkoil,Athippattu,2025-09-04,2026-04-16,Closed,11.336336,79.669616,KMS 2025-26 as on 12-07-2026,Tamil Nadu Civil Supplies Corporation
TNCSC-KMS2025-26-0345,345,Cuddalore,Kattumannarkoil,Ayangudi,2026-01-14,2026-03-14,Closed,11.216520,79.525575,KMS 2025-26 as on 12-07-2026,Tamil Nadu Civil Supplies Corporation
TNCSC-KMS2025-26-0346,346,Cuddalore,Kattumannarkoil,Chettithangal,2026-01-19,2026-03-09,Closed,11.244513,79.535720,KMS 2025-26 as on 12-07-2026,Tamil Nadu Civil Supplies Corporation
TNCSC-KMS2025-26-0347,347,Cuddalore,Kattumannarkoil,Edaiyar,2026-01-05,2026-02-22,Closed,11.265557,79.595026,KMS 2025-26 as on 12-07-2026,Tamil Nadu Civil Supplies Corporation
TNCSC-KMS2025-26-0348,348,Cuddalore,Kattumannarkoil,Elleri (East),2026-01-13,2026-03-04,Closed,11.304167,79.565598,KMS 2025-26 as on 12-07-2026,Tamil Nadu Civil Supplies Corporation
TNCSC-KMS2025-26-0349,349,Cuddalore,Kattumannarkoil,Eyyalore,2025-09-03,2026-03-11,Closed,11.192458,79.518050,KMS 2025-26 as on 12-07-2026,Tamil Nadu Civil Supplies Corporation
TNCSC-KMS2025-26-0350,350,Cuddalore,Kattumannarkoil,Gunavasal,2025-09-08,2026-03-10,Closed,11.210231,79.547840,KMS 2025-26 as on 12-07-2026,Tamil Nadu Civil Supplies Corporation
TNCSC-KMS2025-26-0351,351,Cuddalore,Kattumannarkoil,Kandamangalam,2025-09-04,2026-03-09,Closed,11.252684,79.527500,KMS 2025-26 as on 12-07-2026,Tamil Nadu Civil Supplies Corporation
TNCSC-KMS2025-26-0352,352,Cuddalore,Kattumannarkoil,Karuppur,2025-09-04,2026-04-15,Closed,11.319225,79.677820,KMS 2025-26 as on 12-07-2026,Tamil Nadu Civil Supplies Corporation
TNCSC-KMS2025-26-0353,353,Cuddalore,Kattumannarkoil,Kattumannarkoil Town,2025-09-02,2026-03-20,Closed,11.267669,79.561332,KMS 2025-26 as on 12-07-2026,Tamil Nadu Civil Supplies Corporation
TNCSC-KMS2025-26-0354,354,Cuddalore,Kattumannarkoil,Keelakadambur,2026-01-13,2026-03-14,Closed,11.496965,79.313323,KMS 2025-26 as on 12-07-2026,Tamil Nadu Civil Supplies Corporation
TNCSC-KMS2025-26-0355,355,Cuddalore,Kattumannarkoil,Kondasamuthiram,2025-09-03,2026-04-11,Closed,11.396825,79.766700,KMS 2025-26 as on 12-07-2026,Tamil Nadu Civil Supplies Corporation
TNCSC-KMS2025-26-0356,356,Cuddalore,Kattumannarkoil,Kuchur,2026-01-09,2026-03-14,Closed,11.223661,79.550535,KMS 2025-26 as on 12-07-2026,Tamil Nadu Civil Supplies Corporation
TNCSC-KMS2025-26-0357,357,Cuddalore,Kattumannarkoil,Ma.Puliyangudi,2026-01-23,2026-03-23,Closed,11.248674,79.601251,KMS 2025-26 as on 12-07-2026,Tamil Nadu Civil Supplies Corporation
TNCSC-KMS2025-26-0358,358,Cuddalore,Kattumannarkoil,Melakadambur,2026-01-19,2026-03-10,Closed,11.467592,79.525997,KMS 2025-26 as on 12-07-2026,Tamil Nadu Civil Supplies Corporation
TNCSC-KMS2025-26-0359,359,Cuddalore,Kattumannarkoil,Movur(North),2025-09-03,2026-03-22,Closed,11.230282,79.559912,KMS 2025-26 as on 12-07-2026,Tamil Nadu Civil Supplies Corporation
TNCSC-KMS2025-26-0360,360,Cuddalore,Kattumannarkoil,Mullangudi,2025-09-15,2026-04-20,Closed,11.312035,79.651105,KMS 2025-26 as on 12-07-2026,Tamil Nadu Civil Supplies Corporation
TNCSC-KMS2025-26-0361,361,Cuddalore,Kattumannarkoil,Muttam,2025-09-02,2026-02-13,Closed,11.221118,79.577698,KMS 2025-26 as on 12-07-2026,Tamil Nadu Civil Supplies Corporation
TNCSC-KMS2025-26-0362,362,Cuddalore,Kattumannarkoil,Nalamputhur,2025-09-05,2026-04-25,Closed,11.317710,79.666271,KMS 2025-26 as on 12-07-2026,Tamil Nadu Civil Supplies Corporation
TNCSC-KMS2025-26-0363,363,Cuddalore,Kattumannarkoil,Omampuliyur,2026-01-19,2026-03-13,Closed,11.470640,79.381480,KMS 2025-26 as on 12-07-2026,Tamil Nadu Civil Supplies Corporation
TNCSC-KMS2025-26-0364,364,Cuddalore,Kattumannarkoil,Pillaiyarthangal,2025-09-02,2026-02-21,Closed,11.270489,79.598072,KMS 2025-26 as on 12-07-2026,Tamil Nadu Civil Supplies Corporation
TNCSC-KMS2025-26-0365,365,Cuddalore,Kattumannarkoil,Poorthangudi,2025-09-08,2026-04-28,Closed,11.357225,79.559443,KMS 2025-26 as on 12-07-2026,Tamil Nadu Civil Supplies Corporation
TNCSC-KMS2025-26-0366,366,Cuddalore,Kattumannarkoil,Rajendrachozhagan,2026-01-27,2026-04-08,Closed,11.261167,79.554421,KMS 2025-26 as on 12-07-2026,Tamil Nadu Civil Supplies Corporation
TNCSC-KMS2025-26-0367,367,Cuddalore,Kattumannarkoil,Reddiyur,2026-01-20,2026-03-17,Closed,11.204586,79.521578,KMS 2025-26 as on 12-07-2026,Tamil Nadu Civil Supplies Corporation
TNCSC-KMS2025-26-0368,368,Cuddalore,Kattumannarkoil,Sirukattur,2026-01-20,2026-04-10,Closed,11.187972,79.504308,KMS 2025-26 as on 12-07-2026,Tamil Nadu Civil Supplies Corporation
TNCSC-KMS2025-26-0369,369,Cuddalore,Kattumannarkoil,Thillainayagapuram,2026-01-20,2026-03-30,Closed,11.248839,79.601634,KMS 2025-26 as on 12-07-2026,Tamil Nadu Civil Supplies Corporation
TNCSC-KMS2025-26-0370,370,Cuddalore,Kattumannarkoil,Thirunaraiyur,2026-01-14,2026-03-24,Closed,11.297431,79.598094,KMS 2025-26 as on 12-07-2026,Tamil Nadu Civil Supplies Corporation
TNCSC-KMS2025-26-0371,371,Cuddalore,Kattumannarkoil,Vadakkumangudi,2025-09-09,2026-03-27,Closed,11.339580,79.699183,KMS 2025-26 as on 12-07-2026,Tamil Nadu Civil Supplies Corporation
TNCSC-KMS2025-26-0372,372,Cuddalore,Kattumannarkoil,Vanamadevi,2026-01-23,2026-04-07,Closed,11.341339,79.503884,KMS 2025-26 as on 12-07-2026,Tamil Nadu Civil Supplies Corporation
TNCSC-KMS2025-26-0373,373,Cuddalore,Kattumannarkoil,Vanathirayanpettai,2026-01-20,2026-03-26,Closed,11.305635,79.613043,KMS 2025-26 as on 12-07-2026,Tamil Nadu Civil Supplies Corporation
TNCSC-KMS2025-26-0374,374,Cuddalore,Kattumannarkoil,Veerananallur,2026-01-23,2026-03-18,Closed,11.273871,79.537732,KMS 2025-26 as on 12-07-2026,Tamil Nadu Civil Supplies Corporation
TNCSC-KMS2025-26-0375,375,Cuddalore,Kattumannarkoil,Vennaiyur,2026-01-24,2026-04-09,Closed,11.288572,79.619355,KMS 2025-26 as on 12-07-2026,Tamil Nadu Civil Supplies Corporation
TNCSC-KMS2025-26-0376,376,Cuddalore,Kattumannarkoil,Vetchiyur,2026-01-28,2026-03-26,Closed,11.276358,79.623148,KMS 2025-26 as on 12-07-2026,Tamil Nadu Civil Supplies Corporation
TNCSC-KMS2025-26-0377,377,Cuddalore,Kurinjipadi,Aadur Agaram,2025-09-03,2026-04-09,Closed,11.533875,79.626668,KMS 2025-26 as on 12-07-2026,Tamil Nadu Civil Supplies Corporation
TNCSC-KMS2025-26-0378,378,Cuddalore,Kurinjipadi,Aanaiyampettai,2025-09-15,2026-05-30,Closed,11.470640,79.381480,KMS 2025-26 as on 12-07-2026,Tamil Nadu Civil Supplies Corporation
TNCSC-KMS2025-26-0379,379,Cuddalore,Kurinjipadi,Aayathurai,2025-09-16,2026-06-06,Closed,11.579312,79.676730,KMS 2025-26 as on 12-07-2026,Tamil Nadu Civil Supplies Corporation
TNCSC-KMS2025-26-0380,380,Cuddalore,Kurinjipadi,Adinarayanapuram West,2025-09-17,2026-06-10,Closed,11.579502,79.693297,KMS 2025-26 as on 12-07-2026,Tamil Nadu Civil Supplies Corporation
TNCSC-KMS2025-26-0381,381,Cuddalore,Kurinjipadi,Arangamangalam,2026-07-10,,Open,11.524076,79.576217,KMS 2025-26 as on 12-07-2026,Tamil Nadu Civil Supplies Corporation
TNCSC-KMS2025-26-0382,382,Cuddalore,Kurinjipadi,Ayan Karuveppampadi,2025-09-26,2026-06-06,Closed,11.549703,79.672136,KMS 2025-26 as on 12-07-2026,Tamil Nadu Civil Supplies Corporation
TNCSC-KMS2025-26-0383,383,Cuddalore,Kurinjipadi,Ayanthur,2025-09-15,2026-06-09,Closed,11.531868,79.653504,KMS 2025-26 as on 12-07-2026,Tamil Nadu Civil Supplies Corporation
TNCSC-KMS2025-26-0384,384,Cuddalore,Kurinjipadi,Chinthamanikuppam,2025-09-16,2026-05-14,Closed,11.604050,79.711013,KMS 2025-26 as on 12-07-2026,Tamil Nadu Civil Supplies Corporation
TNCSC-KMS2025-26-0385,385,Cuddalore,Kurinjipadi,K Kallayankuppam,2025-09-23,2026-06-11,Closed,11.538291,79.665593,KMS 2025-26 as on 12-07-2026,Tamil Nadu Civil Supplies Corporation
TNCSC-KMS2025-26-0386,386,Cuddalore,Kurinjipadi,Kalkunam,2026-06-19,,Open,11.520407,79.599229,KMS 2025-26 as on 12-07-2026,Tamil Nadu Civil Supplies Corporation
TNCSC-KMS2025-26-0387,387,Cuddalore,Kurinjipadi,Kannady,2025-09-09,2026-04-25,Closed,11.538205,79.123063,KMS 2025-26 as on 12-07-2026,Tamil Nadu Civil Supplies Corporation
TNCSC-KMS2025-26-0388,388,Cuddalore,Kurinjipadi,Karunkuzhi,2025-09-02,2026-04-11,Closed,11.519286,79.545944,KMS 2025-26 as on 12-07-2026,Tamil Nadu Civil Supplies Corporation
TNCSC-KMS2025-26-0389,389,Cuddalore,Kurinjipadi,Kolakudi,2025-09-03,2026-05-06,Closed,11.504075,79.528172,KMS 2025-26 as on 12-07-2026,Tamil Nadu Civil Supplies Corporation
TNCSC-KMS2025-26-0390,390,Cuddalore,Kurinjipadi,Kothavachery,2025-09-04,2026-04-15,Closed,11.522769,79.638744,KMS 2025-26 as on 12-07-2026,Tamil Nadu Civil Supplies Corporation
TNCSC-KMS2025-26-0391,391,Cuddalore,Kurinjipadi,Kundiamallur South,2025-09-22,2026-06-13,Closed,11.527155,79.659283,KMS 2025-26 as on 12-07-2026,Tamil Nadu Civil Supplies Corporation
TNCSC-KMS2025-26-0392,392,Cuddalore,Kurinjipadi,Maruvai,2026-01-08,,Open,11.517406,79.561715,KMS 2025-26 as on 12-07-2026,Tamil Nadu Civil Supplies Corporation
TNCSC-KMS2025-26-0393,393,Cuddalore,Kurinjipadi,Mettupalayam,2025-09-15,2026-06-11,Closed,11.566755,79.711758,KMS 2025-26 as on 12-07-2026,Tamil Nadu Civil Supplies Corporation
TNCSC-KMS2025-26-0394,394,Cuddalore,Kurinjipadi,Palli Odai,2025-09-04,2026-07-07,Closed,11.624325,79.707458,KMS 2025-26 as on 12-07-2026,Tamil Nadu Civil Supplies Corporation
TNCSC-KMS2025-26-0395,395,Cuddalore,Kurinjipadi,Puvanikuppam South,2025-09-17,2026-05-31,Closed,11.580048,79.714221,KMS 2025-26 as on 12-07-2026,Tamil Nadu Civil Supplies Corporation
TNCSC-KMS2025-26-0396,396,Cuddalore,Kurinjipadi,Puvanikuppam Erikkarai,2025-09-19,2026-06-10,Closed,11.597171,79.690332,KMS 2025-26 as on 12-07-2026,Tamil Nadu Civil Supplies Corporation
TNCSC-KMS2025-26-0397,397,Cuddalore,Kurinjipadi,Puvanikuppam Madam,2025-09-22,2026-06-15,Closed,11.585346,79.702298,KMS 2025-26 as on 12-07-2026,Tamil Nadu Civil Supplies Corporation
TNCSC-KMS2025-26-0398,398,Cuddalore,Kurinjipadi,Reddipalayam,2025-09-09,2026-04-25,Closed,11.381474,79.585667,KMS 2025-26 as on 12-07-2026,Tamil Nadu Civil Supplies Corporation
TNCSC-KMS2025-26-0399,399,Cuddalore,Kurinjipadi,Sambareddipalayam,2025-09-22,2026-06-12,Closed,11.456011,79.337591,KMS 2025-26 as on 12-07-2026,Tamil Nadu Civil Supplies Corporation
TNCSC-KMS2025-26-0400,400,Cuddalore,Kurinjipadi,Sirupalaiyur North,2025-09-25,2026-05-29,Closed,11.396825,79.706060,KMS 2025-26 as on 12-07-2026,Tamil Nadu Civil Supplies Corporation
TNCSC-KMS2025-26-0401,401,Cuddalore,Kurinjipadi,Sirupalaiyur South,2025-09-29,2026-06-03,Closed,11.552451,79.686512,KMS 2025-26 as on 12-07-2026,Tamil Nadu Civil Supplies Corporation
TNCSC-KMS2025-26-0402,402,Cuddalore,Kurinjipadi,T Kallayankuppam,2025-09-22,2026-06-06,Closed,11.667526,79.482001,KMS 2025-26 as on 12-07-2026,Tamil Nadu Civil Supplies Corporation
TNCSC-KMS2025-26-0403,403,Cuddalore,Kurinjipadi,T Karuveppampadi,2025-09-24,2026-06-04,Closed,11.555717,79.672678,KMS 2025-26 as on 12-07-2026,Tamil Nadu Civil Supplies Corporation
TNCSC-KMS2025-26-0404,404,Cuddalore,Kurinjipadi,Thanur,2025-09-16,2026-06-16,Closed,11.575462,79.697318,KMS 2025-26 as on 12-07-2026,Tamil Nadu Civil Supplies Corporation
TNCSC-KMS2025-26-0405,405,Cuddalore,Kurinjipadi,Theerthanagiri,2025-09-17,2026-06-19,Closed,11.571073,79.679032,KMS 2025-26 as on 12-07-2026,Tamil Nadu Civil Supplies Corporation
TNCSC-KMS2025-26-0406,406,Cuddalore,Kurinjipadi,Theerthanagiri Sivan Koil,2025-09-15,2026-06-15,Closed,11.569473,79.677785,KMS 2025-26 as on 12-07-2026,Tamil Nadu Civil Supplies Corporation
TNCSC-KMS2025-26-0407,407,Cuddalore,Kurinjipadi,Therkku Puvanikuppam,2026-04-27,2026-05-14,Closed,11.576337,79.706505,KMS 2025-26 as on 12-07-2026,Tamil Nadu Civil Supplies Corporation
TNCSC-KMS2025-26-0408,408,Cuddalore,Panruti,Aviyanur,2026-06-29,,Open,11.852563,79.475331,KMS 2025-26 as on 12-07-2026,Tamil Nadu Civil Supplies Corporation
TNCSC-KMS2025-26-0409,409,Cuddalore,Panruti,Enathirimangalam,2026-01-21,,Open,11.857500,79.497746,KMS 2025-26 as on 12-07-2026,Tamil Nadu Civil Supplies Corporation
TNCSC-KMS2025-26-0410,410,Cuddalore,Panruti,Keezharungunam,2026-01-21,,Open,11.748521,79.662998,KMS 2025-26 as on 12-07-2026,Tamil Nadu Civil Supplies Corporation
TNCSC-KMS2025-26-0411,411,Cuddalore,Panruti,Melkavanur,2026-07-06,,Open,11.866757,79.475950,KMS 2025-26 as on 12-07-2026,Tamil Nadu Civil Supplies Corporation
TNCSC-KMS2025-26-0412,412,Cuddalore,Panruti,Melkumaramangalam,2025-09-26,,Open,11.836671,79.584421,KMS 2025-26 as on 12-07-2026,Tamil Nadu Civil Supplies Corporation
TNCSC-KMS2025-26-0413,413,Cuddalore,Panruti,Melpattampakkam,2026-06-15,,Open,11.468761,79.339561,KMS 2025-26 as on 12-07-2026,Tamil Nadu Civil Supplies Corporation
TNCSC-KMS2025-26-0414,414,Cuddalore,Panruti,Natham,2026-01-23,2026-05-02,Closed,11.797382,79.480056,KMS 2025-26 as on 12-07-2026,Tamil Nadu Civil Supplies Corporation
TNCSC-KMS2025-26-0415,415,Cuddalore,Panruti,Nellikuppam,2025-09-04,,Open,11.779701,79.658818,KMS 2025-26 as on 12-07-2026,Tamil Nadu Civil Supplies Corporation
TNCSC-KMS2025-26-0416,416,Cuddalore,Panruti,Paithambadi,2025-11-03,,Open,11.863132,79.465336,KMS 2025-26 as on 12-07-2026,Tamil Nadu Civil Supplies Corporation
TNCSC-KMS2025-26-0417,417,Cuddalore,Panruti,Semakottai,2025-09-03,2026-05-07,Closed,11.749150,79.753521,KMS 2025-26 as on 12-07-2026,Tamil Nadu Civil Supplies Corporation
TNCSC-KMS2025-26-0418,418,Cuddalore,Panruti,Siruvathur,2026-02-12,2026-05-13,Closed,11.635367,78.953022,KMS 2025-26 as on 12-07-2026,Tamil Nadu Civil Supplies Corporation
TNCSC-KMS2025-26-0419,419,Cuddalore,Panruti,Thazhampattu,2025-09-03,2026-06-03,Closed,11.733795,79.516278,KMS 2025-26 as on 12-07-2026,Tamil Nadu Civil Supplies Corporation
TNCSC-KMS2025-26-0420,420,Cuddalore,Panruti,Thirukandesvaram,2026-01-17,,Open,11.786349,79.642523,KMS 2025-26 as on 12-07-2026,Tamil Nadu Civil Supplies Corporation
TNCSC-KMS2025-26-0421,421,Cuddalore,Panruti,Ulundampattu,2025-09-03,2026-05-29,Closed,11.664649,79.550688,KMS 2025-26 as on 12-07-2026,Tamil Nadu Civil Supplies Corporation
TNCSC-KMS2025-26-0422,422,Cuddalore,Panruti,Vaidapakkam,2026-02-07,,Open,11.769110,79.661550,KMS 2025-26 as on 12-07-2026,Tamil Nadu Civil Supplies Corporation
TNCSC-KMS2025-26-0423,423,Cuddalore,Panruti,Veerapperumanallur,2026-01-21,,Open,11.313412,79.642666,KMS 2025-26 as on 12-07-2026,Tamil Nadu Civil Supplies Corporation
TNCSC-KMS2025-26-0424,424,Cuddalore,Panruti,Visur,2025-09-03,2026-05-17,Closed,11.719003,79.451813,KMS 2025-26 as on 12-07-2026,Tamil Nadu Civil Supplies Corporation
TNCSC-KMS2025-26-0425,425,Cuddalore,Srimushnam,Ambujavallipettai,2025-09-03,2026-03-03,Closed,11.417500,79.439601,KMS 2025-26 as on 12-07-2026,Tamil Nadu Civil Supplies Corporation
TNCSC-KMS2025-26-0426,426,Cuddalore,Srimushnam,Ananthakudi,2025-09-05,2026-03-13,Closed,11.464806,79.321133,KMS 2025-26 as on 12-07-2026,Tamil Nadu Civil Supplies Corporation
TNCSC-KMS2025-26-0427,427,Cuddalore,Srimushnam,C Keeranur,2025-09-04,2026-03-23,Closed,11.457509,79.374088,KMS 2025-26 as on 12-07-2026,Tamil Nadu Civil Supplies Corporation
TNCSC-KMS2025-26-0428,428,Cuddalore,Srimushnam,Devankudi,2025-09-05,2026-03-26,Closed,11.461590,79.435332,KMS 2025-26 as on 12-07-2026,Tamil Nadu Civil Supplies Corporation
TNCSC-KMS2025-26-0429,429,Cuddalore,Srimushnam,Esanur,2025-09-04,2026-03-27,Closed,11.447356,79.363234,KMS 2025-26 as on 12-07-2026,Tamil Nadu Civil Supplies Corporation
TNCSC-KMS2025-26-0430,430,Cuddalore,Srimushnam,Gunamangalam,2025-09-04,2026-03-11,Closed,11.422474,79.385465,KMS 2025-26 as on 12-07-2026,Tamil Nadu Civil Supplies Corporation
TNCSC-KMS2025-26-0431,431,Cuddalore,Srimushnam,K Thozhur,2025-09-04,2026-03-16,Closed,11.635331,79.548896,KMS 2025-26 as on 12-07-2026,Tamil Nadu Civil Supplies Corporation
TNCSC-KMS2025-26-0432,432,Cuddalore,Srimushnam,Kallipadi,2025-09-05,2026-03-17,Closed,11.428023,79.405871,KMS 2025-26 as on 12-07-2026,Tamil Nadu Civil Supplies Corporation
TNCSC-KMS2025-26-0433,433,Cuddalore,Srimushnam,Kanoor,2025-09-03,2026-04-25,Closed,11.456011,79.337591,KMS 2025-26 as on 12-07-2026,Tamil Nadu Civil Supplies Corporation
TNCSC-KMS2025-26-0434,434,Cuddalore,Srimushnam,Karmankudi,2025-09-04,2026-03-09,Closed,11.459390,79.342900,KMS 2025-26 as on 12-07-2026,Tamil Nadu Civil Supplies Corporation
TNCSC-KMS2025-26-0435,435,Cuddalore,Srimushnam,Kavalakudi,2025-09-04,2026-05-20,Closed,11.415750,79.485151,KMS 2025-26 as on 12-07-2026,Tamil Nadu Civil Supplies Corporation
TNCSC-KMS2025-26-0436,436,Cuddalore,Srimushnam,Kavanur,2025-09-04,2026-03-13,Closed,12.401837,79.877227,KMS 2025-26 as on 12-07-2026,Tamil Nadu Civil Supplies Corporation
TNCSC-KMS2025-26-0437,437,Cuddalore,Srimushnam,Keelpuliyangudi,2026-02-05,2026-03-27,Closed,11.419423,79.398476,KMS 2025-26 as on 12-07-2026,Tamil Nadu Civil Supplies Corporation
TNCSC-KMS2025-26-0438,438,Cuddalore,Srimushnam,Keezhapalaiyur,2025-09-04,2026-03-07,Closed,11.719830,79.445593,KMS 2025-26 as on 12-07-2026,Tamil Nadu Civil Supplies Corporation
TNCSC-KMS2025-26-0439,439,Cuddalore,Srimushnam,Ko Atthur,2025-09-05,2026-03-23,Closed,11.470640,79.381480,KMS 2025-26 as on 12-07-2026,Tamil Nadu Civil Supplies Corporation
TNCSC-KMS2025-26-0440,440,Cuddalore,Srimushnam,Kodumbanur,2025-09-05,2026-04-17,Closed,11.451591,79.408212,KMS 2025-26 as on 12-07-2026,Tamil Nadu Civil Supplies Corporation
TNCSC-KMS2025-26-0441,441,Cuddalore,Srimushnam,Kozhai,2025-09-04,2026-04-18,Closed,11.396367,79.705849,KMS 2025-26 as on 12-07-2026,Tamil Nadu Civil Supplies Corporation
TNCSC-KMS2025-26-0442,442,Cuddalore,Srimushnam,Kudalaiyathur,2025-09-04,2026-04-04,Closed,11.417693,79.470672,KMS 2025-26 as on 12-07-2026,Tamil Nadu Civil Supplies Corporation
TNCSC-KMS2025-26-0443,443,Cuddalore,Srimushnam,M P Agraharam,2025-09-08,2025-09-21,Closed,11.414053,79.384726,KMS 2025-26 as on 12-07-2026,Tamil Nadu Civil Supplies Corporation
TNCSC-KMS2025-26-0444,444,Cuddalore,Srimushnam,Marungur,2025-09-03,2026-03-14,Closed,11.458108,79.402636,KMS 2025-26 as on 12-07-2026,Tamil Nadu Civil Supplies Corporation
TNCSC-KMS2025-26-0445,445,Cuddalore,Srimushnam,Mathagalirmanikam,2026-01-19,2026-03-25,Closed,11.443629,79.373331,KMS 2025-26 as on 12-07-2026,Tamil Nadu Civil Supplies Corporation
TNCSC-KMS2025-26-0446,446,Cuddalore,Srimushnam,Mazhavarayanallur,2025-09-03,2026-03-13,Closed,11.761225,79.752910,KMS 2025-26 as on 12-07-2026,Tamil Nadu Civil Supplies Corporation
TNCSC-KMS2025-26-0447,447,Cuddalore,Srimushnam,Melapalaiyur,2025-09-04,2026-03-13,Closed,11.469964,79.381475,KMS 2025-26 as on 12-07-2026,Tamil Nadu Civil Supplies Corporation
TNCSC-KMS2025-26-0448,448,Cuddalore,Srimushnam,Melpuliyengudi,2025-09-04,2026-03-14,Closed,11.415069,79.394224,KMS 2025-26 as on 12-07-2026,Tamil Nadu Civil Supplies Corporation
TNCSC-KMS2025-26-0449,449,Cuddalore,Srimushnam,Nachiyarpettai,2025-09-03,2026-03-28,Closed,11.383355,79.442540,KMS 2025-26 as on 12-07-2026,Tamil Nadu Civil Supplies Corporation
TNCSC-KMS2025-26-0450,450,Cuddalore,Srimushnam,Nagarapadi,2025-09-03,2026-03-27,Closed,11.404669,79.423801,KMS 2025-26 as on 12-07-2026,Tamil Nadu Civil Supplies Corporation
TNCSC-KMS2025-26-0451,451,Cuddalore,Srimushnam,Nangudi,2025-09-03,2026-03-09,Closed,11.404685,79.507631,KMS 2025-26 as on 12-07-2026,Tamil Nadu Civil Supplies Corporation
TNCSC-KMS2025-26-0452,452,Cuddalore,Srimushnam,Nantheeswaramangalam,2025-09-03,2026-04-08,Closed,11.393933,79.583973,KMS 2025-26 as on 12-07-2026,Tamil Nadu Civil Supplies Corporation
TNCSC-KMS2025-26-0453,453,Cuddalore,Srimushnam,Palayankottai,2025-09-03,2026-03-23,Closed,11.398257,79.473008,KMS 2025-26 as on 12-07-2026,Tamil Nadu Civil Supplies Corporation
TNCSC-KMS2025-26-0454,454,Cuddalore,Srimushnam,Palayankottai Kezhpathi,2025-09-03,2026-04-16,Closed,11.361088,79.472340,KMS 2025-26 as on 12-07-2026,Tamil Nadu Civil Supplies Corporation
TNCSC-KMS2025-26-0455,455,Cuddalore,Srimushnam,Perur,2025-09-04,2026-04-21,Closed,11.396825,79.706060,KMS 2025-26 as on 12-07-2026,Tamil Nadu Civil Supplies Corporation
TNCSC-KMS2025-26-0456,456,Cuddalore,Srimushnam,Poondi,2025-09-10,2026-03-06,Closed,11.434179,79.395852,KMS 2025-26 as on 12-07-2026,Tamil Nadu Civil Supplies Corporation
TNCSC-KMS2025-26-0457,457,Cuddalore,Srimushnam,Pudaiyur,2026-01-30,2026-04-13,Closed,11.362241,79.513590,KMS 2025-26 as on 12-07-2026,Tamil Nadu Civil Supplies Corporation
TNCSC-KMS2025-26-0458,458,Cuddalore,Srimushnam,Sankakadu,2025-09-04,2026-03-28,Closed,11.400987,79.425248,KMS 2025-26 as on 12-07-2026,Tamil Nadu Civil Supplies Corporation
TNCSC-KMS2025-26-0459,459,Cuddalore,Srimushnam,Sathavattam,2025-09-05,2026-03-28,Closed,11.397472,79.459622,KMS 2025-26 as on 12-07-2026,Tamil Nadu Civil Supplies Corporation
TNCSC-KMS2025-26-0460,460,Cuddalore,Srimushnam,Sozhatharam,2025-09-02,2026-04-15,Closed,11.365780,79.509194,KMS 2025-26 as on 12-07-2026,Tamil Nadu Civil Supplies Corporation
TNCSC-KMS2025-26-0461,461,Cuddalore,Srimushnam,Sri Adhivaraganallur,2025-09-04,2026-04-04,Closed,11.377435,79.419211,KMS 2025-26 as on 12-07-2026,Tamil Nadu Civil Supplies Corporation
TNCSC-KMS2025-26-0462,462,Cuddalore,Srimushnam,Sri Sathamangalam,2025-09-04,2026-03-20,Closed,11.417629,79.367443,KMS 2025-26 as on 12-07-2026,Tamil Nadu Civil Supplies Corporation
TNCSC-KMS2025-26-0463,463,Cuddalore,Srimushnam,Srimushnam,2025-09-03,2026-04-15,Closed,11.506146,79.266013,KMS 2025-26 as on 12-07-2026,Tamil Nadu Civil Supplies Corporation
TNCSC-KMS2025-26-0464,464,Cuddalore,Srimushnam,Srinuduncheri,2026-01-08,2026-03-09,Closed,11.409165,79.439595,KMS 2025-26 as on 12-07-2026,Tamil Nadu Civil Supplies Corporation
TNCSC-KMS2025-26-0465,465,Cuddalore,Srimushnam,T Pavazhangudi,2025-09-03,2026-03-11,Closed,11.434274,79.441028,KMS 2025-26 as on 12-07-2026,Tamil Nadu Civil Supplies Corporation
TNCSC-KMS2025-26-0466,466,Cuddalore,Srimushnam,Thethampattu,2025-09-03,2026-04-01,Closed,11.385625,79.429421,KMS 2025-26 as on 12-07-2026,Tamil Nadu Civil Supplies Corporation
TNCSC-KMS2025-26-0467,467,Cuddalore,Srimushnam,Valasakadu,2025-09-03,2026-04-17,Closed,11.426080,79.146185,KMS 2025-26 as on 12-07-2026,Tamil Nadu Civil Supplies Corporation
TNCSC-KMS2025-26-0468,468,Cuddalore,Srimushnam,Valliyam,2026-01-29,2026-04-29,Closed,11.464595,79.365656,KMS 2025-26 as on 12-07-2026,Tamil Nadu Civil Supplies Corporation
TNCSC-KMS2025-26-0469,469,Cuddalore,Srimushnam,Venkidusamuthiram,2025-09-03,2026-04-17,Closed,11.394353,79.419622,KMS 2025-26 as on 12-07-2026,Tamil Nadu Civil Supplies Corporation
TNCSC-KMS2025-26-0470,470,Cuddalore,Titagudi,Aavinangudi,2026-02-10,2026-06-16,Closed,11.410459,79.121968,KMS 2025-26 as on 12-07-2026,Tamil Nadu Civil Supplies Corporation
TNCSC-KMS2025-26-0471,471,Cuddalore,Titagudi,Adhamangalam,2026-04-20,,Open,11.432581,79.181433,KMS 2025-26 as on 12-07-2026,Tamil Nadu Civil Supplies Corporation
TNCSC-KMS2025-26-0472,472,Cuddalore,Titagudi,Ariyaravi,2025-09-04,2026-05-13,Closed,11.387145,79.199508,KMS 2025-26 as on 12-07-2026,Tamil Nadu Civil Supplies Corporation
TNCSC-KMS2025-26-0473,473,Cuddalore,Titagudi,Arugeri,2026-01-30,,Open,11.456476,79.196980,KMS 2025-26 as on 12-07-2026,Tamil Nadu Civil Supplies Corporation
TNCSC-KMS2025-26-0474,474,Cuddalore,Titagudi,Arugeri,2025-09-17,2025-10-24,Closed,11.456476,79.196980,KMS 2025-26 as on 12-07-2026,Tamil Nadu Civil Supplies Corporation
TNCSC-KMS2025-26-0475,475,Cuddalore,Titagudi,Chinnakosapallam,2025-09-03,2026-05-28,Closed,11.411783,79.267108,KMS 2025-26 as on 12-07-2026,Tamil Nadu Civil Supplies Corporation
TNCSC-KMS2025-26-0476,476,Cuddalore,Titagudi,Dharmakudikadu,2025-09-04,2026-06-13,Closed,11.410218,79.122238,KMS 2025-26 as on 12-07-2026,Tamil Nadu Civil Supplies Corporation
TNCSC-KMS2025-26-0477,477,Cuddalore,Titagudi,Idaicheruhuvai,2025-09-03,2026-05-16,Closed,11.406284,79.073467,KMS 2025-26 as on 12-07-2026,Tamil Nadu Civil Supplies Corporation
TNCSC-KMS2025-26-0478,478,Cuddalore,Titagudi,Kanapathikurichi,2025-09-03,2026-04-24,Closed,11.409482,79.289101,KMS 2025-26 as on 12-07-2026,Tamil Nadu Civil Supplies Corporation
TNCSC-KMS2025-26-0479,479,Cuddalore,Titagudi,Karaiyur,2026-02-09,2026-05-25,Closed,11.433174,79.276122,KMS 2025-26 as on 12-07-2026,Tamil Nadu Civil Supplies Corporation
TNCSC-KMS2025-26-0480,480,Cuddalore,Titagudi,Kilimangalam,2025-09-04,2026-04-28,Closed,11.414864,79.292503,KMS 2025-26 as on 12-07-2026,Tamil Nadu Civil Supplies Corporation
TNCSC-KMS2025-26-0481,481,Cuddalore,Titagudi,Konur,2025-09-04,2026-06-20,Closed,11.447855,79.254031,KMS 2025-26 as on 12-07-2026,Tamil Nadu Civil Supplies Corporation
TNCSC-KMS2025-26-0482,482,Cuddalore,Titagudi,Kothattai,2025-09-04,2026-05-05,Closed,11.413451,79.217227,KMS 2025-26 as on 12-07-2026,Tamil Nadu Civil Supplies Corporation
TNCSC-KMS2025-26-0483,483,Cuddalore,Titagudi,Kottaram,2025-09-17,2026-06-18,Closed,11.398548,79.172910,KMS 2025-26 as on 12-07-2026,Tamil Nadu Civil Supplies Corporation
TNCSC-KMS2025-26-0484,484,Cuddalore,Titagudi,Kurukkathancheri,2025-09-04,2026-04-17,Closed,11.423844,79.306112,KMS 2025-26 as on 12-07-2026,Tamil Nadu Civil Supplies Corporation
TNCSC-KMS2025-26-0485,485,Cuddalore,Titagudi,Maligaikottam,2025-09-03,2026-04-06,Closed,11.406791,79.255146,KMS 2025-26 as on 12-07-2026,Tamil Nadu Civil Supplies Corporation
TNCSC-KMS2025-26-0486,486,Cuddalore,Titagudi,Melakalpoondi,2025-09-03,2026-07-08,Closed,11.437040,78.941624,KMS 2025-26 as on 12-07-2026,Tamil Nadu Civil Supplies Corporation
TNCSC-KMS2025-26-0487,487,Cuddalore,Titagudi,Melnemili,2026-03-05,2026-06-05,Closed,11.432288,79.217431,KMS 2025-26 as on 12-07-2026,Tamil Nadu Civil Supplies Corporation
TNCSC-KMS2025-26-0488,488,Cuddalore,Titagudi,Melur,2026-02-28,2026-07-01,Closed,11.457593,79.196326,KMS 2025-26 as on 12-07-2026,Tamil Nadu Civil Supplies Corporation
TNCSC-KMS2025-26-0489,489,Cuddalore,Titagudi,Mosattai,2025-09-04,2026-07-01,Closed,11.431129,79.298140,KMS 2025-26 as on 12-07-2026,Tamil Nadu Civil Supplies Corporation
TNCSC-KMS2025-26-0490,490,Cuddalore,Titagudi,Murugankudi,2025-09-04,2026-04-09,Closed,11.422774,79.274352,KMS 2025-26 as on 12-07-2026,Tamil Nadu Civil Supplies Corporation
TNCSC-KMS2025-26-0491,491,Cuddalore,Titagudi,Nanthapadi,2026-01-21,2026-04-25,Closed,11.440764,79.292376,KMS 2025-26 as on 12-07-2026,Tamil Nadu Civil Supplies Corporation
TNCSC-KMS2025-26-0492,492,Cuddalore,Titagudi,Nidhinatham,2026-03-10,2026-06-23,Closed,11.464085,79.166669,KMS 2025-26 as on 12-07-2026,Tamil Nadu Civil Supplies Corporation
TNCSC-KMS2025-26-0493,493,Cuddalore,Titagudi,O.Keeranur,2026-02-02,2026-05-29,Closed,11.426786,79.260265,KMS 2025-26 as on 12-07-2026,Tamil Nadu Civil Supplies Corporation
TNCSC-KMS2025-26-0494,494,Cuddalore,Titagudi,Pe. Poovanur,2026-02-03,2026-05-20,Closed,11.434002,79.270662,KMS 2025-26 as on 12-07-2026,Tamil Nadu Civil Supplies Corporation
TNCSC-KMS2025-26-0495,495,Cuddalore,Titagudi,Pennadam,2025-09-03,2026-06-16,Closed,11.401313,79.237774,KMS 2025-26 as on 12-07-2026,Tamil Nadu Civil Supplies Corporation
TNCSC-KMS2025-26-0496,496,Cuddalore,Titagudi,Pothiramangalam (East),2026-02-27,2026-06-08,Closed,11.759579,79.754466,KMS 2025-26 as on 12-07-2026,Tamil Nadu Civil Supplies Corporation
TNCSC-KMS2025-26-0497,497,Cuddalore,Titagudi,Pudhukulam,2026-05-14,2026-06-25,Closed,11.441992,79.152210,KMS 2025-26 as on 12-07-2026,Tamil Nadu Civil Supplies Corporation
TNCSC-KMS2025-26-0498,498,Cuddalore,Titagudi,Sathanatham,2026-04-29,,Open,11.864167,79.478385,KMS 2025-26 as on 12-07-2026,Tamil Nadu Civil Supplies Corporation
TNCSC-KMS2025-26-0499,499,Cuddalore,Titagudi,Sengamedu,2026-04-17,2026-07-04,Closed,11.400444,79.183571,KMS 2025-26 as on 12-07-2026,Tamil Nadu Civil Supplies Corporation
TNCSC-KMS2025-26-0500,500,Cuddalore,Titagudi,Sirumulai,2026-04-29,,Open,11.426382,79.145736,KMS 2025-26 as on 12-07-2026,Tamil Nadu Civil Supplies Corporation
TNCSC-KMS2025-26-0501,501,Cuddalore,Titagudi,Soundrasolapuram,2026-03-14,2026-04-24,Closed,11.398350,79.248334,KMS 2025-26 as on 12-07-2026,Tamil Nadu Civil Supplies Corporation
TNCSC-KMS2025-26-0502,502,Cuddalore,Titagudi,Thazhanallur,2025-09-06,2026-06-08,Closed,11.457671,79.265078,KMS 2025-26 as on 12-07-2026,Tamil Nadu Civil Supplies Corporation
TNCSC-KMS2025-26-0503,503,Cuddalore,Titagudi,Theevalur,2025-09-04,2026-05-13,Closed,11.454200,79.275865,KMS 2025-26 as on 12-07-2026,Tamil Nadu Civil Supplies Corporation
TNCSC-KMS2025-26-0504,504,Cuddalore,Titagudi,Thirumalai Agaram,2026-01-30,2026-06-16,Closed,11.419924,79.237784,KMS 2025-26 as on 12-07-2026,Tamil Nadu Civil Supplies Corporation
TNCSC-KMS2025-26-0505,505,Cuddalore,Titagudi,Tholar (South),2026-03-05,2026-06-18,Closed,11.408690,79.201151,KMS 2025-26 as on 12-07-2026,Tamil Nadu Civil Supplies Corporation
TNCSC-KMS2025-26-0506,506,Cuddalore,Titagudi,Thondankuruchi,2025-09-02,2026-05-12,Closed,11.511887,79.102748,KMS 2025-26 as on 12-07-2026,Tamil Nadu Civil Supplies Corporation
TNCSC-KMS2025-26-0507,507,Cuddalore,Titagudi,Thozhuthur,2026-02-05,2026-05-29,Closed,11.397448,78.993332,KMS 2025-26 as on 12-07-2026,Tamil Nadu Civil Supplies Corporation
TNCSC-KMS2025-26-0508,508,Cuddalore,Titagudi,Thuraiyoor,2025-09-05,2026-04-28,Closed,11.210128,79.547653,KMS 2025-26 as on 12-07-2026,Tamil Nadu Civil Supplies Corporation
TNCSC-KMS2025-26-0509,509,Cuddalore,Titagudi,Vaiyangudi,2026-04-06,2026-06-15,Closed,11.416940,79.164321,KMS 2025-26 as on 12-07-2026,Tamil Nadu Civil Supplies Corporation
TNCSC-KMS2025-26-0510,510,Cuddalore,Titagudi,Vallimathuram,2026-02-15,2026-06-13,Closed,11.509801,78.943207,KMS 2025-26 as on 12-07-2026,Tamil Nadu Civil Supplies Corporation
TNCSC-KMS2025-26-0511,511,Cuddalore,Titagudi,Venkarampur,2025-09-03,2026-04-07,Closed,11.435950,79.283739,KMS 2025-26 as on 12-07-2026,Tamil Nadu Civil Supplies Corporation
TNCSC-KMS2025-26-0512,512,Cuddalore,Veppur,Elangiyanur,2026-02-03,2026-06-02,Closed,11.578264,79.197252,KMS 2025-26 as on 12-07-2026,Tamil Nadu Civil Supplies Corporation
TNCSC-KMS2025-26-0513,513,Cuddalore,Veppur,Ja.Endal,2026-01-28,2026-05-26,Closed,11.584432,79.067732,KMS 2025-26 as on 12-07-2026,Tamil Nadu Civil Supplies Corporation
TNCSC-KMS2025-26-0514,514,Cuddalore,Veppur,Keelakurichi,2026-02-20,2026-06-27,Closed,11.581203,79.112325,KMS 2025-26 as on 12-07-2026,Tamil Nadu Civil Supplies Corporation
TNCSC-KMS2025-26-0515,515,Cuddalore,Veppur,Kolavai,2025-09-15,2026-05-09,Closed,11.594579,79.029655,KMS 2025-26 as on 12-07-2026,Tamil Nadu Civil Supplies Corporation
TNCSC-KMS2025-26-0516,516,Cuddalore,Veppur,M.Kothanur,2026-02-24,,Open,11.505980,78.979640,KMS 2025-26 as on 12-07-2026,Tamil Nadu Civil Supplies Corporation
TNCSC-KMS2025-26-0517,517,Cuddalore,Veppur,Mangalur,2026-01-19,2026-05-29,Closed,11.509731,79.015802,KMS 2025-26 as on 12-07-2026,Tamil Nadu Civil Supplies Corporation
TNCSC-KMS2025-26-0518,518,Cuddalore,Veppur,Mangkulam,2025-09-04,2026-06-07,Closed,11.562464,79.013468,KMS 2025-26 as on 12-07-2026,Tamil Nadu Civil Supplies Corporation
TNCSC-KMS2025-26-0519,519,Cuddalore,Veppur,Neramani,2025-09-24,,Open,11.482760,79.133676,KMS 2025-26 as on 12-07-2026,Tamil Nadu Civil Supplies Corporation
TNCSC-KMS2025-26-0520,520,Cuddalore,Veppur,Pa.Kodhanur,2025-09-02,2026-05-26,Closed,11.599750,79.103188,KMS 2025-26 as on 12-07-2026,Tamil Nadu Civil Supplies Corporation
TNCSC-KMS2025-26-0521,521,Cuddalore,Veppur,Pinjanur,2026-01-23,2026-05-11,Closed,11.593741,79.219478,KMS 2025-26 as on 12-07-2026,Tamil Nadu Civil Supplies Corporation
TNCSC-KMS2025-26-0522,522,Cuddalore,Veppur,S Pudhur,2026-03-09,2026-06-18,Closed,11.536528,78.952976,KMS 2025-26 as on 12-07-2026,Tamil Nadu Civil Supplies Corporation
TNCSC-KMS2025-26-0523,523,Cuddalore,Veppur,Sethuvarayankuppam,2025-09-18,2026-06-04,Closed,11.612851,79.071538,KMS 2025-26 as on 12-07-2026,Tamil Nadu Civil Supplies Corporation
TNCSC-KMS2025-26-0524,524,Cuddalore,Veppur,Sirupakkam,2026-02-11,2026-06-12,Closed,11.547213,78.981154,KMS 2025-26 as on 12-07-2026,Tamil Nadu Civil Supplies Corporation
TNCSC-KMS2025-26-0525,525,Cuddalore,Veppur,Veppur,2026-01-28,2026-05-04,Closed,11.517706,79.126246,KMS 2025-26 as on 12-07-2026,Tamil Nadu Civil Supplies Corporation
TNCSC-KMS2025-26-0526,526,Cuddalore,Vridhachalam,Aaladi,2026-02-13,2026-04-13,Closed,11.667526,79.482001,KMS 2025-26 as on 12-07-2026,Tamil Nadu Civil Supplies Corporation
TNCSC-KMS2025-26-0527,527,Cuddalore,Vridhachalam,Aalichikudi,2025-09-04,2026-04-25,Closed,11.496994,79.313297,KMS 2025-26 as on 12-07-2026,Tamil Nadu Civil Supplies Corporation
TNCSC-KMS2025-26-0528,528,Cuddalore,Vridhachalam,Chinnaparur,2025-09-03,2026-06-16,Closed,11.566514,79.244468,KMS 2025-26 as on 12-07-2026,Tamil Nadu Civil Supplies Corporation
TNCSC-KMS2025-26-0529,529,Cuddalore,Vridhachalam,Dharmanallur,2025-09-04,2026-04-03,Closed,11.467852,79.487485,KMS 2025-26 as on 12-07-2026,Tamil Nadu Civil Supplies Corporation
TNCSC-KMS2025-26-0530,530,Cuddalore,Vridhachalam,Edaiyur,2026-02-07,2026-05-14,Closed,11.483514,79.240531,KMS 2025-26 as on 12-07-2026,Tamil Nadu Civil Supplies Corporation
TNCSC-KMS2025-26-0531,531,Cuddalore,Vridhachalam,Gopalapuram,2025-09-06,2026-03-23,Closed,11.492120,79.393788,KMS 2025-26 as on 12-07-2026,Tamil Nadu Civil Supplies Corporation
TNCSC-KMS2025-26-0532,532,Cuddalore,Vridhachalam,Irulakurichi,2025-09-09,2026-04-18,Closed,11.719830,79.445593,KMS 2025-26 as on 12-07-2026,Tamil Nadu Civil Supplies Corporation
TNCSC-KMS2025-26-0533,533,Cuddalore,Vridhachalam,Iruppukurichi,2025-09-04,2026-05-16,Closed,11.539396,79.394947,KMS 2025-26 as on 12-07-2026,Tamil Nadu Civil Supplies Corporation
TNCSC-KMS2025-26-0534,534,Cuddalore,Vridhachalam,Ka.Puttur,2025-09-05,2026-04-20,Closed,11.758723,79.691720,KMS 2025-26 as on 12-07-2026,Tamil Nadu Civil Supplies Corporation
TNCSC-KMS2025-26-0535,535,Cuddalore,Vridhachalam,Kammapuram,2025-09-04,2026-04-24,Closed,11.477834,79.421522,KMS 2025-26 as on 12-07-2026,Tamil Nadu Civil Supplies Corporation
TNCSC-KMS2025-26-0536,536,Cuddalore,Vridhachalam,Karkudal,2026-01-27,2026-05-13,Closed,11.489759,79.350359,KMS 2025-26 as on 12-07-2026,Tamil Nadu Civil Supplies Corporation
TNCSC-KMS2025-26-0537,537,Cuddalore,Vridhachalam,Karuvepilakurichi,2025-09-05,2026-04-21,Closed,11.451517,79.319968,KMS 2025-26 as on 12-07-2026,Tamil Nadu Civil Supplies Corporation
TNCSC-KMS2025-26-0538,538,Cuddalore,Vridhachalam,Ko.Aathanur,2025-09-04,2026-04-09,Closed,11.488065,79.371297,KMS 2025-26 as on 12-07-2026,Tamil Nadu Civil Supplies Corporation
TNCSC-KMS2025-26-0539,539,Cuddalore,Vridhachalam,Kodukur,2025-09-03,2026-04-29,Closed,11.503456,79.255869,KMS 2025-26 as on 12-07-2026,Tamil Nadu Civil Supplies Corporation
TNCSC-KMS2025-26-0540,540,Cuddalore,Vridhachalam,Komangalam,2025-09-03,2026-04-18,Closed,11.519303,79.285183,KMS 2025-26 as on 12-07-2026,Tamil Nadu Civil Supplies Corporation
TNCSC-KMS2025-26-0541,541,Cuddalore,Vridhachalam,M.Agaram,2025-09-03,2026-06-25,Closed,11.618299,79.272318,KMS 2025-26 as on 12-07-2026,Tamil Nadu Civil Supplies Corporation
TNCSC-KMS2025-26-0542,542,Cuddalore,Vridhachalam,Manavalanallur,2026-03-12,2026-05-14,Closed,11.514916,79.295823,KMS 2025-26 as on 12-07-2026,Tamil Nadu Civil Supplies Corporation
TNCSC-KMS2025-26-0543,543,Cuddalore,Vridhachalam,Mathur,2026-02-02,2026-05-29,Closed,11.516333,79.326297,KMS 2025-26 as on 12-07-2026,Tamil Nadu Civil Supplies Corporation
TNCSC-KMS2025-26-0544,544,Cuddalore,Vridhachalam,Mugundhanallur,2026-03-12,2026-06-01,Closed,11.502733,79.275870,KMS 2025-26 as on 12-07-2026,Tamil Nadu Civil Supplies Corporation
TNCSC-KMS2025-26-0545,545,Cuddalore,Vridhachalam,Nadiyapattu,2026-02-09,2026-05-14,Closed,11.665585,79.410680,KMS 2025-26 as on 12-07-2026,Tamil Nadu Civil Supplies Corporation
TNCSC-KMS2025-26-0546,546,Cuddalore,Vridhachalam,Ottimedu,2025-09-03,2026-04-16,Closed,11.396951,79.434274,KMS 2025-26 as on 12-07-2026,Tamil Nadu Civil Supplies Corporation
TNCSC-KMS2025-26-0547,547,Cuddalore,Vridhachalam,Palakollai,2025-09-03,2026-04-22,Closed,11.675462,79.386736,KMS 2025-26 as on 12-07-2026,Tamil Nadu Civil Supplies Corporation
TNCSC-KMS2025-26-0548,548,Cuddalore,Vridhachalam,Paravalur,2025-09-04,2026-05-06,Closed,11.532843,79.273601,KMS 2025-26 as on 12-07-2026,Tamil Nadu Civil Supplies Corporation
TNCSC-KMS2025-26-0549,549,Cuddalore,Vridhachalam,Peralaiyur,2025-09-05,2026-04-02,Closed,11.538205,79.123063,KMS 2025-26 as on 12-07-2026,Tamil Nadu Civil Supplies Corporation
TNCSC-KMS2025-26-0550,550,Cuddalore,Vridhachalam,Periyakottumalai,2025-09-05,2026-04-29,Closed,11.450372,79.449797,KMS 2025-26 as on 12-07-2026,Tamil Nadu Civil Supplies Corporation
TNCSC-KMS2025-26-0551,551,Cuddalore,Vridhachalam,Perundurai,2026-01-24,2026-05-14,Closed,11.435299,79.449976,KMS 2025-26 as on 12-07-2026,Tamil Nadu Civil Supplies Corporation
TNCSC-KMS2025-26-0552,552,Cuddalore,Vridhachalam,Puliyur,2026-02-04,2026-05-29,Closed,11.655866,79.351715,KMS 2025-26 as on 12-07-2026,Tamil Nadu Civil Supplies Corporation
TNCSC-KMS2025-26-0553,553,Cuddalore,Vridhachalam,Rajendirapattanam,2025-09-04,2026-04-17,Closed,11.426918,79.344619,KMS 2025-26 as on 12-07-2026,Tamil Nadu Civil Supplies Corporation
TNCSC-KMS2025-26-0554,554,Cuddalore,Vridhachalam,Sathakkudal (Keelpathi),2025-09-04,2026-04-10,Closed,11.487731,79.288406,KMS 2025-26 as on 12-07-2026,Tamil Nadu Civil Supplies Corporation
TNCSC-KMS2025-26-0555,555,Cuddalore,Vridhachalam,Sathakudal (Melpathi),2025-09-04,2026-04-08,Closed,11.387145,79.199508,KMS 2025-26 as on 12-07-2026,Tamil Nadu Civil Supplies Corporation
TNCSC-KMS2025-26-0556,556,Cuddalore,Vridhachalam,Sathiyavadi,2025-09-03,2026-04-09,Closed,11.443267,79.294264,KMS 2025-26 as on 12-07-2026,Tamil Nadu Civil Supplies Corporation
TNCSC-KMS2025-26-0557,557,Cuddalore,Vridhachalam,Siruvarapur,2025-09-03,2026-04-29,Closed,11.464214,79.450225,KMS 2025-26 as on 12-07-2026,Tamil Nadu Civil Supplies Corporation
TNCSC-KMS2025-26-0558,558,Cuddalore,Vridhachalam,Su.Keenanur,2026-01-22,2026-03-25,Closed,11.485122,79.407117,KMS 2025-26 as on 12-07-2026,Tamil Nadu Civil Supplies Corporation
TNCSC-KMS2025-26-0559,559,Cuddalore,Vridhachalam,Therkku Vadakku Puthur,2025-09-04,2026-05-12,Closed,11.337851,79.472431,KMS 2025-26 as on 12-07-2026,Tamil Nadu Civil Supplies Corporation
TNCSC-KMS2025-26-0560,560,Cuddalore,Vridhachalam,Thoravalur,2025-09-04,2026-06-09,Closed,11.506217,79.265332,KMS 2025-26 as on 12-07-2026,Tamil Nadu Civil Supplies Corporation
TNCSC-KMS2025-26-0561,561,Cuddalore,Vridhachalam,U.Kolapakkam,2026-02-26,2026-04-13,Closed,11.512422,79.394558,KMS 2025-26 as on 12-07-2026,Tamil Nadu Civil Supplies Corporation
TNCSC-KMS2025-26-0562,562,Cuddalore,Vridhachalam,V Poonthottam,2025-09-03,2026-04-17,Closed,11.504858,79.331945,KMS 2025-26 as on 12-07-2026,Tamil Nadu Civil Supplies Corporation
TNCSC-KMS2025-26-0563,563,Cuddalore,Vridhachalam,V Sathamangalam,2026-02-10,2026-04-21,Closed,11.408257,79.554495,KMS 2025-26 as on 12-07-2026,Tamil Nadu Civil Supplies Corporation
TNCSC-KMS2025-26-0564,564,Cuddalore,Vridhachalam,Vannankudikadu,2025-09-05,2026-04-10,Closed,11.422056,79.324148,KMS 2025-26 as on 12-07-2026,Tamil Nadu Civil Supplies Corporation
TNCSC-KMS2025-26-0565,565,Cuddalore,Vridhachalam,Vayalur,2025-09-05,,Open,11.547767,79.318040,KMS 2025-26 as on 12-07-2026,Tamil Nadu Civil Supplies Corporation
TNCSC-KMS2025-26-0566,566,Cuddalore,Vridhachalam,Vettakudi,2025-09-03,2026-03-27,Closed,11.430016,79.343211,KMS 2025-26 as on 12-07-2026,Tamil Nadu Civil Supplies Corporation
TNCSC-KMS2025-26-0567,567,Cuddalore,Vridhachalam,Vilankattur,2025-09-04,2026-05-07,Closed,11.522025,79.246928,KMS 2025-26 as on 12-07-2026,Tamil Nadu Civil Supplies Corporation
TNCSC-KMS2025-26-0568,568,Dharmapuri,Harur,Harur,2026-03-12,2026-05-31,Closed,12.061963,78.478927,KMS 2025-26 as on 12-07-2026,Tamil Nadu Civil Supplies Corporation
TNCSC-KMS2025-26-0569,569,Dharmapuri,Harur,Narippalli,2026-03-18,2026-06-16,Closed,12.048126,78.674081,KMS 2025-26 as on 12-07-2026,Tamil Nadu Civil Supplies Corporation
TNCSC-KMS2025-26-0570,570,Dindigul,Athoor,Athoor,2026-03-09,2026-05-08,Closed,10.286901,77.848236,KMS 2025-26 as on 12-07-2026,Tamil Nadu Civil Supplies Corporation
TNCSC-KMS2025-26-0571,571,Dindigul,Athoor,Ayyankottai,2026-03-09,2026-04-15,Closed,10.210861,77.758872,KMS 2025-26 as on 12-07-2026,Tamil Nadu Civil Supplies Corporation
TNCSC-KMS2025-26-0572,572,Dindigul,Athoor,Sithaiyankottai,2026-03-07,2026-05-18,Closed,10.276216,77.817386,KMS 2025-26 as on 12-07-2026,Tamil Nadu Civil Supplies Corporation
TNCSC-KMS2025-26-0573,573,Dindigul,Athoor,Sitharevu,2026-03-14,2026-03-30,Closed,10.238018,77.771185,KMS 2025-26 as on 12-07-2026,Tamil Nadu Civil Supplies Corporation
TNCSC-KMS2025-26-0574,574,Dindigul,Nilakottai,Aavarampatty,2026-03-13,2026-04-08,Closed,10.110602,77.891051,KMS 2025-26 as on 12-07-2026,Tamil Nadu Civil Supplies Corporation
TNCSC-KMS2025-26-0575,575,Dindigul,Nilakottai,Kanavoipatty,2026-04-13,2026-05-13,Closed,10.173316,77.745029,KMS 2025-26 as on 12-07-2026,Tamil Nadu Civil Supplies Corporation
TNCSC-KMS2025-26-0576,576,Dindigul,Nilakottai,Mattaparai,2025-10-27,2026-07-11,Closed,10.088519,77.889674,KMS 2025-26 as on 12-07-2026,Tamil Nadu Civil Supplies Corporation
TNCSC-KMS2025-26-0577,577,Dindigul,Nilakottai,Nadakottai,2026-04-03,2026-05-09,Closed,10.082789,77.812961,KMS 2025-26 as on 12-07-2026,Tamil Nadu Civil Supplies Corporation
TNCSC-KMS2025-26-0578,578,Dindigul,Nilakottai,Pannaipatty,2026-02-19,2026-04-09,Closed,10.108321,77.734983,KMS 2025-26 as on 12-07-2026,Tamil Nadu Civil Supplies Corporation
TNCSC-KMS2025-26-0579,579,Dindigul,Nilakottai,Ramarajapuram,2025-10-23,2026-05-05,Closed,10.091969,77.919672,KMS 2025-26 as on 12-07-2026,Tamil Nadu Civil Supplies Corporation
TNCSC-KMS2025-26-0580,580,Dindigul,Nilakottai,Thathapatty,2026-02-16,2026-04-22,Closed,10.096283,77.755565,KMS 2025-26 as on 12-07-2026,Tamil Nadu Civil Supplies Corporation
TNCSC-KMS2025-26-0581,581,Dindigul,Nilakottai,Vilampatty,2025-10-24,2026-04-29,Closed,10.632437,77.459341,KMS 2025-26 as on 12-07-2026,Tamil Nadu Civil Supplies Corporation
TNCSC-KMS2025-26-0582,582,Dindigul,Palani,A.Kalayamputhur,2026-04-30,2026-05-27,Closed,10.108326,77.735013,KMS 2025-26 as on 12-07-2026,Tamil Nadu Civil Supplies Corporation
TNCSC-KMS2025-26-0583,583,Dindigul,Palani,Akkaraipatty,2026-05-09,2026-06-13,Closed,10.540555,77.477702,KMS 2025-26 as on 12-07-2026,Tamil Nadu Civil Supplies Corporation
TNCSC-KMS2025-26-0584,584,Dindigul,Palani,Ayakudi,2026-04-15,2026-05-21,Closed,10.464440,77.561424,KMS 2025-26 as on 12-07-2026,Tamil Nadu Civil Supplies Corporation
TNCSC-KMS2025-26-0585,585,Dindigul,Palani,Periammapatty,2026-05-08,2026-05-21,Closed,10.404046,77.472588,KMS 2025-26 as on 12-07-2026,Tamil Nadu Civil Supplies Corporation
TNCSC-KMS2025-26-0586,586,Dindigul,Palani,Thummalapatty,2026-05-23,2026-06-12,Closed,10.536485,77.524020,KMS 2025-26 as on 12-07-2026,Tamil Nadu Civil Supplies Corporation
TNCSC-KMS2025-26-0587,587,Dindigul,Palani,Vattamalaiputhur,2026-04-07,2026-05-13,Closed,10.632437,77.459341,KMS 2025-26 as on 12-07-2026,Tamil Nadu Civil Supplies Corporation
TNCSC-KMS2025-26-0588,588,Erode,Anthiyur,Soundappur,2025-09-26,2026-04-17,Closed,11.525473,77.509071,KMS 2025-26 as on 12-07-2026,Tamil Nadu Civil Supplies Corporation
TNCSC-KMS2025-26-0589,589,Erode,Bhavani,Kavindapadi,2026-01-08,2026-03-02,Closed,11.490208,77.530446,KMS 2025-26 as on 12-07-2026,Tamil Nadu Civil Supplies Corporation
TNCSC-KMS2025-26-0590,590,Erode,Bhavani,Mayilambadi,2026-01-21,2026-03-26,Closed,11.526462,77.676738,KMS 2025-26 as on 12-07-2026,Tamil Nadu Civil Supplies Corporation
TNCSC-KMS2025-26-0591,591,Erode,Bhavani,Periyapuliyur,2026-01-08,2026-02-28,Closed,11.501801,77.493936,KMS 2025-26 as on 12-07-2026,Tamil Nadu Civil Supplies Corporation
TNCSC-KMS2025-26-0592,592,Erode,Bhavani,Perunthalayur,2025-09-30,2026-04-20,Closed,11.461968,77.564580,KMS 2025-26 as on 12-07-2026,Tamil Nadu Civil Supplies Corporation
TNCSC-KMS2025-26-0593,593,Erode,Bhavani,Perunthalayur 2,2025-10-11,2026-04-19,Closed,11.462022,77.564306,KMS 2025-26 as on 12-07-2026,Tamil Nadu Civil Supplies Corporation
TNCSC-KMS2025-26-0594,594,Erode,Bhavani,Poothapadi,2026-01-22,2026-04-05,Closed,11.600918,77.699956,KMS 2025-26 as on 12-07-2026,Tamil Nadu Civil Supplies Corporation
TNCSC-KMS2025-26-0595,595,Erode,Erode,Elavamalai,2026-01-09,2026-03-06,Closed,11.430405,77.650293,KMS 2025-26 as on 12-07-2026,Tamil Nadu Civil Supplies Corporation
TNCSC-KMS2025-26-0596,596,Erode,Erode,Nasiyanur A,2026-01-05,2026-02-28,Closed,11.232308,77.275971,KMS 2025-26 as on 12-07-2026,Tamil Nadu Civil Supplies Corporation
TNCSC-KMS2025-26-0597,597,Erode,Erode,Perodu,2026-01-08,2026-02-23,Closed,11.400287,77.606891,KMS 2025-26 as on 12-07-2026,Tamil Nadu Civil Supplies Corporation
TNCSC-KMS2025-26-0598,598,Erode,Erode,Vairapalayam,2025-11-19,2026-05-18,Closed,11.359263,77.708585,KMS 2025-26 as on 12-07-2026,Tamil Nadu Civil Supplies Corporation
TNCSC-KMS2025-26-0599,599,Erode,Gobichettipalayam,Alukuli,2026-01-22,2026-04-11,Closed,11.448425,77.357671,KMS 2025-26 as on 12-07-2026,Tamil Nadu Civil Supplies Corporation
TNCSC-KMS2025-26-0600,600,Erode,Gobichettipalayam,Eloor,2025-09-26,2026-04-20,Closed,11.509238,77.338364,KMS 2025-26 as on 12-07-2026,Tamil Nadu Civil Supplies Corporation
TNCSC-KMS2025-26-0601,601,Erode,Gobichettipalayam,Kalingiyam,2026-01-05,2026-02-04,Closed,11.413114,77.357566,KMS 2025-26 as on 12-07-2026,Tamil Nadu Civil Supplies Corporation
TNCSC-KMS2025-26-0602,602,Erode,Gobichettipalayam,Kallipatti,2025-09-25,2026-04-07,Closed,11.517829,77.445487,KMS 2025-26 as on 12-07-2026,Tamil Nadu Civil Supplies Corporation
TNCSC-KMS2025-26-0603,603,Erode,Gobichettipalayam,Karatadipalayam,2025-09-27,2026-04-10,Closed,11.409864,77.264831,KMS 2025-26 as on 12-07-2026,Tamil Nadu Civil Supplies Corporation
TNCSC-KMS2025-26-0604,604,Erode,Gobichettipalayam,Karunkaradu,2025-09-26,2026-04-18,Closed,11.397132,77.354361,KMS 2025-26 as on 12-07-2026,Tamil Nadu Civil Supplies Corporation
TNCSC-KMS2025-26-0605,605,Erode,Gobichettipalayam,Kasipalayam,2025-09-29,2026-04-12,Closed,11.431647,77.253236,KMS 2025-26 as on 12-07-2026,Tamil Nadu Civil Supplies Corporation
TNCSC-KMS2025-26-0606,606,Erode,Gobichettipalayam,Kondayampalayam,2025-09-26,2026-04-10,Closed,11.517397,77.434349,KMS 2025-26 as on 12-07-2026,Tamil Nadu Civil Supplies Corporation
TNCSC-KMS2025-26-0607,607,Erode,Gobichettipalayam,Koogaloor,2025-09-26,2026-04-17,Closed,11.484214,77.503176,KMS 2025-26 as on 12-07-2026,Tamil Nadu Civil Supplies Corporation
TNCSC-KMS2025-26-0608,608,Erode,Gobichettipalayam,Mevani,2025-09-29,2026-04-21,Closed,11.490208,77.530446,KMS 2025-26 as on 12-07-2026,Tamil Nadu Civil Supplies Corporation
TNCSC-KMS2025-26-0609,609,Erode,Gobichettipalayam,Nadhipalayam,2026-01-05,2026-02-07,Closed,11.411005,77.479531,KMS 2025-26 as on 12-07-2026,Tamil Nadu Civil Supplies Corporation
TNCSC-KMS2025-26-0610,610,Erode,Gobichettipalayam,Nanja Goundampalayam,2025-09-29,2026-04-16,Closed,11.459683,77.449911,KMS 2025-26 as on 12-07-2026,Tamil Nadu Civil Supplies Corporation
TNCSC-KMS2025-26-0611,611,Erode,Gobichettipalayam,Nanjai Puliampatti,2025-09-19,2026-04-10,Closed,11.517426,77.439308,KMS 2025-26 as on 12-07-2026,Tamil Nadu Civil Supplies Corporation
TNCSC-KMS2025-26-0612,612,Erode,Gobichettipalayam,Nanjai Thuraiyampalayam,2025-09-26,2026-04-07,Closed,11.512936,77.419071,KMS 2025-26 as on 12-07-2026,Tamil Nadu Civil Supplies Corporation
TNCSC-KMS2025-26-0613,613,Erode,Gobichettipalayam,Puthukaraiputhur,2025-09-26,2026-04-16,Closed,11.484726,77.481843,KMS 2025-26 as on 12-07-2026,Tamil Nadu Civil Supplies Corporation
TNCSC-KMS2025-26-0614,614,Erode,Gobichettipalayam,Puthuvalliampalayam,2025-09-26,2026-04-13,Closed,11.457743,77.360125,KMS 2025-26 as on 12-07-2026,Tamil Nadu Civil Supplies Corporation
TNCSC-KMS2025-26-0615,615,Erode,Gobichettipalayam,Thukka Naickanpalayam,2025-09-29,2026-04-16,Closed,11.512898,77.384840,KMS 2025-26 as on 12-07-2026,Tamil Nadu Civil Supplies Corporation
TNCSC-KMS2025-26-0616,616,Erode,Kodumudi,Anjur,2026-01-28,2026-04-01,Closed,11.079252,77.769457,KMS 2025-26 as on 12-07-2026,Tamil Nadu Civil Supplies Corporation
TNCSC-KMS2025-26-0617,617,Erode,Kodumudi,Kodumudi,2026-01-30,2026-03-23,Closed,11.058988,77.881176,KMS 2025-26 as on 12-07-2026,Tamil Nadu Civil Supplies Corporation
TNCSC-KMS2025-26-0618,618,Erode,Kodumudi,Nadupalayam,2026-01-28,2026-03-18,Closed,11.152758,77.849206,KMS 2025-26 as on 12-07-2026,Tamil Nadu Civil Supplies Corporation
TNCSC-KMS2025-26-0619,619,Erode,Kodumudi,Sivagiri,2026-01-27,2026-04-02,Closed,11.130408,77.806100,KMS 2025-26 as on 12-07-2026,Tamil Nadu Civil Supplies Corporation
TNCSC-KMS2025-26-0620,620,Erode,Kodumudi,Thattampalayam,2026-01-28,2026-03-17,Closed,11.118728,77.839560,KMS 2025-26 as on 12-07-2026,Tamil Nadu Civil Supplies Corporation
TNCSC-KMS2025-26-0621,621,Erode,Modakurichi,Arachalur,2026-01-27,2026-03-27,Closed,11.145900,77.715546,KMS 2025-26 as on 12-07-2026,Tamil Nadu Civil Supplies Corporation
TNCSC-KMS2025-26-0622,622,Erode,Modakurichi,Avalpoondura A,2026-01-20,2026-04-30,Closed,11.232376,77.709891,KMS 2025-26 as on 12-07-2026,Tamil Nadu Civil Supplies Corporation
TNCSC-KMS2025-26-0623,623,Erode,Modakurichi,Elumathur A,2026-01-23,2026-03-28,Closed,11.183741,77.773086,KMS 2025-26 as on 12-07-2026,Tamil Nadu Civil Supplies Corporation
TNCSC-KMS2025-26-0624,624,Erode,Modakurichi,Ganapathypalayam,2025-12-26,2026-06-12,Closed,11.226104,77.791106,KMS 2025-26 as on 12-07-2026,Tamil Nadu Civil Supplies Corporation
TNCSC-KMS2025-26-0625,625,Erode,Modakurichi,Kuloor,2026-01-21,2026-03-04,Closed,11.259776,77.754361,KMS 2025-26 as on 12-07-2026,Tamil Nadu Civil Supplies Corporation
TNCSC-KMS2025-26-0626,626,Erode,Modakurichi,Modakurichi,2026-01-21,2026-03-14,Closed,11.131776,77.641262,KMS 2025-26 as on 12-07-2026,Tamil Nadu Civil Supplies Corporation
TNCSC-KMS2025-26-0627,627,Erode,Perundurai,K G Valasu,2026-01-27,2026-03-20,Closed,11.346573,77.704069,KMS 2025-26 as on 12-07-2026,Tamil Nadu Civil Supplies Corporation
TNCSC-KMS2025-26-0628,628,Erode,Perundurai,Kanjikoil,2026-01-08,2026-02-20,Closed,11.367344,77.555403,KMS 2025-26 as on 12-07-2026,Tamil Nadu Civil Supplies Corporation
TNCSC-KMS2025-26-0629,629,Erode,Perundurai,Nallampatti,2026-01-08,2026-07-04,Closed,11.490196,77.530549,KMS 2025-26 as on 12-07-2026,Tamil Nadu Civil Supplies Corporation
TNCSC-KMS2025-26-0630,630,Erode,Perundurai,Pallapalayam,2026-01-12,2026-02-27,Closed,11.383582,77.604026,KMS 2025-26 as on 12-07-2026,Tamil Nadu Civil Supplies Corporation
TNCSC-KMS2025-26-0631,631,Erode,Perundurai,Pethampalayam,2026-01-08,2026-07-05,Closed,11.349807,77.557468,KMS 2025-26 as on 12-07-2026,Tamil Nadu Civil Supplies Corporation
TNCSC-KMS2025-26-0632,632,Erode,Perundurai,Vaikalputhur,2026-02-02,2026-03-10,Closed,11.158401,77.697620,KMS 2025-26 as on 12-07-2026,Tamil Nadu Civil Supplies Corporation
TNCSC-KMS2025-26-0633,633,Erode,Perundurai,Vellode,2026-01-23,2026-03-18,Closed,11.235544,77.655844,KMS 2025-26 as on 12-07-2026,Tamil Nadu Civil Supplies Corporation
TNCSC-KMS2025-26-0634,634,Erode,Sathyamangalam,Nagaranai,2026-01-13,2026-03-04,Closed,11.409982,77.265283,KMS 2025-26 as on 12-07-2026,Tamil Nadu Civil Supplies Corporation
TNCSC-KMS2025-26-0635,635,Erode,Sathyamangalam,Thoppampalayam,2026-01-29,2026-02-07,Closed,11.426349,77.157390,KMS 2025-26 as on 12-07-2026,Tamil Nadu Civil Supplies Corporation
TNCSC-KMS2025-26-0636,636,Erode,Sathyamangalam,Ukkaram A,2026-01-14,2026-03-09,Closed,11.306288,77.408581,KMS 2025-26 as on 12-07-2026,Tamil Nadu Civil Supplies Corporation
TNCSC-KMS2025-26-0637,637,Kallakurichi,Chinnaselam,Akkarayapalayam,2026-02-11,,Open,11.765495,78.862636,KMS 2025-26 as on 12-07-2026,Tamil Nadu Civil Supplies Corporation
TNCSC-KMS2025-26-0638,638,Kallakurichi,Chinnaselam,Anumandhal,2026-02-20,2026-07-01,Closed,11.569497,78.926549,KMS 2025-26 as on 12-07-2026,Tamil Nadu Civil Supplies Corporation
TNCSC-KMS2025-26-0639,639,Kallakurichi,Chinnaselam,Karunguzhi,2026-03-05,2026-06-29,Closed,11.779578,78.894174,KMS 2025-26 as on 12-07-2026,Tamil Nadu Civil Supplies Corporation
TNCSC-KMS2025-26-0640,640,Kallakurichi,Chinnaselam,Palarampattu,2026-04-13,2026-06-20,Closed,11.800635,78.878881,KMS 2025-26 as on 12-07-2026,Tamil Nadu Civil Supplies Corporation
TNCSC-KMS2025-26-0641,641,Kallakurichi,Chinnaselam,Rayappanur,2026-02-12,2026-06-19,Closed,11.599194,78.809820,KMS 2025-26 as on 12-07-2026,Tamil Nadu Civil Supplies Corporation
TNCSC-KMS2025-26-0642,642,Kallakurichi,Chinnaselam,Thengiyanatham,2026-03-24,2026-05-27,Closed,11.727550,78.859430,KMS 2025-26 as on 12-07-2026,Tamil Nadu Civil Supplies Corporation
TNCSC-KMS2025-26-0643,643,Kallakurichi,Chinnaselam,Vadakkanandhal,2026-02-11,2026-06-08,Closed,11.786673,78.863367,KMS 2025-26 as on 12-07-2026,Tamil Nadu Civil Supplies Corporation
TNCSC-KMS2025-26-0644,644,Kallakurichi,Kallakurichi,Koothakkudi,2026-05-05,2026-06-16,Closed,11.607211,79.137038,KMS 2025-26 as on 12-07-2026,Tamil Nadu Civil Supplies Corporation
TNCSC-KMS2025-26-0645,645,Kallakurichi,Kallakurichi,Perumangalam,2026-02-17,2026-06-23,Closed,11.615044,78.987762,KMS 2025-26 as on 12-07-2026,Tamil Nadu Civil Supplies Corporation
TNCSC-KMS2025-26-0646,646,Kallakurichi,Kallakurichi,Sathanur,2026-02-14,2026-06-13,Closed,11.647410,79.026293,KMS 2025-26 as on 12-07-2026,Tamil Nadu Civil Supplies Corporation
TNCSC-KMS2025-26-0647,647,Kallakurichi,Kallakurichi,Sirunagalur,2026-02-16,2026-05-31,Closed,11.691786,79.144859,KMS 2025-26 as on 12-07-2026,Tamil Nadu Civil Supplies Corporation
TNCSC-KMS2025-26-0648,648,Kallakurichi,Kallakurichi,Siruvangur,2026-03-25,2026-06-19,Closed,11.759082,78.968395,KMS 2025-26 as on 12-07-2026,Tamil Nadu Civil Supplies Corporation
TNCSC-KMS2025-26-0649,649,Kallakurichi,Kallakurichi,Thimmalai,2026-02-13,2026-05-31,Closed,11.744333,79.128192,KMS 2025-26 as on 12-07-2026,Tamil Nadu Civil Supplies Corporation
TNCSC-KMS2025-26-0650,650,Kallakurichi,Kallakurichi,Vadapoondi,2026-02-17,2026-06-18,Closed,11.668698,79.074577,KMS 2025-26 as on 12-07-2026,Tamil Nadu Civil Supplies Corporation
TNCSC-KMS2025-26-0651,651,Kallakurichi,Sankarapuram,A. Pandalam,2026-03-06,2026-04-29,Closed,11.897013,78.925182,KMS 2025-26 as on 12-07-2026,Tamil Nadu Civil Supplies Corporation
TNCSC-KMS2025-26-0652,652,Kallakurichi,Sankarapuram,Devapandalam,2026-02-16,2026-05-23,Closed,11.896937,78.925013,KMS 2025-26 as on 12-07-2026,Tamil Nadu Civil Supplies Corporation
TNCSC-KMS2025-26-0653,653,Kallakurichi,Sankarapuram,Rishivanthiyam,2026-02-13,2026-05-29,Closed,11.817575,79.101678,KMS 2025-26 as on 12-07-2026,Tamil Nadu Civil Supplies Corporation
TNCSC-KMS2025-26-0654,654,Kallakurichi,Sankarapuram,Sempadakurichi,2026-03-27,2026-07-01,Closed,11.779172,78.894002,KMS 2025-26 as on 12-07-2026,Tamil Nadu Civil Supplies Corporation
TNCSC-KMS2025-26-0655,655,Kallakurichi,Tirukkoilur,Kadiyar,2026-02-14,2026-06-28,Closed,11.874377,79.186559,KMS 2025-26 as on 12-07-2026,Tamil Nadu Civil Supplies Corporation
TNCSC-KMS2025-26-0656,656,Kallakurichi,Tirukkoilur,Manalurpettai,2026-02-17,2026-06-21,Closed,11.998980,79.089400,KMS 2025-26 as on 12-07-2026,Tamil Nadu Civil Supplies Corporation
TNCSC-KMS2025-26-0657,657,Kallakurichi,Ulundurpet,Aandikuzhi,2026-02-23,2026-05-28,Closed,11.712971,79.409398,KMS 2025-26 as on 12-07-2026,Tamil Nadu Civil Supplies Corporation
TNCSC-KMS2025-26-0658,658,Kallakurichi,Ulundurpet,Kanaiyar,2026-02-13,2026-05-28,Closed,11.688254,79.230585,KMS 2025-26 as on 12-07-2026,Tamil Nadu Civil Supplies Corporation
TNCSC-KMS2025-26-0659,659,Kallakurichi,Ulundurpet,Koo. Kallakurichi,2026-02-11,2026-05-22,Closed,11.697780,79.376635,KMS 2025-26 as on 12-07-2026,Tamil Nadu Civil Supplies Corporation
TNCSC-KMS2025-26-0660,660,Kallakurichi,Ulundurpet,Ma.Kunnathur,2026-02-21,2026-06-01,Closed,11.813660,79.265190,KMS 2025-26 as on 12-07-2026,Tamil Nadu Civil Supplies Corporation
TNCSC-KMS2025-26-0661,661,Kallakurichi,Ulundurpet,Senthanadu,2026-02-19,2026-04-30,Closed,11.713815,79.424344,KMS 2025-26 as on 12-07-2026,Tamil Nadu Civil Supplies Corporation
TNCSC-KMS2025-26-0662,662,Kallakurichi,Ulundurpet,Sirupakkam,2026-02-12,2026-06-02,Closed,11.547213,78.981154,KMS 2025-26 as on 12-07-2026,Tamil Nadu Civil Supplies Corporation
TNCSC-KMS2025-26-0663,663,Kallakurichi,Ulundurpet,T. Orathur,2026-02-12,2026-06-05,Closed,11.778500,79.307860,KMS 2025-26 as on 12-07-2026,Tamil Nadu Civil Supplies Corporation
TNCSC-KMS2025-26-0664,664,Kallakurichi,Ulundurpet,Thirunavalur,2026-02-12,2026-03-21,Closed,11.763446,79.402688,KMS 2025-26 as on 12-07-2026,Tamil Nadu Civil Supplies Corporation
TNCSC-KMS2025-26-0665,665,Kancheepuram,Kancheepuram,Ariyaperumpakkam,2026-04-03,2026-06-11,Closed,12.879928,79.668645,KMS 2025-26 as on 12-07-2026,Tamil Nadu Civil Supplies Corporation
TNCSC-KMS2025-26-0666,666,Kancheepuram,Kancheepuram,Illuppappattu,2026-04-16,2026-05-30,Closed,12.882674,79.785718,KMS 2025-26 as on 12-07-2026,Tamil Nadu Civil Supplies Corporation
TNCSC-KMS2025-26-0667,667,Kancheepuram,Kancheepuram,Kaliyanoor,2026-04-02,2026-06-03,Closed,12.828602,79.762918,KMS 2025-26 as on 12-07-2026,Tamil Nadu Civil Supplies Corporation
TNCSC-KMS2025-26-0668,668,Kancheepuram,Kancheepuram,Kammavararpalayam,2025-09-02,2026-05-25,Closed,12.950093,79.690182,KMS 2025-26 as on 12-07-2026,Tamil Nadu Civil Supplies Corporation
TNCSC-KMS2025-26-0669,669,Kancheepuram,Kancheepuram,Karai,2026-04-04,2026-06-04,Closed,12.876427,79.876427,KMS 2025-26 as on 12-07-2026,Tamil Nadu Civil Supplies Corporation
TNCSC-KMS2025-26-0670,670,Kancheepuram,Kancheepuram,Karur,2026-04-02,2026-05-29,Closed,12.860914,79.779831,KMS 2025-26 as on 12-07-2026,Tamil Nadu Civil Supplies Corporation
TNCSC-KMS2025-26-0671,671,Kancheepuram,Kancheepuram,Keelambi,2026-04-13,2026-06-02,Closed,12.860496,79.654163,KMS 2025-26 as on 12-07-2026,Tamil Nadu Civil Supplies Corporation
TNCSC-KMS2025-26-0672,672,Kancheepuram,Kancheepuram,Kilar,2026-03-30,2026-06-07,Closed,12.577565,79.757033,KMS 2025-26 as on 12-07-2026,Tamil Nadu Civil Supplies Corporation
TNCSC-KMS2025-26-0673,673,Kancheepuram,Kancheepuram,Kooram,2026-03-31,2026-06-08,Closed,12.906628,79.660806,KMS 2025-26 as on 12-07-2026,Tamil Nadu Civil Supplies Corporation
TNCSC-KMS2025-26-0674,674,Kancheepuram,Kancheepuram,Kottavakkam,2026-03-24,2026-05-30,Closed,12.864450,79.570469,KMS 2025-26 as on 12-07-2026,Tamil Nadu Civil Supplies Corporation
TNCSC-KMS2025-26-0675,675,Kancheepuram,Kancheepuram,Kovindavadi - A,2026-03-27,2026-05-23,Closed,12.906578,79.660705,KMS 2025-26 as on 12-07-2026,Tamil Nadu Civil Supplies Corporation
TNCSC-KMS2025-26-0676,676,Kancheepuram,Kancheepuram,Marutham,2026-04-01,2026-05-22,Closed,12.834013,79.494213,KMS 2025-26 as on 12-07-2026,Tamil Nadu Civil Supplies Corporation
TNCSC-KMS2025-26-0677,677,Kancheepuram,Kancheepuram,Mel Peramanallur,2025-09-02,2026-05-22,Closed,12.757029,79.740235,KMS 2025-26 as on 12-07-2026,Tamil Nadu Civil Supplies Corporation
TNCSC-KMS2025-26-0678,678,Kancheepuram,Kancheepuram,Melkathirpur,2026-03-31,2026-06-11,Closed,12.838224,79.646318,KMS 2025-26 as on 12-07-2026,Tamil Nadu Civil Supplies Corporation
TNCSC-KMS2025-26-0679,679,Kancheepuram,Kancheepuram,Musaravakkam,2025-09-02,2026-07-07,Closed,12.757260,79.740538,KMS 2025-26 as on 12-07-2026,Tamil Nadu Civil Supplies Corporation
TNCSC-KMS2025-26-0680,680,Kancheepuram,Kancheepuram,Nallur,2026-04-02,2026-05-19,Closed,12.860376,79.733154,KMS 2025-26 as on 12-07-2026,Tamil Nadu Civil Supplies Corporation
TNCSC-KMS2025-26-0681,681,Kancheepuram,Kancheepuram,Narapakkam,2026-03-28,2026-06-08,Closed,12.821253,79.642397,KMS 2025-26 as on 12-07-2026,Tamil Nadu Civil Supplies Corporation
TNCSC-KMS2025-26-0682,682,Kancheepuram,Kancheepuram,Nellvoy,2026-04-02,2026-05-28,Closed,12.784332,79.559465,KMS 2025-26 as on 12-07-2026,Tamil Nadu Civil Supplies Corporation
TNCSC-KMS2025-26-0683,683,Kancheepuram,Kancheepuram,Padunelli,2025-09-05,2026-05-28,Closed,12.774382,80.079546,KMS 2025-26 as on 12-07-2026,Tamil Nadu Civil Supplies Corporation
TNCSC-KMS2025-26-0684,684,Kancheepuram,Kancheepuram,Pallampakkam,2026-03-27,2026-06-23,Closed,12.970844,79.726401,KMS 2025-26 as on 12-07-2026,Tamil Nadu Civil Supplies Corporation
TNCSC-KMS2025-26-0685,685,Kancheepuram,Kancheepuram,Paranthur 01,2026-04-02,2026-06-08,Closed,12.936073,79.741649,KMS 2025-26 as on 12-07-2026,Tamil Nadu Civil Supplies Corporation
TNCSC-KMS2025-26-0686,686,Kancheepuram,Kancheepuram,Perumbakkam,2025-09-05,2026-06-10,Closed,12.905300,80.198600,KMS 2025-26 as on 12-07-2026,Tamil Nadu Civil Supplies Corporation
TNCSC-KMS2025-26-0687,687,Kancheepuram,Kancheepuram,Ponthavakkam,2026-03-20,2026-05-24,Closed,12.953703,79.724204,KMS 2025-26 as on 12-07-2026,Tamil Nadu Civil Supplies Corporation
TNCSC-KMS2025-26-0688,688,Kancheepuram,Kancheepuram,Pudupakkam,2025-09-04,2026-05-30,Closed,12.919382,79.678001,KMS 2025-26 as on 12-07-2026,Tamil Nadu Civil Supplies Corporation
TNCSC-KMS2025-26-0689,689,Kancheepuram,Kancheepuram,Pudupakkam1,2025-11-14,2025-12-24,Closed,12.919382,79.678001,KMS 2025-26 as on 12-07-2026,Tamil Nadu Civil Supplies Corporation
TNCSC-KMS2025-26-0690,690,Kancheepuram,Kancheepuram,Pullalur - A,2026-04-01,2026-06-01,Closed,12.720580,80.077493,KMS 2025-26 as on 12-07-2026,Tamil Nadu Civil Supplies Corporation
TNCSC-KMS2025-26-0691,691,Kancheepuram,Kancheepuram,Purisai,2025-09-06,2026-06-05,Closed,12.985545,79.744438,KMS 2025-26 as on 12-07-2026,Tamil Nadu Civil Supplies Corporation
TNCSC-KMS2025-26-0692,692,Kancheepuram,Kancheepuram,Sekankulam,2026-04-13,2026-05-30,Closed,12.879085,79.784786,KMS 2025-26 as on 12-07-2026,Tamil Nadu Civil Supplies Corporation
TNCSC-KMS2025-26-0693,693,Kancheepuram,Kancheepuram,Singadivakkam,2026-04-16,2026-05-29,Closed,12.810738,79.786273,KMS 2025-26 as on 12-07-2026,Tamil Nadu Civil Supplies Corporation
TNCSC-KMS2025-26-0694,694,Kancheepuram,Kancheepuram,Siruvakkam,2026-04-07,2026-06-30,Closed,12.694868,80.028380,KMS 2025-26 as on 12-07-2026,Tamil Nadu Civil Supplies Corporation
TNCSC-KMS2025-26-0695,695,Kancheepuram,Kancheepuram,Sittiampakkam,2026-04-09,2026-05-27,Closed,12.873727,79.769762,KMS 2025-26 as on 12-07-2026,Tamil Nadu Civil Supplies Corporation
TNCSC-KMS2025-26-0696,696,Kancheepuram,Kancheepuram,Thamal,2026-03-27,2026-06-05,Closed,12.754610,79.838438,KMS 2025-26 as on 12-07-2026,Tamil Nadu Civil Supplies Corporation
TNCSC-KMS2025-26-0697,697,Kancheepuram,Kancheepuram,Thenambakkam,2025-09-02,2026-05-17,Closed,12.680646,80.086128,KMS 2025-26 as on 12-07-2026,Tamil Nadu Civil Supplies Corporation
TNCSC-KMS2025-26-0698,698,Kancheepuram,Kancheepuram,Vaiyavur,2026-04-03,2026-05-28,Closed,12.489901,79.946163,KMS 2025-26 as on 12-07-2026,Tamil Nadu Civil Supplies Corporation
TNCSC-KMS2025-26-0699,699,Kancheepuram,Kancheepuram,Velliyur,2026-04-01,2026-05-23,Closed,12.927110,79.692898,KMS 2025-26 as on 12-07-2026,Tamil Nadu Civil Supplies Corporation
TNCSC-KMS2025-26-0700,700,Kancheepuram,Kancheepuram,Vichanthangal,2025-09-03,2025-10-08,Closed,12.776982,79.732458,KMS 2025-26 as on 12-07-2026,Tamil Nadu Civil Supplies Corporation
TNCSC-KMS2025-26-0701,701,Kancheepuram,Kundrathur,Manimangalam A,2025-10-15,2026-06-13,Closed,12.704295,79.797120,KMS 2025-26 as on 12-07-2026,Tamil Nadu Civil Supplies Corporation
TNCSC-KMS2025-26-0702,702,Kancheepuram,Kundrathur,Pazanthandalam,2026-05-07,2026-06-25,Closed,12.960028,80.075692,KMS 2025-26 as on 12-07-2026,Tamil Nadu Civil Supplies Corporation
TNCSC-KMS2025-26-0703,703,Kancheepuram,Kundrathur,Umayal Paranacherry,2026-05-08,2026-06-19,Closed,12.636480,79.837313,KMS 2025-26 as on 12-07-2026,Tamil Nadu Civil Supplies Corporation
TNCSC-KMS2025-26-0704,704,Kancheepuram,Kundrathur,Vadakkupattu,2026-05-06,2026-06-17,Closed,12.813719,79.936480,KMS 2025-26 as on 12-07-2026,Tamil Nadu Civil Supplies Corporation
TNCSC-KMS2025-26-0705,705,Kancheepuram,Sriperumbudur,Bunrutti A,2026-05-19,2026-06-18,Closed,12.847376,79.913206,KMS 2025-26 as on 12-07-2026,Tamil Nadu Civil Supplies Corporation
TNCSC-KMS2025-26-0706,706,Kancheepuram,Sriperumbudur,Edayar Pakkam,2026-04-28,2026-05-27,Closed,12.987676,79.794312,KMS 2025-26 as on 12-07-2026,Tamil Nadu Civil Supplies Corporation
TNCSC-KMS2025-26-0707,707,Kancheepuram,Sriperumbudur,Ekkanapuram,2026-04-27,2026-06-05,Closed,12.953318,79.777960,KMS 2025-26 as on 12-07-2026,Tamil Nadu Civil Supplies Corporation
TNCSC-KMS2025-26-0708,708,Kancheepuram,Sriperumbudur,Melmaduramangalam,2026-05-02,2026-06-05,Closed,12.934327,79.789114,KMS 2025-26 as on 12-07-2026,Tamil Nadu Civil Supplies Corporation
TNCSC-KMS2025-26-0709,709,Kancheepuram,Sriperumbudur,Navalloor,2026-04-21,2026-06-17,Closed,12.948194,79.981132,KMS 2025-26 as on 12-07-2026,Tamil Nadu Civil Supplies Corporation
TNCSC-KMS2025-26-0710,710,Kancheepuram,Sriperumbudur,Pattumudaiyarkuppam,2025-09-02,2026-06-05,Closed,13.014564,79.776008,KMS 2025-26 as on 12-07-2026,Tamil Nadu Civil Supplies Corporation
TNCSC-KMS2025-26-0711,711,Kancheepuram,Sriperumbudur,Pattumudaiyarkuppam 1,2025-09-10,2025-10-06,Closed,13.014564,79.776008,KMS 2025-26 as on 12-07-2026,Tamil Nadu Civil Supplies Corporation
TNCSC-KMS2025-26-0712,712,Kancheepuram,Sriperumbudur,Pitchivakkam,2025-09-04,2026-07-04,Closed,12.935708,79.747340,KMS 2025-26 as on 12-07-2026,Tamil Nadu Civil Supplies Corporation
TNCSC-KMS2025-26-0713,713,Kancheepuram,Sriperumbudur,Podavur,2026-04-09,2026-06-04,Closed,13.014513,79.775899,KMS 2025-26 as on 12-07-2026,Tamil Nadu Civil Supplies Corporation
TNCSC-KMS2025-26-0714,714,Kancheepuram,Sriperumbudur,Ramanujapuram,2026-04-16,2026-06-11,Closed,12.650813,79.654176,KMS 2025-26 as on 12-07-2026,Tamil Nadu Civil Supplies Corporation
TNCSC-KMS2025-26-0715,715,Kancheepuram,Sriperumbudur,Santhavellore A,2026-04-08,2026-06-04,Closed,12.920173,79.838024,KMS 2025-26 as on 12-07-2026,Tamil Nadu Civil Supplies Corporation
TNCSC-KMS2025-26-0716,716,Kancheepuram,Sriperumbudur,Sivan Kodal,2026-04-07,2026-06-05,Closed,12.689517,79.944657,KMS 2025-26 as on 12-07-2026,Tamil Nadu Civil Supplies Corporation
TNCSC-KMS2025-26-0717,717,Kancheepuram,Sriperumbudur,Thulasapuram,2026-04-07,2026-05-31,Closed,12.989927,79.766720,KMS 2025-26 as on 12-07-2026,Tamil Nadu Civil Supplies Corporation
TNCSC-KMS2025-26-0718,718,Kancheepuram,Uthiramerur,Aannaypallam,2025-09-03,2026-07-04,Closed,12.638419,79.760241,KMS 2025-26 as on 12-07-2026,Tamil Nadu Civil Supplies Corporation
TNCSC-KMS2025-26-0719,719,Kancheepuram,Uthiramerur,Agaramtholi,2025-09-03,2026-06-13,Closed,12.524476,79.743162,KMS 2025-26 as on 12-07-2026,Tamil Nadu Civil Supplies Corporation
TNCSC-KMS2025-26-0720,720,Kancheepuram,Uthiramerur,Ammaiyappanallur,2025-09-02,2026-06-23,Closed,12.617493,79.718467,KMS 2025-26 as on 12-07-2026,Tamil Nadu Civil Supplies Corporation
TNCSC-KMS2025-26-0721,721,Kancheepuram,Uthiramerur,Anampakkam,2026-03-27,2026-05-30,Closed,12.696913,79.843168,KMS 2025-26 as on 12-07-2026,Tamil Nadu Civil Supplies Corporation
TNCSC-KMS2025-26-0722,722,Kancheepuram,Uthiramerur,Annathur,2025-09-12,2026-06-14,Closed,12.686828,79.909938,KMS 2025-26 as on 12-07-2026,Tamil Nadu Civil Supplies Corporation
TNCSC-KMS2025-26-0723,723,Kancheepuram,Uthiramerur,Arasanimangalam,2025-09-04,2026-06-20,Closed,12.568877,79.723258,KMS 2025-26 as on 12-07-2026,Tamil Nadu Civil Supplies Corporation
TNCSC-KMS2025-26-0724,724,Kancheepuram,Uthiramerur,Arumpuliur,2025-09-06,2026-06-25,Closed,12.740327,79.887174,KMS 2025-26 as on 12-07-2026,Tamil Nadu Civil Supplies Corporation
TNCSC-KMS2025-26-0725,725,Kancheepuram,Uthiramerur,Arungundram,2026-04-21,2026-06-02,Closed,12.728344,79.868107,KMS 2025-26 as on 12-07-2026,Tamil Nadu Civil Supplies Corporation
TNCSC-KMS2025-26-0726,726,Kancheepuram,Uthiramerur,Athiyour Melthuli,2025-09-04,2026-06-18,Closed,12.554160,79.731078,KMS 2025-26 as on 12-07-2026,Tamil Nadu Civil Supplies Corporation
TNCSC-KMS2025-26-0727,727,Kancheepuram,Uthiramerur,Azhisur,2025-09-04,2026-06-03,Closed,12.665004,79.721012,KMS 2025-26 as on 12-07-2026,Tamil Nadu Civil Supplies Corporation
TNCSC-KMS2025-26-0728,728,Kancheepuram,Uthiramerur,Chinnamangulam,2026-05-08,2026-06-23,Closed,12.590450,79.807333,KMS 2025-26 as on 12-07-2026,Tamil Nadu Civil Supplies Corporation
TNCSC-KMS2025-26-0729,729,Kancheepuram,Uthiramerur,Edaiyambudur,2025-09-05,2026-06-04,Closed,12.660087,79.864722,KMS 2025-26 as on 12-07-2026,Tamil Nadu Civil Supplies Corporation
TNCSC-KMS2025-26-0730,730,Kancheepuram,Uthiramerur,Edamachi,2025-09-06,2026-06-13,Closed,12.696463,79.878547,KMS 2025-26 as on 12-07-2026,Tamil Nadu Civil Supplies Corporation
TNCSC-KMS2025-26-0731,731,Kancheepuram,Uthiramerur,Elanagar,2025-09-02,2026-06-05,Closed,12.652565,79.689817,KMS 2025-26 as on 12-07-2026,Tamil Nadu Civil Supplies Corporation
TNCSC-KMS2025-26-0732,732,Kancheepuram,Uthiramerur,Kadalmangalam,2026-04-04,2026-06-17,Closed,12.642152,79.794667,KMS 2025-26 as on 12-07-2026,Tamil Nadu Civil Supplies Corporation
TNCSC-KMS2025-26-0733,733,Kancheepuram,Uthiramerur,Kaliyampoondi,2026-03-30,2026-06-18,Closed,12.636766,79.721899,KMS 2025-26 as on 12-07-2026,Tamil Nadu Civil Supplies Corporation
TNCSC-KMS2025-26-0734,734,Kancheepuram,Uthiramerur,Kaliyappettai,2025-09-05,2026-06-03,Closed,12.718729,79.929156,KMS 2025-26 as on 12-07-2026,Tamil Nadu Civil Supplies Corporation
TNCSC-KMS2025-26-0735,735,Kancheepuram,Uthiramerur,Kammalampoondi,2026-04-03,2026-06-13,Closed,12.569795,79.767213,KMS 2025-26 as on 12-07-2026,Tamil Nadu Civil Supplies Corporation
TNCSC-KMS2025-26-0736,736,Kancheepuram,Uthiramerur,Karanai,2025-09-04,2026-05-25,Closed,12.602470,79.700332,KMS 2025-26 as on 12-07-2026,Tamil Nadu Civil Supplies Corporation
TNCSC-KMS2025-26-0737,737,Kancheepuram,Uthiramerur,Karumpakkam,2025-09-06,2026-06-04,Closed,12.875108,78.981671,KMS 2025-26 as on 12-07-2026,Tamil Nadu Civil Supplies Corporation
TNCSC-KMS2025-26-0738,738,Kancheepuram,Uthiramerur,Karuveppam Poondi,2025-09-11,2026-07-02,Closed,12.679764,79.751963,KMS 2025-26 as on 12-07-2026,Tamil Nadu Civil Supplies Corporation
TNCSC-KMS2025-26-0739,739,Kancheepuram,Uthiramerur,Kattiyam Panthal,2025-09-22,2026-06-16,Closed,12.576517,79.807386,KMS 2025-26 as on 12-07-2026,Tamil Nadu Civil Supplies Corporation
TNCSC-KMS2025-26-0740,740,Kancheepuram,Uthiramerur,Kavampayer,2025-09-02,2026-06-24,Closed,12.714145,79.784522,KMS 2025-26 as on 12-07-2026,Tamil Nadu Civil Supplies Corporation
TNCSC-KMS2025-26-0741,741,Kancheepuram,Uthiramerur,Kavanur Puthucheri,2025-09-02,2026-06-12,Closed,12.577943,79.757033,KMS 2025-26 as on 12-07-2026,Tamil Nadu Civil Supplies Corporation
TNCSC-KMS2025-26-0742,742,Kancheepuram,Uthiramerur,Kunnavakkam,2025-09-06,2026-05-29,Closed,12.850646,79.897637,KMS 2025-26 as on 12-07-2026,Tamil Nadu Civil Supplies Corporation
TNCSC-KMS2025-26-0743,743,Kancheepuram,Uthiramerur,Malayankulam,2025-09-02,2026-06-25,Closed,12.666431,79.818427,KMS 2025-26 as on 12-07-2026,Tamil Nadu Civil Supplies Corporation
TNCSC-KMS2025-26-0744,744,Kancheepuram,Uthiramerur,Mamputhur,2025-09-02,2026-05-29,Closed,12.813105,79.863675,KMS 2025-26 as on 12-07-2026,Tamil Nadu Civil Supplies Corporation
TNCSC-KMS2025-26-0745,745,Kancheepuram,Uthiramerur,Mamputhur1,2025-09-15,2026-05-29,Closed,12.813105,79.863675,KMS 2025-26 as on 12-07-2026,Tamil Nadu Civil Supplies Corporation
TNCSC-KMS2025-26-0746,746,Kancheepuram,Uthiramerur,Manammathy,2025-09-15,2026-06-12,Closed,12.628963,79.646756,KMS 2025-26 as on 12-07-2026,Tamil Nadu Civil Supplies Corporation
TNCSC-KMS2025-26-0747,747,Kancheepuram,Uthiramerur,Marutham,2025-09-02,,Open,12.834013,79.494213,KMS 2025-26 as on 12-07-2026,Tamil Nadu Civil Supplies Corporation
TNCSC-KMS2025-26-0748,748,Kancheepuram,Uthiramerur,Marutthuvanpadi,2025-09-05,2026-06-06,Closed,12.649292,79.777790,KMS 2025-26 as on 12-07-2026,Tamil Nadu Civil Supplies Corporation
TNCSC-KMS2025-26-0749,749,Kancheepuram,Uthiramerur,Menalur,2025-09-17,2026-06-10,Closed,12.671529,79.789768,KMS 2025-26 as on 12-07-2026,Tamil Nadu Civil Supplies Corporation
TNCSC-KMS2025-26-0750,750,Kancheepuram,Uthiramerur,Murukkary,2025-09-05,2026-06-13,Closed,12.656148,79.744316,KMS 2025-26 as on 12-07-2026,Tamil Nadu Civil Supplies Corporation
TNCSC-KMS2025-26-0751,751,Kancheepuram,Uthiramerur,Nanchipuram,2026-04-08,2026-06-19,Closed,12.951790,79.815988,KMS 2025-26 as on 12-07-2026,Tamil Nadu Civil Supplies Corporation
TNCSC-KMS2025-26-0752,752,Kancheepuram,Uthiramerur,Neyyadupakkam,2026-04-03,2026-05-28,Closed,12.730063,79.799130,KMS 2025-26 as on 12-07-2026,Tamil Nadu Civil Supplies Corporation
TNCSC-KMS2025-26-0753,753,Kancheepuram,Uthiramerur,Ottan Thangal,2026-04-08,2026-06-17,Closed,12.593751,79.725451,KMS 2025-26 as on 12-07-2026,Tamil Nadu Civil Supplies Corporation
TNCSC-KMS2025-26-0754,754,Kancheepuram,Uthiramerur,Ozhukarai,2025-09-06,2026-06-16,Closed,12.678212,79.740081,KMS 2025-26 as on 12-07-2026,Tamil Nadu Civil Supplies Corporation
TNCSC-KMS2025-26-0755,755,Kancheepuram,Uthiramerur,Palesvaram,2026-03-24,2026-05-16,Closed,12.810421,79.847726,KMS 2025-26 as on 12-07-2026,Tamil Nadu Civil Supplies Corporation
TNCSC-KMS2025-26-0756,756,Kancheepuram,Uthiramerur,Pazhaveri,2026-04-17,2026-06-27,Closed,12.678323,79.740125,KMS 2025-26 as on 12-07-2026,Tamil Nadu Civil Supplies Corporation
TNCSC-KMS2025-26-0757,757,Kancheepuram,Uthiramerur,Pennalur,2025-09-08,2026-06-20,Closed,12.600970,79.712425,KMS 2025-26 as on 12-07-2026,Tamil Nadu Civil Supplies Corporation
TNCSC-KMS2025-26-0758,758,Kancheepuram,Uthiramerur,Peranakaur,2025-09-17,2026-06-17,Closed,12.712192,79.892325,KMS 2025-26 as on 12-07-2026,Tamil Nadu Civil Supplies Corporation
TNCSC-KMS2025-26-0759,759,Kancheepuram,Uthiramerur,Perunagar,2025-09-08,2026-06-13,Closed,12.750540,78.895654,KMS 2025-26 as on 12-07-2026,Tamil Nadu Civil Supplies Corporation
TNCSC-KMS2025-26-0760,760,Kancheepuram,Uthiramerur,Perunkozhi,2025-09-06,2026-06-01,Closed,12.743255,80.141393,KMS 2025-26 as on 12-07-2026,Tamil Nadu Civil Supplies Corporation
TNCSC-KMS2025-26-0761,761,Kancheepuram,Uthiramerur,Pinaiyur,2025-09-02,2026-06-23,Closed,12.743190,80.141653,KMS 2025-26 as on 12-07-2026,Tamil Nadu Civil Supplies Corporation
TNCSC-KMS2025-26-0762,762,Kancheepuram,Uthiramerur,Pulivai,2025-09-04,2026-05-30,Closed,12.600713,79.712221,KMS 2025-26 as on 12-07-2026,Tamil Nadu Civil Supplies Corporation
TNCSC-KMS2025-26-0763,763,Kancheepuram,Uthiramerur,Pullambakkam,2026-04-09,2026-06-19,Closed,12.754272,79.838583,KMS 2025-26 as on 12-07-2026,Tamil Nadu Civil Supplies Corporation
TNCSC-KMS2025-26-0764,764,Kancheepuram,Uthiramerur,Ravathanallur,2026-04-01,2026-06-13,Closed,12.716594,79.957019,KMS 2025-26 as on 12-07-2026,Tamil Nadu Civil Supplies Corporation
TNCSC-KMS2025-26-0765,765,Kancheepuram,Uthiramerur,Rettai Mangalam,2025-09-15,2026-06-09,Closed,12.606476,79.805720,KMS 2025-26 as on 12-07-2026,Tamil Nadu Civil Supplies Corporation
TNCSC-KMS2025-26-0766,766,Kancheepuram,Uthiramerur,Salavakkam,2025-09-02,2026-06-07,Closed,12.669045,79.883636,KMS 2025-26 as on 12-07-2026,Tamil Nadu Civil Supplies Corporation
TNCSC-KMS2025-26-0767,767,Kancheepuram,Uthiramerur,Salavakkam 01,2025-09-22,2025-10-22,Closed,12.669045,79.883636,KMS 2025-26 as on 12-07-2026,Tamil Nadu Civil Supplies Corporation
TNCSC-KMS2025-26-0768,768,Kancheepuram,Uthiramerur,Sirumailour,2026-04-28,2026-06-09,Closed,12.919678,79.678258,KMS 2025-26 as on 12-07-2026,Tamil Nadu Civil Supplies Corporation
TNCSC-KMS2025-26-0769,769,Kancheepuram,Uthiramerur,Sirupinayur,2025-09-02,2026-05-22,Closed,12.662290,79.911066,KMS 2025-26 as on 12-07-2026,Tamil Nadu Civil Supplies Corporation
TNCSC-KMS2025-26-0770,770,Kancheepuram,Uthiramerur,Thalavrampoondi,2025-09-04,2026-06-13,Closed,12.688624,79.295456,KMS 2025-26 as on 12-07-2026,Tamil Nadu Civil Supplies Corporation
TNCSC-KMS2025-26-0771,771,Kancheepuram,Uthiramerur,Thandari 19,2025-09-04,2026-05-29,Closed,12.682113,79.643349,KMS 2025-26 as on 12-07-2026,Tamil Nadu Civil Supplies Corporation
TNCSC-KMS2025-26-0772,772,Kancheepuram,Uthiramerur,Thirumukkudal,2025-09-03,2026-06-25,Closed,12.680494,79.991608,KMS 2025-26 as on 12-07-2026,Tamil Nadu Civil Supplies Corporation
TNCSC-KMS2025-26-0773,773,Kancheepuram,Uthiramerur,Thiruppulivanam,2025-09-04,2026-06-11,Closed,12.985441,79.744618,KMS 2025-26 as on 12-07-2026,Tamil Nadu Civil Supplies Corporation
TNCSC-KMS2025-26-0774,774,Kancheepuram,Uthiramerur,Thottanaval,2025-09-03,2026-05-25,Closed,12.654200,79.825400,KMS 2025-26 as on 12-07-2026,Tamil Nadu Civil Supplies Corporation
TNCSC-KMS2025-26-0775,775,Kancheepuram,Uthiramerur,Vayalakkavour,2025-09-04,2026-06-09,Closed,12.736429,79.821094,KMS 2025-26 as on 12-07-2026,Tamil Nadu Civil Supplies Corporation
TNCSC-KMS2025-26-0776,776,Kancheepuram,Uthiramerur,Vedapalayam,2025-09-02,2026-06-03,Closed,12.611260,79.728925,KMS 2025-26 as on 12-07-2026,Tamil Nadu Civil Supplies Corporation
TNCSC-KMS2025-26-0777,777,Kancheepuram,Walajabad,Aarpakkam,2025-09-18,2026-06-10,Closed,12.737299,79.757886,KMS 2025-26 as on 12-07-2026,Tamil Nadu Civil Supplies Corporation
TNCSC-KMS2025-26-0778,778,Kancheepuram,Walajabad,Agaram,2025-09-17,2026-06-26,Closed,12.847226,79.866365,KMS 2025-26 as on 12-07-2026,Tamil Nadu Civil Supplies Corporation
TNCSC-KMS2025-26-0779,779,Kancheepuram,Walajabad,Avaloor,2025-09-04,2026-06-01,Closed,12.783129,79.800683,KMS 2025-26 as on 12-07-2026,Tamil Nadu Civil Supplies Corporation
TNCSC-KMS2025-26-0780,780,Kancheepuram,Walajabad,Ayimicheri,2025-09-10,2026-05-29,Closed,12.867800,79.859230,KMS 2025-26 as on 12-07-2026,Tamil Nadu Civil Supplies Corporation
TNCSC-KMS2025-26-0781,781,Kancheepuram,Walajabad,Devariyambakkam,2025-09-02,2026-05-30,Closed,12.822367,79.871407,KMS 2025-26 as on 12-07-2026,Tamil Nadu Civil Supplies Corporation
TNCSC-KMS2025-26-0782,782,Kancheepuram,Walajabad,Kalakattur,2025-09-03,2026-06-13,Closed,12.777678,79.719767,KMS 2025-26 as on 12-07-2026,Tamil Nadu Civil Supplies Corporation
TNCSC-KMS2025-26-0783,783,Kancheepuram,Walajabad,Kallur - A,2025-09-04,2025-10-06,Closed,12.776109,79.741049,KMS 2025-26 as on 12-07-2026,Tamil Nadu Civil Supplies Corporation
TNCSC-KMS2025-26-0784,784,Kancheepuram,Walajabad,Kammarajapuram,2025-09-13,2026-06-16,Closed,12.751732,79.801302,KMS 2025-26 as on 12-07-2026,Tamil Nadu Civil Supplies Corporation
TNCSC-KMS2025-26-0785,785,Kancheepuram,Walajabad,Kattavakkam,2025-09-19,2026-05-28,Closed,12.860962,79.779553,KMS 2025-26 as on 12-07-2026,Tamil Nadu Civil Supplies Corporation
TNCSC-KMS2025-26-0786,786,Kancheepuram,Walajabad,Kavanthandalam,2025-09-02,2026-06-03,Closed,12.576348,79.807486,KMS 2025-26 as on 12-07-2026,Tamil Nadu Civil Supplies Corporation
TNCSC-KMS2025-26-0787,787,Kancheepuram,Walajabad,Kunnavakkam,2026-03-27,2026-05-23,Closed,12.850646,79.897637,KMS 2025-26 as on 12-07-2026,Tamil Nadu Civil Supplies Corporation
TNCSC-KMS2025-26-0788,788,Kancheepuram,Walajabad,Maduranallur,2025-09-11,2026-05-30,Closed,12.813130,79.863628,KMS 2025-26 as on 12-07-2026,Tamil Nadu Civil Supplies Corporation
TNCSC-KMS2025-26-0789,789,Kancheepuram,Walajabad,Magaral - A,2025-09-02,2026-05-29,Closed,12.843840,80.067165,KMS 2025-26 as on 12-07-2026,Tamil Nadu Civil Supplies Corporation
TNCSC-KMS2025-26-0790,790,Kancheepuram,Walajabad,Nathanallur,2025-09-10,2026-06-01,Closed,12.808570,79.551830,KMS 2025-26 as on 12-07-2026,Tamil Nadu Civil Supplies Corporation
TNCSC-KMS2025-26-0791,791,Kancheepuram,Walajabad,Neykuppam,2025-09-02,2026-06-04,Closed,12.826533,79.793425,KMS 2025-26 as on 12-07-2026,Tamil Nadu Civil Supplies Corporation
TNCSC-KMS2025-26-0792,792,Kancheepuram,Walajabad,Poosivakkam,2026-04-08,2026-06-08,Closed,12.810759,79.786466,KMS 2025-26 as on 12-07-2026,Tamil Nadu Civil Supplies Corporation
TNCSC-KMS2025-26-0793,793,Kancheepuram,Walajabad,Puthagaram,2026-04-06,2026-06-09,Closed,12.719683,79.312298,KMS 2025-26 as on 12-07-2026,Tamil Nadu Civil Supplies Corporation
TNCSC-KMS2025-26-0794,794,Kancheepuram,Walajabad,Thammanur,2025-09-02,2026-06-13,Closed,12.686676,79.275375,KMS 2025-26 as on 12-07-2026,Tamil Nadu Civil Supplies Corporation
TNCSC-KMS2025-26-0795,795,Kancheepuram,Walajabad,Thenneri,2025-09-15,2026-06-22,Closed,12.680494,79.991608,KMS 2025-26 as on 12-07-2026,Tamil Nadu Civil Supplies Corporation
TNCSC-KMS2025-26-0796,796,Kancheepuram,Walajabad,Thiruvenkaranai,2025-09-22,2026-06-01,Closed,12.864631,79.877086,KMS 2025-26 as on 12-07-2026,Tamil Nadu Civil Supplies Corporation
TNCSC-KMS2025-26-0797,797,Kancheepuram,Walajabad,Thollazhi,2025-09-08,2026-05-31,Closed,12.676908,79.680555,KMS 2025-26 as on 12-07-2026,Tamil Nadu Civil Supplies Corporation
TNCSC-KMS2025-26-0798,798,Kancheepuram,Walajabad,Vichanthangal,2026-03-25,2026-05-21,Closed,12.776982,79.732458,KMS 2025-26 as on 12-07-2026,Tamil Nadu Civil Supplies Corporation
TNCSC-KMS2025-26-0799,799,Kanyakumari,Agastheeswaram,Krishnankovil,2025-09-10,2026-06-16,Closed,8.194330,77.425850,KMS 2025-26 as on 12-07-2026,Tamil Nadu Civil Supplies Corporation
TNCSC-KMS2025-26-0800,800,Kanyakumari,Agastheeswaram,Parakkai,2025-09-06,2026-06-24,Closed,8.129980,77.454060,KMS 2025-26 as on 12-07-2026,Tamil Nadu Civil Supplies Corporation
TNCSC-KMS2025-26-0801,801,Kanyakumari,Agastheeswaram,Puthalam,2025-09-19,2026-06-24,Closed,8.110080,77.469130,KMS 2025-26 as on 12-07-2026,Tamil Nadu Civil Supplies Corporation
TNCSC-KMS2025-26-0802,802,Kanyakumari,Agastheeswaram,Therur,2025-09-03,2026-06-24,Closed,8.171913,77.464800,KMS 2025-26 as on 12-07-2026,Tamil Nadu Civil Supplies Corporation
TNCSC-KMS2025-26-0803,803,Kanyakumari,Kalkulam,Kurunthancode,2025-09-05,2026-06-03,Closed,8.200020,77.300050,KMS 2025-26 as on 12-07-2026,Tamil Nadu Civil Supplies Corporation
TNCSC-KMS2025-26-0804,804,Kanyakumari,Thovalai,Chenbagaramanputhur,2025-09-09,2026-06-04,Closed,8.257040,77.497560,KMS 2025-26 as on 12-07-2026,Tamil Nadu Civil Supplies Corporation
TNCSC-KMS2025-26-0805,805,Kanyakumari,Thovalai,Kadukkarai,2025-09-16,2026-06-03,Closed,8.297750,77.459150,KMS 2025-26 as on 12-07-2026,Tamil Nadu Civil Supplies Corporation
TNCSC-KMS2025-26-0806,806,Kanyakumari,Thovalai,Siramadam,2025-09-15,2026-04-21,Closed,8.295960,77.427800,KMS 2025-26 as on 12-07-2026,Tamil Nadu Civil Supplies Corporation
TNCSC-KMS2025-26-0807,807,Kanyakumari,Thovalai,Thazhakudy,2025-09-17,2026-06-18,Closed,8.233930,77.452080,KMS 2025-26 as on 12-07-2026,Tamil Nadu Civil Supplies Corporation
TNCSC-KMS2025-26-0808,808,Kanyakumari,Thovalai,Thittuvilai,2025-09-12,2026-06-13,Closed,8.276940,77.441460,KMS 2025-26 as on 12-07-2026,Tamil Nadu Civil Supplies Corporation
TNCSC-KMS2025-26-0809,809,Karur,Aravakurichi,Chinnadarapuram,2026-03-18,2026-04-11,Closed,10.846777,77.847751,KMS 2025-26 as on 12-07-2026,Tamil Nadu Civil Supplies Corporation
TNCSC-KMS2025-26-0810,810,Karur,Krishnarayapuram,Kattalai,2026-02-23,2026-04-13,Closed,10.952455,78.192883,KMS 2025-26 as on 12-07-2026,Tamil Nadu Civil Supplies Corporation
TNCSC-KMS2025-26-0811,811,Karur,Krishnarayapuram,Kovakulam,2026-03-03,2026-04-29,Closed,10.923899,78.273675,KMS 2025-26 as on 12-07-2026,Tamil Nadu Civil Supplies Corporation
TNCSC-KMS2025-26-0812,812,Karur,Krishnarayapuram,Mettu Mahathanapuram,2026-02-10,2026-03-20,Closed,10.940451,78.300353,KMS 2025-26 as on 12-07-2026,Tamil Nadu Civil Supplies Corporation
TNCSC-KMS2025-26-0813,813,Karur,Krishnarayapuram,Valayalkaranputhur,2026-02-12,2026-04-06,Closed,10.909253,78.197090,KMS 2025-26 as on 12-07-2026,Tamil Nadu Civil Supplies Corporation
TNCSC-KMS2025-26-0814,814,Karur,Krishnarayapuram,Veerarakiyam,2026-02-12,2026-04-03,Closed,10.929796,78.181169,KMS 2025-26 as on 12-07-2026,Tamil Nadu Civil Supplies Corporation
TNCSC-KMS2025-26-0815,815,Karur,Kulithalai,Chinnapanaiyur,2026-01-19,2026-03-12,Closed,10.796745,78.535128,KMS 2025-26 as on 12-07-2026,Tamil Nadu Civil Supplies Corporation
TNCSC-KMS2025-26-0816,816,Karur,Kulithalai,Inungur,2026-01-02,2026-02-02,Closed,10.849853,78.474595,KMS 2025-26 as on 12-07-2026,Tamil Nadu Civil Supplies Corporation
TNCSC-KMS2025-26-0817,817,Karur,Kulithalai,Kalladai,2026-01-29,,Open,10.727045,78.461876,KMS 2025-26 as on 12-07-2026,Tamil Nadu Civil Supplies Corporation
TNCSC-KMS2025-26-0818,818,Karur,Kulithalai,Kaluhoor,2026-02-03,2026-07-04,Closed,10.768751,78.385095,KMS 2025-26 as on 12-07-2026,Tamil Nadu Civil Supplies Corporation
TNCSC-KMS2025-26-0819,819,Karur,Kulithalai,Karuvapanaikanpettai,2026-02-03,2026-03-12,Closed,10.924387,78.371415,KMS 2025-26 as on 12-07-2026,Tamil Nadu Civil Supplies Corporation
TNCSC-KMS2025-26-0820,820,Karur,Kulithalai,Nachalur,2026-01-02,2026-02-22,Closed,10.825110,78.520706,KMS 2025-26 as on 12-07-2026,Tamil Nadu Civil Supplies Corporation
TNCSC-KMS2025-26-0821,821,Karur,Kulithalai,Nangavaram,2026-02-03,2026-03-19,Closed,10.869660,78.538946,KMS 2025-26 as on 12-07-2026,Tamil Nadu Civil Supplies Corporation
TNCSC-KMS2025-26-0822,822,Karur,Kulithalai,Panikampatti,2026-01-03,2026-02-26,Closed,10.873718,78.446843,KMS 2025-26 as on 12-07-2026,Tamil Nadu Civil Supplies Corporation
TNCSC-KMS2025-26-0823,823,Karur,Kulithalai,Thiruchappur,2026-01-20,2026-03-01,Closed,10.883488,78.495240,KMS 2025-26 as on 12-07-2026,Tamil Nadu Civil Supplies Corporation
TNCSC-KMS2025-26-0824,824,Karur,Kulithalai,Valayapatty,2026-01-03,2026-03-10,Closed,10.856666,78.449525,KMS 2025-26 as on 12-07-2026,Tamil Nadu Civil Supplies Corporation
TNCSC-KMS2025-26-0825,825,Karur,Manmangalam,Mochakottampalayam,2026-03-16,2026-04-06,Closed,10.961900,78.018100,KMS 2025-26 as on 12-07-2026,Tamil Nadu Civil Supplies Corporation
TNCSC-KMS2025-26-0826,826,Karur,Manmangalam,Panchamadevi,2026-03-17,2026-04-13,Closed,11.017300,78.069700,KMS 2025-26 as on 12-07-2026,Tamil Nadu Civil Supplies Corporation
TNCSC-KMS2025-26-0827,827,Karur,Pugalur,Anjur,2026-02-04,2026-03-15,Closed,11.079252,77.769457,KMS 2025-26 as on 12-07-2026,Tamil Nadu Civil Supplies Corporation
TNCSC-KMS2025-26-0828,828,Madurai,Kalligudi,Thirumal Va,2026-02-03,2026-03-26,Closed,9.716470,78.047151,KMS 2025-26 as on 12-07-2026,Tamil Nadu Civil Supplies Corporation
TNCSC-KMS2025-26-0829,829,Madurai,Madurai East,Andaman Va,2026-02-12,2026-04-12,Closed,10.033700,78.164600,KMS 2025-26 as on 12-07-2026,Tamil Nadu Civil Supplies Corporation
TNCSC-KMS2025-26-0830,830,Madurai,Madurai East,Angadimangalam Va,2026-01-30,2026-04-21,Closed,9.842700,78.246900,KMS 2025-26 as on 12-07-2026,Tamil Nadu Civil Supplies Corporation
TNCSC-KMS2025-26-0831,831,Madurai,Madurai East,Ayalankudi Va,2025-10-29,2026-04-25,Closed,9.992801,78.215960,KMS 2025-26 as on 12-07-2026,Tamil Nadu Civil Supplies Corporation
TNCSC-KMS2025-26-0832,832,Madurai,Madurai East,Chettikulam Va,2025-11-08,2025-11-22,Closed,10.003431,78.206671,KMS 2025-26 as on 12-07-2026,Tamil Nadu Civil Supplies Corporation
TNCSC-KMS2025-26-0833,833,Madurai,Madurai East,Idayapatti Va,2026-02-03,2026-03-18,Closed,9.942430,78.274985,KMS 2025-26 as on 12-07-2026,Tamil Nadu Civil Supplies Corporation
TNCSC-KMS2025-26-0834,834,Madurai,Madurai East,Kalimangalam Va,2026-03-26,2026-05-22,Closed,9.893063,78.251939,KMS 2025-26 as on 12-07-2026,Tamil Nadu Civil Supplies Corporation
TNCSC-KMS2025-26-0835,835,Madurai,Madurai East,Kalimangalam1 Va,2026-05-16,2026-05-23,Closed,9.885536,78.259481,KMS 2025-26 as on 12-07-2026,Tamil Nadu Civil Supplies Corporation
TNCSC-KMS2025-26-0836,836,Madurai,Madurai East,Kallanthiri Va,2026-03-06,2026-03-09,Closed,10.038461,78.199127,KMS 2025-26 as on 12-07-2026,Tamil Nadu Civil Supplies Corporation
TNCSC-KMS2025-26-0837,837,Madurai,Madurai East,Karseri Va,2026-01-30,2026-03-11,Closed,9.876700,78.217700,KMS 2025-26 as on 12-07-2026,Tamil Nadu Civil Supplies Corporation
TNCSC-KMS2025-26-0838,838,Madurai,Madurai East,Kodikulam Va,2025-11-01,2025-11-08,Closed,9.939788,78.104678,KMS 2025-26 as on 12-07-2026,Tamil Nadu Civil Supplies Corporation
TNCSC-KMS2025-26-0839,839,Madurai,Madurai East,Kunnathur Bit2 Va,2026-03-26,2026-05-14,Closed,9.885471,78.259523,KMS 2025-26 as on 12-07-2026,Tamil Nadu Civil Supplies Corporation
TNCSC-KMS2025-26-0840,840,Madurai,Madurai East,Kunnathur Va,2026-01-22,2026-03-09,Closed,9.930644,78.121580,KMS 2025-26 as on 12-07-2026,Tamil Nadu Civil Supplies Corporation
TNCSC-KMS2025-26-0841,841,Madurai,Madurai East,Kuruthur Va,2025-10-22,2026-04-28,Closed,10.013181,78.200325,KMS 2025-26 as on 12-07-2026,Tamil Nadu Civil Supplies Corporation
TNCSC-KMS2025-26-0842,842,Madurai,Madurai East,Mangulam Va,2025-10-27,2026-04-09,Closed,9.993603,78.012240,KMS 2025-26 as on 12-07-2026,Tamil Nadu Civil Supplies Corporation
TNCSC-KMS2025-26-0843,843,Madurai,Madurai East,Mathur Va,2025-11-03,2026-03-08,Closed,10.012955,78.200503,KMS 2025-26 as on 12-07-2026,Tamil Nadu Civil Supplies Corporation
TNCSC-KMS2025-26-0844,844,Madurai,Madurai East,Meenakshipuramva,2026-01-28,2026-03-29,Closed,9.939093,78.121719,KMS 2025-26 as on 12-07-2026,Tamil Nadu Civil Supplies Corporation
TNCSC-KMS2025-26-0845,845,Madurai,Madurai East,Poolampativa,2026-01-30,2026-04-21,Closed,10.048098,78.114937,KMS 2025-26 as on 12-07-2026,Tamil Nadu Civil Supplies Corporation
TNCSC-KMS2025-26-0846,846,Madurai,Madurai East,Porusupatti Va,2025-10-24,2025-11-05,Closed,10.007104,78.235240,KMS 2025-26 as on 12-07-2026,Tamil Nadu Civil Supplies Corporation
TNCSC-KMS2025-26-0847,847,Madurai,Madurai East,Puthuthamaraipatti Va,2025-10-29,2026-04-27,Closed,9.966308,78.241943,KMS 2025-26 as on 12-07-2026,Tamil Nadu Civil Supplies Corporation
TNCSC-KMS2025-26-0848,848,Madurai,Madurai East,Rajakoor Va,2026-03-03,2026-04-21,Closed,9.951093,78.218595,KMS 2025-26 as on 12-07-2026,Tamil Nadu Civil Supplies Corporation
TNCSC-KMS2025-26-0849,849,Madurai,Madurai East,Sakimangalam Va,2026-02-05,2026-03-20,Closed,9.892885,78.203278,KMS 2025-26 as on 12-07-2026,Tamil Nadu Civil Supplies Corporation
TNCSC-KMS2025-26-0850,850,Madurai,Madurai East,Thirukanaiva,2026-01-19,2026-02-20,Closed,9.959925,78.276822,KMS 2025-26 as on 12-07-2026,Tamil Nadu Civil Supplies Corporation
TNCSC-KMS2025-26-0851,851,Madurai,Madurai East,Varichur Va,2026-02-04,2026-04-30,Closed,9.910664,78.255226,KMS 2025-26 as on 12-07-2026,Tamil Nadu Civil Supplies Corporation
TNCSC-KMS2025-26-0852,852,Madurai,Madurai East,Velliyankunram Va,2026-02-05,2026-05-02,Closed,10.019704,78.190790,KMS 2025-26 as on 12-07-2026,Tamil Nadu Civil Supplies Corporation
TNCSC-KMS2025-26-0853,853,Madurai,Madurai North,Ambalathadi Va,2026-04-04,2026-05-19,Closed,10.030002,78.093759,KMS 2025-26 as on 12-07-2026,Tamil Nadu Civil Supplies Corporation
TNCSC-KMS2025-26-0854,854,Madurai,Madurai North,Ariyur Va,2025-10-29,2026-05-16,Closed,10.090481,77.939722,KMS 2025-26 as on 12-07-2026,Tamil Nadu Civil Supplies Corporation
TNCSC-KMS2025-26-0855,855,Madurai,Madurai North,Attapatti Va,2025-09-12,2025-09-25,Closed,10.077953,78.395105,KMS 2025-26 as on 12-07-2026,Tamil Nadu Civil Supplies Corporation
TNCSC-KMS2025-26-0856,856,Madurai,Madurai North,Chellananakoundanpatti Va,2026-04-01,2026-05-12,Closed,10.037306,78.065498,KMS 2025-26 as on 12-07-2026,Tamil Nadu Civil Supplies Corporation
TNCSC-KMS2025-26-0857,857,Madurai,Madurai North,Erukalainatham Va,2026-02-14,2026-03-19,Closed,10.016800,78.174649,KMS 2025-26 as on 12-07-2026,Tamil Nadu Civil Supplies Corporation
TNCSC-KMS2025-26-0858,858,Madurai,Madurai North,Kanchirampettai Va,2025-11-01,2026-03-31,Closed,10.029969,78.159008,KMS 2025-26 as on 12-07-2026,Tamil Nadu Civil Supplies Corporation
TNCSC-KMS2025-26-0859,859,Madurai,Madurai North,Keelanedungulam Va,2026-02-09,2026-05-12,Closed,9.921772,78.139060,KMS 2025-26 as on 12-07-2026,Tamil Nadu Civil Supplies Corporation
TNCSC-KMS2025-26-0860,860,Madurai,Madurai North,Kovilpapakudi Va,2026-03-18,2026-04-28,Closed,9.970300,78.084100,KMS 2025-26 as on 12-07-2026,Tamil Nadu Civil Supplies Corporation
TNCSC-KMS2025-26-0861,861,Madurai,Madurai North,Kulamangalam Va,2025-10-25,2026-05-13,Closed,10.008945,78.113516,KMS 2025-26 as on 12-07-2026,Tamil Nadu Civil Supplies Corporation
TNCSC-KMS2025-26-0862,862,Madurai,Madurai North,Moolakurichi Va,2026-02-27,2026-05-15,Closed,10.005129,78.058264,KMS 2025-26 as on 12-07-2026,Tamil Nadu Civil Supplies Corporation
TNCSC-KMS2025-26-0863,863,Madurai,Madurai North,Siruvalai Va,2026-04-07,2026-05-11,Closed,10.019921,78.059865,KMS 2025-26 as on 12-07-2026,Tamil Nadu Civil Supplies Corporation
TNCSC-KMS2025-26-0864,864,Madurai,Madurai North,Thenur Va,2025-09-11,2026-05-07,Closed,10.028539,78.177500,KMS 2025-26 as on 12-07-2026,Tamil Nadu Civil Supplies Corporation
TNCSC-KMS2025-26-0865,865,Madurai,Madurai North,Thodaneri Va,2025-09-11,2026-05-08,Closed,10.028539,78.177500,KMS 2025-26 as on 12-07-2026,Tamil Nadu Civil Supplies Corporation
TNCSC-KMS2025-26-0866,866,Madurai,Madurai North,Vadugapatti Va,2025-10-30,2025-11-25,Closed,10.042356,78.124476,KMS 2025-26 as on 12-07-2026,Tamil Nadu Civil Supplies Corporation
TNCSC-KMS2025-26-0867,867,Madurai,Madurai North,Vairavanatham Va,2025-09-17,2026-05-06,Closed,10.025533,78.046505,KMS 2025-26 as on 12-07-2026,Tamil Nadu Civil Supplies Corporation
TNCSC-KMS2025-26-0868,868,Madurai,Madurai North,Velichanatham Va,2025-11-01,2025-11-27,Closed,9.973470,78.125400,KMS 2025-26 as on 12-07-2026,Tamil Nadu Civil Supplies Corporation
TNCSC-KMS2025-26-0869,869,Madurai,Madurai North,Virapandi Va,2026-03-23,2026-05-07,Closed,10.000661,78.135420,KMS 2025-26 as on 12-07-2026,Tamil Nadu Civil Supplies Corporation
TNCSC-KMS2025-26-0870,870,Madurai,Madurai South,Panaiyur Va,2026-02-04,2026-02-27,Closed,9.932331,78.131831,KMS 2025-26 as on 12-07-2026,Tamil Nadu Civil Supplies Corporation
TNCSC-KMS2025-26-0871,871,Madurai,Madurai West,Melamathur Va,2026-02-23,2026-05-16,Closed,9.976645,78.017651,KMS 2025-26 as on 12-07-2026,Tamil Nadu Civil Supplies Corporation
TNCSC-KMS2025-26-0872,872,Madurai,Madurai West,Vilacheri Va,2026-04-02,2026-05-06,Closed,9.895397,78.061223,KMS 2025-26 as on 12-07-2026,Tamil Nadu Civil Supplies Corporation
TNCSC-KMS2025-26-0873,873,Madurai,Melur,A Vallalapatti Va,2026-02-11,2026-03-29,Closed,10.050008,78.043906,KMS 2025-26 as on 12-07-2026,Tamil Nadu Civil Supplies Corporation
TNCSC-KMS2025-26-0874,874,Madurai,Melur,Ambalakaranpatti Va,2026-02-20,2026-04-27,Closed,9.865660,78.022243,KMS 2025-26 as on 12-07-2026,Tamil Nadu Civil Supplies Corporation
TNCSC-KMS2025-26-0875,875,Madurai,Melur,Amoor Va,2026-02-04,2026-03-10,Closed,9.945800,78.263200,KMS 2025-26 as on 12-07-2026,Tamil Nadu Civil Supplies Corporation
TNCSC-KMS2025-26-0876,876,Madurai,Melur,Arasappanpatti Va,2026-02-12,2026-05-09,Closed,9.962950,78.346813,KMS 2025-26 as on 12-07-2026,Tamil Nadu Civil Supplies Corporation
TNCSC-KMS2025-26-0877,877,Madurai,Melur,Arittapatti Va,2026-02-02,2026-03-26,Closed,10.046430,78.285875,KMS 2025-26 as on 12-07-2026,Tamil Nadu Civil Supplies Corporation
TNCSC-KMS2025-26-0878,878,Madurai,Melur,Attappatti Va,2026-02-14,2026-04-22,Closed,10.078043,78.395686,KMS 2025-26 as on 12-07-2026,Tamil Nadu Civil Supplies Corporation
TNCSC-KMS2025-26-0879,879,Madurai,Melur,Chennakarampattiva,2026-01-29,2026-04-11,Closed,10.084545,78.315795,KMS 2025-26 as on 12-07-2026,Tamil Nadu Civil Supplies Corporation
TNCSC-KMS2025-26-0880,880,Madurai,Melur,E Malampatti Va,2026-02-09,,Open,10.033250,78.310900,KMS 2025-26 as on 12-07-2026,Tamil Nadu Civil Supplies Corporation
TNCSC-KMS2025-26-0881,881,Madurai,Melur,Ettimangalm Va,2026-02-06,2026-04-20,Closed,10.064983,78.318090,KMS 2025-26 as on 12-07-2026,Tamil Nadu Civil Supplies Corporation
TNCSC-KMS2025-26-0882,882,Madurai,Melur,Kallampatti Va,2026-01-27,2026-04-27,Closed,10.023118,78.310230,KMS 2025-26 as on 12-07-2026,Tamil Nadu Civil Supplies Corporation
TNCSC-KMS2025-26-0883,883,Madurai,Melur,Katchirayanpatti Va,2026-02-11,,Open,10.100120,78.354196,KMS 2025-26 as on 12-07-2026,Tamil Nadu Civil Supplies Corporation
TNCSC-KMS2025-26-0884,884,Madurai,Melur,Keelaiyur Va,2026-02-10,2026-04-28,Closed,10.063286,78.384511,KMS 2025-26 as on 12-07-2026,Tamil Nadu Civil Supplies Corporation
TNCSC-KMS2025-26-0885,885,Madurai,Melur,Keelavalavu Va,2026-01-31,,Open,10.061807,78.407403,KMS 2025-26 as on 12-07-2026,Tamil Nadu Civil Supplies Corporation
TNCSC-KMS2025-26-0886,886,Madurai,Melur,Kidaripatti Va,2026-02-06,2026-04-10,Closed,9.922163,77.877620,KMS 2025-26 as on 12-07-2026,Tamil Nadu Civil Supplies Corporation
TNCSC-KMS2025-26-0887,887,Madurai,Melur,Kongampatti Va,2026-01-31,2026-03-13,Closed,10.033250,78.310900,KMS 2025-26 as on 12-07-2026,Tamil Nadu Civil Supplies Corporation
TNCSC-KMS2025-26-0888,888,Madurai,Melur,Kottakudi Va,2026-02-03,2026-05-03,Closed,9.974978,78.344045,KMS 2025-26 as on 12-07-2026,Tamil Nadu Civil Supplies Corporation
TNCSC-KMS2025-26-0889,889,Madurai,Melur,Kurichipatti Va,2026-02-12,2026-04-26,Closed,9.981682,78.430345,KMS 2025-26 as on 12-07-2026,Tamil Nadu Civil Supplies Corporation
TNCSC-KMS2025-26-0890,890,Madurai,Melur,Maruthur Va,2026-02-03,2026-03-05,Closed,9.972475,78.260556,KMS 2025-26 as on 12-07-2026,Tamil Nadu Civil Supplies Corporation
TNCSC-KMS2025-26-0891,891,Madurai,Melur,Melavalavu Va,2026-02-13,2026-05-07,Closed,9.993603,78.012240,KMS 2025-26 as on 12-07-2026,Tamil Nadu Civil Supplies Corporation
TNCSC-KMS2025-26-0892,892,Madurai,Melur,Narasingampatti Va,2025-11-05,2026-04-19,Closed,10.001867,78.265798,KMS 2025-26 as on 12-07-2026,Tamil Nadu Civil Supplies Corporation
TNCSC-KMS2025-26-0893,893,Madurai,Melur,Pathinettankudi Va,2026-01-28,2026-04-13,Closed,10.027692,78.024410,KMS 2025-26 as on 12-07-2026,Tamil Nadu Civil Supplies Corporation
TNCSC-KMS2025-26-0894,894,Madurai,Melur,Perumalpatti Va,2026-01-29,2026-02-27,Closed,10.005348,78.240020,KMS 2025-26 as on 12-07-2026,Tamil Nadu Civil Supplies Corporation
TNCSC-KMS2025-26-0895,895,Madurai,Melur,Puthuchukkampattiva,2026-01-23,2026-04-20,Closed,10.047382,78.337802,KMS 2025-26 as on 12-07-2026,Tamil Nadu Civil Supplies Corporation
TNCSC-KMS2025-26-0896,896,Madurai,Melur,Soorakundu Va,2026-01-23,2026-05-07,Closed,10.020757,78.307936,KMS 2025-26 as on 12-07-2026,Tamil Nadu Civil Supplies Corporation
TNCSC-KMS2025-26-0897,897,Madurai,Melur,Thaniyamangalam Va,2026-02-02,2026-04-11,Closed,10.032363,78.395732,KMS 2025-26 as on 12-07-2026,Tamil Nadu Civil Supplies Corporation
TNCSC-KMS2025-26-0898,898,Madurai,Melur,Therkutheru Va,2026-02-04,2026-03-21,Closed,10.006170,78.283460,KMS 2025-26 as on 12-07-2026,Tamil Nadu Civil Supplies Corporation
TNCSC-KMS2025-26-0899,899,Madurai,Melur,Thiruvathavur Va,2026-02-13,2026-05-14,Closed,9.985612,78.241617,KMS 2025-26 as on 12-07-2026,Tamil Nadu Civil Supplies Corporation
TNCSC-KMS2025-26-0900,900,Madurai,Melur,Thumbaipatti Va,2026-02-13,2026-05-04,Closed,10.090982,78.357578,KMS 2025-26 as on 12-07-2026,Tamil Nadu Civil Supplies Corporation
TNCSC-KMS2025-26-0901,901,Madurai,Melur,Uranganpatti Va,2026-02-03,2026-04-16,Closed,10.000178,78.430983,KMS 2025-26 as on 12-07-2026,Tamil Nadu Civil Supplies Corporation
TNCSC-KMS2025-26-0902,902,Madurai,Melur,Vellalur Va,2026-02-06,2026-04-26,Closed,9.998673,78.408225,KMS 2025-26 as on 12-07-2026,Tamil Nadu Civil Supplies Corporation
TNCSC-KMS2025-26-0903,903,Madurai,Melur,Veppadappu Va,2026-02-03,2026-03-20,Closed,9.916564,78.302293,KMS 2025-26 as on 12-07-2026,Tamil Nadu Civil Supplies Corporation
TNCSC-KMS2025-26-0904,904,Madurai,Peraiyur,Kalappanpatti Va,2026-02-10,2026-05-05,Closed,9.854100,77.853900,KMS 2025-26 as on 12-07-2026,Tamil Nadu Civil Supplies Corporation
TNCSC-KMS2025-26-0905,905,Madurai,Peraiyur,Mallapuram Va,2026-04-08,2026-05-11,Closed,9.830322,77.672664,KMS 2025-26 as on 12-07-2026,Tamil Nadu Civil Supplies Corporation
TNCSC-KMS2025-26-0906,906,Madurai,Peraiyur,Perungamanallur Va,2026-01-24,2026-05-07,Closed,9.868771,77.820467,KMS 2025-26 as on 12-07-2026,Tamil Nadu Civil Supplies Corporation
TNCSC-KMS2025-26-0907,907,Madurai,Peraiyur,Sedapatti Va,2026-02-28,2026-04-29,Closed,9.849206,77.809744,KMS 2025-26 as on 12-07-2026,Tamil Nadu Civil Supplies Corporation
TNCSC-KMS2025-26-0908,908,Madurai,Thirupparankundram,Nilayur Va,2026-05-27,2026-05-30,Closed,9.860500,78.062108,KMS 2025-26 as on 12-07-2026,Tamil Nadu Civil Supplies Corporation
TNCSC-KMS2025-26-0909,909,Madurai,Thirupparankundram,Nilayur1 Va,2026-05-24,2026-05-30,Closed,9.863667,78.054892,KMS 2025-26 as on 12-07-2026,Tamil Nadu Civil Supplies Corporation
TNCSC-KMS2025-26-0910,910,Madurai,Tirumangalam,A Kokkulam Va,2026-02-23,2026-04-07,Closed,9.942024,77.965205,KMS 2025-26 as on 12-07-2026,Tamil Nadu Civil Supplies Corporation
TNCSC-KMS2025-26-0911,911,Madurai,Tirumangalam,Alagusirai Va,2026-02-24,2026-04-22,Closed,9.932410,78.131843,KMS 2025-26 as on 12-07-2026,Tamil Nadu Civil Supplies Corporation
TNCSC-KMS2025-26-0912,912,Madurai,Tirumangalam,Chiththalai Va,2026-01-28,2026-03-17,Closed,9.860533,77.948276,KMS 2025-26 as on 12-07-2026,Tamil Nadu Civil Supplies Corporation
TNCSC-KMS2025-26-0913,913,Madurai,Tirumangalam,Kangeyanatham Va,2026-01-28,2026-04-03,Closed,9.876375,77.888144,KMS 2025-26 as on 12-07-2026,Tamil Nadu Civil Supplies Corporation
TNCSC-KMS2025-26-0914,914,Madurai,Tirumangalam,Ponnamangalam Va,2026-04-13,2026-05-07,Closed,9.894046,77.930038,KMS 2025-26 as on 12-07-2026,Tamil Nadu Civil Supplies Corporation
TNCSC-KMS2025-26-0915,915,Madurai,Tirumangalam,Vagaikulam Vaa,2026-03-03,2026-05-07,Closed,9.903963,77.896127,KMS 2025-26 as on 12-07-2026,Tamil Nadu Civil Supplies Corporation
TNCSC-KMS2025-26-0916,916,Madurai,Usilampatti,A Aundipatti Va,2026-01-30,2026-07-12,Closed,9.984708,77.890023,KMS 2025-26 as on 12-07-2026,Tamil Nadu Civil Supplies Corporation
TNCSC-KMS2025-26-0917,917,Madurai,Usilampatti,A D Colony Va,2026-02-22,2026-04-27,Closed,9.944484,77.895241,KMS 2025-26 as on 12-07-2026,Tamil Nadu Civil Supplies Corporation
TNCSC-KMS2025-26-0918,918,Madurai,Usilampatti,A Pudupatti Va,2026-02-20,2026-05-04,Closed,10.828701,78.378018,KMS 2025-26 as on 12-07-2026,Tamil Nadu Civil Supplies Corporation
TNCSC-KMS2025-26-0919,919,Madurai,Usilampatti,Aanaiyur Va,2026-02-06,2026-03-19,Closed,9.965666,77.840493,KMS 2025-26 as on 12-07-2026,Tamil Nadu Civil Supplies Corporation
TNCSC-KMS2025-26-0920,920,Madurai,Usilampatti,Allikundam Va,2026-02-02,2026-03-28,Closed,9.891070,77.797926,KMS 2025-26 as on 12-07-2026,Tamil Nadu Civil Supplies Corporation
TNCSC-KMS2025-26-0921,921,Madurai,Usilampatti,Ambadaiyanpatti Va,2026-02-18,2026-04-19,Closed,9.970394,78.400821,KMS 2025-26 as on 12-07-2026,Tamil Nadu Civil Supplies Corporation
TNCSC-KMS2025-26-0922,922,Madurai,Usilampatti,Ariyapatti Va,2026-01-27,,Open,9.968738,77.863083,KMS 2025-26 as on 12-07-2026,Tamil Nadu Civil Supplies Corporation
TNCSC-KMS2025-26-0923,923,Madurai,Usilampatti,Ariyapatti Vilakku Va,2026-02-03,,Open,9.949536,77.864776,KMS 2025-26 as on 12-07-2026,Tamil Nadu Civil Supplies Corporation
TNCSC-KMS2025-26-0924,924,Madurai,Usilampatti,Ayyanarkulam Va,2026-02-13,2026-03-30,Closed,9.993800,77.878100,KMS 2025-26 as on 12-07-2026,Tamil Nadu Civil Supplies Corporation
TNCSC-KMS2025-26-0925,925,Madurai,Usilampatti,Chellampatti Va,2026-02-10,2026-07-11,Closed,9.943192,77.898776,KMS 2025-26 as on 12-07-2026,Tamil Nadu Civil Supplies Corporation
TNCSC-KMS2025-26-0926,926,Madurai,Usilampatti,Dhathampatti Va,2026-02-13,2026-03-24,Closed,10.075318,77.967979,KMS 2025-26 as on 12-07-2026,Tamil Nadu Civil Supplies Corporation
TNCSC-KMS2025-26-0927,927,Madurai,Usilampatti,Jothimanickam Va,2026-02-06,,Open,9.959244,77.908746,KMS 2025-26 as on 12-07-2026,Tamil Nadu Civil Supplies Corporation
TNCSC-KMS2025-26-0928,928,Madurai,Usilampatti,K Pothampatti Va,2026-03-13,2026-04-04,Closed,9.941599,77.791905,KMS 2025-26 as on 12-07-2026,Tamil Nadu Civil Supplies Corporation
TNCSC-KMS2025-26-0929,929,Madurai,Usilampatti,Kalpulichanpatti Va,2025-10-28,2025-11-15,Closed,9.998011,77.921421,KMS 2025-26 as on 12-07-2026,Tamil Nadu Civil Supplies Corporation
TNCSC-KMS2025-26-0930,930,Madurai,Usilampatti,Kannanur Va,2026-02-19,2026-03-29,Closed,9.952032,77.951906,KMS 2025-26 as on 12-07-2026,Tamil Nadu Civil Supplies Corporation
TNCSC-KMS2025-26-0931,931,Madurai,Usilampatti,Karuppillai,2026-06-30,,Open,9.968473,77.913305,KMS 2025-26 as on 12-07-2026,Tamil Nadu Civil Supplies Corporation
TNCSC-KMS2025-26-0932,932,Madurai,Usilampatti,Kattakaruppanpatti Va,2026-01-30,2026-03-28,Closed,9.961267,77.851693,KMS 2025-26 as on 12-07-2026,Tamil Nadu Civil Supplies Corporation
TNCSC-KMS2025-26-0933,933,Madurai,Usilampatti,Keelapatti Va,2026-02-16,2026-03-14,Closed,9.981448,77.937432,KMS 2025-26 as on 12-07-2026,Tamil Nadu Civil Supplies Corporation
TNCSC-KMS2025-26-0934,934,Madurai,Usilampatti,Keeripatti Va,2026-02-24,2026-03-21,Closed,9.993264,77.813333,KMS 2025-26 as on 12-07-2026,Tamil Nadu Civil Supplies Corporation
TNCSC-KMS2025-26-0935,935,Madurai,Usilampatti,Kodikulam Va,2026-02-21,,Open,9.939788,78.104678,KMS 2025-26 as on 12-07-2026,Tamil Nadu Civil Supplies Corporation
TNCSC-KMS2025-26-0936,936,Madurai,Usilampatti,Kovilangulam Va,2026-01-30,,Open,9.942481,77.920460,KMS 2025-26 as on 12-07-2026,Tamil Nadu Civil Supplies Corporation
TNCSC-KMS2025-26-0937,937,Madurai,Usilampatti,Kuravakudi Va,2026-06-17,2026-07-09,Closed,9.981143,77.868937,KMS 2025-26 as on 12-07-2026,Tamil Nadu Civil Supplies Corporation
TNCSC-KMS2025-26-0938,938,Madurai,Usilampatti,Manalpatti Va,2026-02-03,2026-03-16,Closed,10.027000,77.882000,KMS 2025-26 as on 12-07-2026,Tamil Nadu Civil Supplies Corporation
TNCSC-KMS2025-26-0939,939,Madurai,Usilampatti,Munduvelampatti Va,2026-02-13,2026-03-31,Closed,9.927808,77.898385,KMS 2025-26 as on 12-07-2026,Tamil Nadu Civil Supplies Corporation
TNCSC-KMS2025-26-0940,940,Madurai,Usilampatti,Muthalaikulam Va,2025-11-14,2026-03-27,Closed,9.944598,77.895601,KMS 2025-26 as on 12-07-2026,Tamil Nadu Civil Supplies Corporation
TNCSC-KMS2025-26-0941,941,Madurai,Usilampatti,N Ayyampatti Va,2026-02-02,2026-03-25,Closed,9.945906,77.886869,KMS 2025-26 as on 12-07-2026,Tamil Nadu Civil Supplies Corporation
TNCSC-KMS2025-26-0942,942,Madurai,Usilampatti,Nadumuthalaikulam Va,2026-02-13,2026-05-05,Closed,9.978000,77.930500,KMS 2025-26 as on 12-07-2026,Tamil Nadu Civil Supplies Corporation
TNCSC-KMS2025-26-0943,943,Madurai,Usilampatti,Nallaperumalpatti Va,2026-01-27,2026-03-25,Closed,9.915109,77.855572,KMS 2025-26 as on 12-07-2026,Tamil Nadu Civil Supplies Corporation
TNCSC-KMS2025-26-0944,944,Madurai,Usilampatti,Nariyampatti Va,2026-02-06,2026-03-28,Closed,10.009871,77.897466,KMS 2025-26 as on 12-07-2026,Tamil Nadu Civil Supplies Corporation
TNCSC-KMS2025-26-0945,945,Madurai,Usilampatti,Nattapatti Va,2026-01-23,2026-02-27,Closed,10.028539,78.177500,KMS 2025-26 as on 12-07-2026,Tamil Nadu Civil Supplies Corporation
TNCSC-KMS2025-26-0946,946,Madurai,Usilampatti,Nattarmangalam Va,2026-02-12,,Open,9.936758,77.881436,KMS 2025-26 as on 12-07-2026,Tamil Nadu Civil Supplies Corporation
TNCSC-KMS2025-26-0947,947,Madurai,Usilampatti,Poduvarpatti Va,2026-02-02,2026-04-21,Closed,9.994600,77.873900,KMS 2025-26 as on 12-07-2026,Tamil Nadu Civil Supplies Corporation
TNCSC-KMS2025-26-0948,948,Madurai,Usilampatti,Poochampatti Va,2026-01-28,2026-03-24,Closed,9.917865,77.948228,KMS 2025-26 as on 12-07-2026,Tamil Nadu Civil Supplies Corporation
TNCSC-KMS2025-26-0949,949,Madurai,Usilampatti,Poruppumettupatti Va,2026-01-24,,Open,9.906337,77.878453,KMS 2025-26 as on 12-07-2026,Tamil Nadu Civil Supplies Corporation
TNCSC-KMS2025-26-0950,950,Madurai,Usilampatti,Sadachipatti Va,2026-01-30,2026-05-06,Closed,10.021756,77.963692,KMS 2025-26 as on 12-07-2026,Tamil Nadu Civil Supplies Corporation
TNCSC-KMS2025-26-0951,951,Madurai,Usilampatti,Sadaiyandi Kovil Va,2026-02-23,2026-03-28,Closed,9.970190,77.876398,KMS 2025-26 as on 12-07-2026,Tamil Nadu Civil Supplies Corporation
TNCSC-KMS2025-26-0952,952,Madurai,Usilampatti,Sakilinkulam Va,2026-01-24,2026-03-07,Closed,9.966543,77.879520,KMS 2025-26 as on 12-07-2026,Tamil Nadu Civil Supplies Corporation
TNCSC-KMS2025-26-0953,953,Madurai,Usilampatti,Sakkaraipatti Va,2026-02-21,2026-04-09,Closed,9.922273,77.877603,KMS 2025-26 as on 12-07-2026,Tamil Nadu Civil Supplies Corporation
TNCSC-KMS2025-26-0954,954,Madurai,Usilampatti,Sekkankovilpatti Va,2026-04-06,2026-05-13,Closed,10.017610,77.896490,KMS 2025-26 as on 12-07-2026,Tamil Nadu Civil Supplies Corporation
TNCSC-KMS2025-26-0955,955,Madurai,Usilampatti,Sinthupatti Va,2026-01-28,2026-03-29,Closed,9.903439,77.867843,KMS 2025-26 as on 12-07-2026,Tamil Nadu Civil Supplies Corporation
TNCSC-KMS2025-26-0956,956,Madurai,Usilampatti,Thidiyan 1 Va,2026-06-26,,Open,9.922076,77.877536,KMS 2025-26 as on 12-07-2026,Tamil Nadu Civil Supplies Corporation
TNCSC-KMS2025-26-0957,957,Madurai,Usilampatti,Thidiyan Va,2026-01-23,,Open,9.922076,77.877536,KMS 2025-26 as on 12-07-2026,Tamil Nadu Civil Supplies Corporation
TNCSC-KMS2025-26-0958,958,Madurai,Usilampatti,Udankattupatti Va,2026-01-29,2026-03-26,Closed,9.990804,77.905534,KMS 2025-26 as on 12-07-2026,Tamil Nadu Civil Supplies Corporation
TNCSC-KMS2025-26-0959,959,Madurai,Usilampatti,Utchappatti Va,2026-02-11,2026-03-30,Closed,9.954543,78.106163,KMS 2025-26 as on 12-07-2026,Tamil Nadu Civil Supplies Corporation
TNCSC-KMS2025-26-0960,960,Madurai,Usilampatti,Uthappanyakkanur Va,2026-02-11,2026-03-29,Closed,10.022660,77.796075,KMS 2025-26 as on 12-07-2026,Tamil Nadu Civil Supplies Corporation
TNCSC-KMS2025-26-0961,961,Madurai,Usilampatti,Vadukapatti Va,2026-06-30,,Open,9.979978,77.903645,KMS 2025-26 as on 12-07-2026,Tamil Nadu Civil Supplies Corporation
TNCSC-KMS2025-26-0962,962,Madurai,Usilampatti,Vagurani Va,2026-01-28,2026-07-08,Closed,9.911803,77.811988,KMS 2025-26 as on 12-07-2026,Tamil Nadu Civil Supplies Corporation
TNCSC-KMS2025-26-0963,963,Madurai,Usilampatti,Valangakulam Va,2026-01-29,2026-03-27,Closed,9.927764,77.890845,KMS 2025-26 as on 12-07-2026,Tamil Nadu Civil Supplies Corporation
TNCSC-KMS2025-26-0964,964,Madurai,Usilampatti,Valanthur Va,2026-01-23,,Open,9.949242,77.888429,KMS 2025-26 as on 12-07-2026,Tamil Nadu Civil Supplies Corporation
TNCSC-KMS2025-26-0965,965,Madurai,Usilampatti,Veppanuthu Va,2026-01-28,2026-03-27,Closed,9.904141,77.836850,KMS 2025-26 as on 12-07-2026,Tamil Nadu Civil Supplies Corporation
TNCSC-KMS2025-26-0966,966,Madurai,Usilampatti,Vikkiramangalam Va,2025-11-05,,Open,10.003023,77.927691,KMS 2025-26 as on 12-07-2026,Tamil Nadu Civil Supplies Corporation
TNCSC-KMS2025-26-0967,967,Madurai,Usilampatti,Vinnakudi Va,2026-02-09,,Open,10.052965,77.907256,KMS 2025-26 as on 12-07-2026,Tamil Nadu Civil Supplies Corporation
TNCSC-KMS2025-26-0968,968,Madurai,Vadipatti,Alagapuri Va,2025-10-28,2025-12-01,Closed,10.066943,78.058100,KMS 2025-26 as on 12-07-2026,Tamil Nadu Civil Supplies Corporation
TNCSC-KMS2025-26-0969,969,Madurai,Vadipatti,Amatchiyapuram Va,2025-10-29,2026-05-23,Closed,10.069302,77.920049,KMS 2025-26 as on 12-07-2026,Tamil Nadu Civil Supplies Corporation
TNCSC-KMS2025-26-0970,970,Madurai,Vadipatti,Ayan Kuruvithurai Va,2025-11-06,2025-11-22,Closed,10.057314,77.906819,KMS 2025-26 as on 12-07-2026,Tamil Nadu Civil Supplies Corporation
TNCSC-KMS2025-26-0971,971,Madurai,Vadipatti,Ayan Thenkarai Va,2025-09-16,,Open,10.090481,77.939722,KMS 2025-26 as on 12-07-2026,Tamil Nadu Civil Supplies Corporation
TNCSC-KMS2025-26-0972,972,Madurai,Vadipatti,Ayyangkottai Va,2026-03-24,2026-04-30,Closed,10.029703,78.013116,KMS 2025-26 as on 12-07-2026,Tamil Nadu Civil Supplies Corporation
TNCSC-KMS2025-26-0973,973,Madurai,Vadipatti,Balakrishnapuram Va,2025-10-31,2026-05-07,Closed,10.060386,77.934665,KMS 2025-26 as on 12-07-2026,Tamil Nadu Civil Supplies Corporation
TNCSC-KMS2025-26-0974,974,Madurai,Vadipatti,Bodinayakanpatti 1 Va,2026-05-09,2026-05-18,Closed,10.082311,77.960009,KMS 2025-26 as on 12-07-2026,Tamil Nadu Civil Supplies Corporation
TNCSC-KMS2025-26-0975,975,Madurai,Vadipatti,Bodinayakanpatti Va,2025-10-22,2026-05-16,Closed,10.082311,77.960009,KMS 2025-26 as on 12-07-2026,Tamil Nadu Civil Supplies Corporation
TNCSC-KMS2025-26-0976,976,Madurai,Vadipatti,C Puthur Va,2026-03-09,2026-05-15,Closed,10.021752,78.020073,KMS 2025-26 as on 12-07-2026,Tamil Nadu Civil Supplies Corporation
TNCSC-KMS2025-26-0977,977,Madurai,Vadipatti,Chinna Illanthakulam Va,2025-10-30,,Open,10.054800,78.057800,KMS 2025-26 as on 12-07-2026,Tamil Nadu Civil Supplies Corporation
TNCSC-KMS2025-26-0978,978,Madurai,Vadipatti,Irumbadi Va,2025-10-29,2026-05-15,Closed,10.045854,77.935984,KMS 2025-26 as on 12-07-2026,Tamil Nadu Civil Supplies Corporation
TNCSC-KMS2025-26-0979,979,Madurai,Vadipatti,Kallanai Va,2025-11-03,2026-05-14,Closed,10.039229,78.084987,KMS 2025-26 as on 12-07-2026,Tamil Nadu Civil Supplies Corporation
TNCSC-KMS2025-26-0980,980,Madurai,Vadipatti,Kalvelipatti Va,2025-10-27,2026-05-08,Closed,10.023830,78.223520,KMS 2025-26 as on 12-07-2026,Tamil Nadu Civil Supplies Corporation
TNCSC-KMS2025-26-0981,981,Madurai,Vadipatti,Karupatti Va,2025-10-27,2026-05-19,Closed,10.066000,77.929729,KMS 2025-26 as on 12-07-2026,Tamil Nadu Civil Supplies Corporation
TNCSC-KMS2025-26-0982,982,Madurai,Vadipatti,Kattakulam 1Va,2025-11-24,2025-12-03,Closed,9.932376,78.131763,KMS 2025-26 as on 12-07-2026,Tamil Nadu Civil Supplies Corporation
TNCSC-KMS2025-26-0983,983,Madurai,Vadipatti,Kattakulam Va,2025-10-22,2026-05-20,Closed,10.021600,77.986600,KMS 2025-26 as on 12-07-2026,Tamil Nadu Civil Supplies Corporation
TNCSC-KMS2025-26-0984,984,Madurai,Vadipatti,Kovil Kuruvithurai Va,2026-03-02,2026-05-14,Closed,10.047121,77.910978,KMS 2025-26 as on 12-07-2026,Tamil Nadu Civil Supplies Corporation
TNCSC-KMS2025-26-0985,985,Madurai,Vadipatti,Kumaram Va,2025-10-29,2026-05-10,Closed,10.008367,78.098462,KMS 2025-26 as on 12-07-2026,Tamil Nadu Civil Supplies Corporation
TNCSC-KMS2025-26-0986,986,Madurai,Vadipatti,Mannadimangalam Va,2025-11-06,2026-05-15,Closed,10.036559,77.933034,KMS 2025-26 as on 12-07-2026,Tamil Nadu Civil Supplies Corporation
TNCSC-KMS2025-26-0987,987,Madurai,Vadipatti,Mettuneerathen Va,2026-04-06,2026-05-08,Closed,10.052986,77.972652,KMS 2025-26 as on 12-07-2026,Tamil Nadu Civil Supplies Corporation
TNCSC-KMS2025-26-0988,988,Madurai,Vadipatti,Mullipallam Va,2025-10-27,2026-05-22,Closed,10.028989,77.945450,KMS 2025-26 as on 12-07-2026,Tamil Nadu Civil Supplies Corporation
TNCSC-KMS2025-26-0989,989,Madurai,Vadipatti,Nedunkulam Va,2026-03-23,2026-05-14,Closed,10.021756,77.963692,KMS 2025-26 as on 12-07-2026,Tamil Nadu Civil Supplies Corporation
TNCSC-KMS2025-26-0990,990,Madurai,Vadipatti,Neerathan Va,2025-10-28,2026-05-09,Closed,10.070870,77.963773,KMS 2025-26 as on 12-07-2026,Tamil Nadu Civil Supplies Corporation
TNCSC-KMS2025-26-0991,991,Madurai,Vadipatti,Pannaikudi Va,2025-10-31,2026-05-18,Closed,10.023519,78.120709,KMS 2025-26 as on 12-07-2026,Tamil Nadu Civil Supplies Corporation
TNCSC-KMS2025-26-0992,992,Madurai,Vadipatti,Periyaillanthakulam Va,2025-11-01,2026-05-12,Closed,10.067999,78.049861,KMS 2025-26 as on 12-07-2026,Tamil Nadu Civil Supplies Corporation
TNCSC-KMS2025-26-0993,993,Madurai,Vadipatti,Pombanpatti Va,2025-10-29,2026-05-16,Closed,10.076551,77.926197,KMS 2025-26 as on 12-07-2026,Tamil Nadu Civil Supplies Corporation
TNCSC-KMS2025-26-0994,994,Madurai,Vadipatti,Sholavandan Va,2025-10-31,2026-05-18,Closed,10.043584,77.978694,KMS 2025-26 as on 12-07-2026,Tamil Nadu Civil Supplies Corporation
TNCSC-KMS2025-26-0995,995,Madurai,Vadipatti,Sithalankudi Va,2026-04-22,2026-05-21,Closed,10.013224,78.025711,KMS 2025-26 as on 12-07-2026,Tamil Nadu Civil Supplies Corporation
TNCSC-KMS2025-26-0996,996,Madurai,Vadipatti,T Andipatti Va,2025-10-25,2025-11-28,Closed,10.058920,77.989032,KMS 2025-26 as on 12-07-2026,Tamil Nadu Civil Supplies Corporation
TNCSC-KMS2025-26-0997,997,Madurai,Vadipatti,Thandalai Va,2025-10-30,2026-05-05,Closed,10.018615,78.101100,KMS 2025-26 as on 12-07-2026,Tamil Nadu Civil Supplies Corporation
TNCSC-KMS2025-26-0998,998,Madurai,Vadipatti,Thanichiyam Va,2025-10-29,2026-05-15,Closed,10.048700,77.997200,KMS 2025-26 as on 12-07-2026,Tamil Nadu Civil Supplies Corporation
TNCSC-KMS2025-26-0999,999,Madurai,Vadipatti,Thathampatti Va,2025-11-04,2026-05-12,Closed,10.062970,77.968900,KMS 2025-26 as on 12-07-2026,Tamil Nadu Civil Supplies Corporation
TNCSC-KMS2025-26-1000,1000,Madurai,Vadipatti,Thirumalnatham Va,2026-04-11,2026-05-17,Closed,10.019660,77.989402,KMS 2025-26 as on 12-07-2026,Tamil Nadu Civil Supplies Corporation
TNCSC-KMS2025-26-1001,1001,Madurai,Vadipatti,Vadguvadi Va,2026-04-07,2026-05-14,Closed,10.050494,77.995886,KMS 2025-26 as on 12-07-2026,Tamil Nadu Civil Supplies Corporation
TNCSC-KMS2025-26-1002,1002,Madurai,Vadipatti,Vavida Maruthur Va,2025-10-30,2026-04-30,Closed,10.048676,78.120768,KMS 2025-26 as on 12-07-2026,Tamil Nadu Civil Supplies Corporation
TNCSC-KMS2025-26-1003,1003,Mayiladuthurai,Kuthalam,105 Thirumangalam Dpc,2026-02-18,2026-05-06,Closed,10.982138,79.607830,KMS 2025-26 as on 12-07-2026,Tamil Nadu Civil Supplies Corporation
TNCSC-KMS2025-26-1004,1004,Mayiladuthurai,Kuthalam,52 Villiyanallur,2025-09-03,2026-03-25,Closed,11.091094,79.552792,KMS 2025-26 as on 12-07-2026,Tamil Nadu Civil Supplies Corporation
TNCSC-KMS2025-26-1005,1005,Mayiladuthurai,Kuthalam,Alangudi,2025-09-02,2026-03-26,Closed,11.108135,79.553778,KMS 2025-26 as on 12-07-2026,Tamil Nadu Civil Supplies Corporation
TNCSC-KMS2025-26-1006,1006,Mayiladuthurai,Kuthalam,Ananthanallur,2025-09-03,2026-04-09,Closed,11.020937,79.604594,KMS 2025-26 as on 12-07-2026,Tamil Nadu Civil Supplies Corporation
TNCSC-KMS2025-26-1007,1007,Mayiladuthurai,Kuthalam,Arivaloor,2025-09-03,2026-04-18,Closed,11.057886,79.656140,KMS 2025-26 as on 12-07-2026,Tamil Nadu Civil Supplies Corporation
TNCSC-KMS2025-26-1008,1008,Mayiladuthurai,Kuthalam,Asikadu,2025-09-03,2026-05-03,Closed,11.058650,79.607780,KMS 2025-26 as on 12-07-2026,Tamil Nadu Civil Supplies Corporation
TNCSC-KMS2025-26-1009,1009,Mayiladuthurai,Kuthalam,Ezhumagalur,2025-09-03,2026-04-17,Closed,10.999936,79.625987,KMS 2025-26 as on 12-07-2026,Tamil Nadu Civil Supplies Corporation
TNCSC-KMS2025-26-1010,1010,Mayiladuthurai,Kuthalam,Gangadharapuram,2025-09-03,2026-05-04,Closed,10.999293,79.606435,KMS 2025-26 as on 12-07-2026,Tamil Nadu Civil Supplies Corporation
TNCSC-KMS2025-26-1011,1011,Mayiladuthurai,Kuthalam,Kaanchivoi,2025-09-03,2026-04-19,Closed,11.010090,79.550908,KMS 2025-26 as on 12-07-2026,Tamil Nadu Civil Supplies Corporation
TNCSC-KMS2025-26-1012,1012,Mayiladuthurai,Kuthalam,Kadalangudi 4 Dpc,2025-09-03,2026-05-19,Closed,11.082344,79.580708,KMS 2025-26 as on 12-07-2026,Tamil Nadu Civil Supplies Corporation
TNCSC-KMS2025-26-1013,1013,Mayiladuthurai,Kuthalam,Kandhamangalam,2025-09-05,2026-04-18,Closed,11.020901,79.604465,KMS 2025-26 as on 12-07-2026,Tamil Nadu Civil Supplies Corporation
TNCSC-KMS2025-26-1014,1014,Mayiladuthurai,Kuthalam,Kappur,2025-09-03,2026-04-07,Closed,11.029497,79.629076,KMS 2025-26 as on 12-07-2026,Tamil Nadu Civil Supplies Corporation
TNCSC-KMS2025-26-1015,1015,Mayiladuthurai,Kuthalam,Karuppur,2025-09-02,2026-05-01,Closed,11.319225,79.677820,KMS 2025-26 as on 12-07-2026,Tamil Nadu Civil Supplies Corporation
TNCSC-KMS2025-26-1016,1016,Mayiladuthurai,Kuthalam,Kizhaparuthikudi,2025-09-03,2026-05-07,Closed,10.979959,79.564210,KMS 2025-26 as on 12-07-2026,Tamil Nadu Civil Supplies Corporation
TNCSC-KMS2025-26-1017,1017,Mayiladuthurai,Kuthalam,Kodimangalam,2025-09-03,2026-04-14,Closed,10.998493,79.539200,KMS 2025-26 as on 12-07-2026,Tamil Nadu Civil Supplies Corporation
TNCSC-KMS2025-26-1018,1018,Mayiladuthurai,Kuthalam,Kokkur,2025-09-04,2026-04-15,Closed,11.028603,79.568131,KMS 2025-26 as on 12-07-2026,Tamil Nadu Civil Supplies Corporation
TNCSC-KMS2025-26-1019,1019,Mayiladuthurai,Kuthalam,Komal Kizhasethi,2025-09-04,2026-05-03,Closed,11.021196,79.591091,KMS 2025-26 as on 12-07-2026,Tamil Nadu Civil Supplies Corporation
TNCSC-KMS2025-26-1020,1020,Mayiladuthurai,Kuthalam,Konerirajapuram-1,2025-09-03,2026-05-07,Closed,11.009433,79.506145,KMS 2025-26 as on 12-07-2026,Tamil Nadu Civil Supplies Corporation
TNCSC-KMS2025-26-1021,1021,Mayiladuthurai,Kuthalam,Kozhaiyur,2025-09-03,2026-05-07,Closed,11.031352,79.603037,KMS 2025-26 as on 12-07-2026,Tamil Nadu Civil Supplies Corporation
TNCSC-KMS2025-26-1022,1022,Mayiladuthurai,Kuthalam,Kuthalam,2025-09-03,2026-05-15,Closed,11.066310,79.555228,KMS 2025-26 as on 12-07-2026,Tamil Nadu Civil Supplies Corporation
TNCSC-KMS2025-26-1023,1023,Mayiladuthurai,Kuthalam,Manganallur,2025-09-03,2026-05-07,Closed,11.027862,79.652099,KMS 2025-26 as on 12-07-2026,Tamil Nadu Civil Supplies Corporation
TNCSC-KMS2025-26-1024,1024,Mayiladuthurai,Kuthalam,Mathirimangalam,2025-09-03,2026-04-29,Closed,11.057427,79.534902,KMS 2025-26 as on 12-07-2026,Tamil Nadu Civil Supplies Corporation
TNCSC-KMS2025-26-1025,1025,Mayiladuthurai,Kuthalam,Mekkirimangalam,2025-09-03,2026-04-20,Closed,11.045423,79.544322,KMS 2025-26 as on 12-07-2026,Tamil Nadu Civil Supplies Corporation
TNCSC-KMS2025-26-1026,1026,Mayiladuthurai,Kuthalam,Melahalangan,2026-02-09,2026-05-07,Closed,10.996568,79.529457,KMS 2025-26 as on 12-07-2026,Tamil Nadu Civil Supplies Corporation
TNCSC-KMS2025-26-1027,1027,Mayiladuthurai,Kuthalam,Melaiyur,2025-09-03,2026-05-14,Closed,11.044530,79.575258,KMS 2025-26 as on 12-07-2026,Tamil Nadu Civil Supplies Corporation
TNCSC-KMS2025-26-1028,1028,Mayiladuthurai,Kuthalam,Melamanganalur,2025-09-03,2026-05-13,Closed,11.024632,79.640416,KMS 2025-26 as on 12-07-2026,Tamil Nadu Civil Supplies Corporation
TNCSC-KMS2025-26-1029,1029,Mayiladuthurai,Kuthalam,Nachinarkudi,2025-09-03,2026-03-31,Closed,11.018457,79.570688,KMS 2025-26 as on 12-07-2026,Tamil Nadu Civil Supplies Corporation
TNCSC-KMS2025-26-1030,1030,Mayiladuthurai,Kuthalam,Nagamangalam,2026-02-09,2026-03-16,Closed,11.102298,79.560776,KMS 2025-26 as on 12-07-2026,Tamil Nadu Civil Supplies Corporation
TNCSC-KMS2025-26-1031,1031,Mayiladuthurai,Kuthalam,Nakkambadi,2025-09-03,2026-05-12,Closed,11.016780,79.545193,KMS 2025-26 as on 12-07-2026,Tamil Nadu Civil Supplies Corporation
TNCSC-KMS2025-26-1032,1032,Mayiladuthurai,Kuthalam,Nallavoor,2025-09-03,2026-04-27,Closed,11.016835,79.545117,KMS 2025-26 as on 12-07-2026,Tamil Nadu Civil Supplies Corporation
TNCSC-KMS2025-26-1033,1033,Mayiladuthurai,Kuthalam,Paalaiyur,2025-09-02,2026-04-14,Closed,10.994359,79.563229,KMS 2025-26 as on 12-07-2026,Tamil Nadu Civil Supplies Corporation
TNCSC-KMS2025-26-1034,1034,Mayiladuthurai,Kuthalam,Palayakudalur,2025-09-03,2026-04-19,Closed,11.033364,79.555361,KMS 2025-26 as on 12-07-2026,Tamil Nadu Civil Supplies Corporation
TNCSC-KMS2025-26-1035,1035,Mayiladuthurai,Kuthalam,Peravoor,2025-09-03,2026-04-25,Closed,11.016823,79.545326,KMS 2025-26 as on 12-07-2026,Tamil Nadu Civil Supplies Corporation
TNCSC-KMS2025-26-1036,1036,Mayiladuthurai,Kuthalam,Peruncheri,2025-09-03,2026-05-06,Closed,11.035896,79.663358,KMS 2025-26 as on 12-07-2026,Tamil Nadu Civil Supplies Corporation
TNCSC-KMS2025-26-1037,1037,Mayiladuthurai,Kuthalam,Poigai Valaranatham Dpc,2025-09-03,2026-03-21,Closed,10.967999,79.552182,KMS 2025-26 as on 12-07-2026,Tamil Nadu Civil Supplies Corporation
TNCSC-KMS2025-26-1038,1038,Mayiladuthurai,Kuthalam,Porumpur,2026-02-02,2026-05-02,Closed,11.090533,79.752035,KMS 2025-26 as on 12-07-2026,Tamil Nadu Civil Supplies Corporation
TNCSC-KMS2025-26-1039,1039,Mayiladuthurai,Kuthalam,Sembiyankomal,2025-09-03,2026-04-07,Closed,11.011963,79.601031,KMS 2025-26 as on 12-07-2026,Tamil Nadu Civil Supplies Corporation
TNCSC-KMS2025-26-1040,1040,Mayiladuthurai,Kuthalam,Sivanaraharam,2025-09-03,2026-04-04,Closed,10.969794,79.524566,KMS 2025-26 as on 12-07-2026,Tamil Nadu Civil Supplies Corporation
TNCSC-KMS2025-26-1041,1041,Mayiladuthurai,Kuthalam,Taththangudi,2025-09-02,2026-04-18,Closed,11.029484,79.653193,KMS 2025-26 as on 12-07-2026,Tamil Nadu Civil Supplies Corporation
TNCSC-KMS2025-26-1042,1042,Mayiladuthurai,Kuthalam,Therezhandur,2025-09-03,2026-04-02,Closed,11.021696,79.588964,KMS 2025-26 as on 12-07-2026,Tamil Nadu Civil Supplies Corporation
TNCSC-KMS2025-26-1043,1043,Mayiladuthurai,Kuthalam,Thirumananjeri,2026-02-04,2026-04-08,Closed,11.105073,79.566787,KMS 2025-26 as on 12-07-2026,Tamil Nadu Civil Supplies Corporation
TNCSC-KMS2025-26-1044,1044,Mayiladuthurai,Kuthalam,Thirunalkondaicheri,2026-02-09,2026-04-08,Closed,11.044842,79.646200,KMS 2025-26 as on 12-07-2026,Tamil Nadu Civil Supplies Corporation
TNCSC-KMS2025-26-1045,1045,Mayiladuthurai,Kuthalam,Thiruvaduthurai,2025-09-03,2026-04-24,Closed,11.027914,79.526921,KMS 2025-26 as on 12-07-2026,Tamil Nadu Civil Supplies Corporation
TNCSC-KMS2025-26-1046,1046,Mayiladuthurai,Kuthalam,Thiruvalangadu,2025-09-02,2026-05-06,Closed,11.045138,79.529808,KMS 2025-26 as on 12-07-2026,Tamil Nadu Civil Supplies Corporation
TNCSC-KMS2025-26-1047,1047,Mayiladuthurai,Kuthalam,Thozhudalangudi,2025-09-03,2026-04-11,Closed,11.062398,79.579823,KMS 2025-26 as on 12-07-2026,Tamil Nadu Civil Supplies Corporation
TNCSC-KMS2025-26-1048,1048,Mayiladuthurai,Kuthalam,Vaigal Dpc,2025-09-03,2026-05-14,Closed,10.983567,79.516179,KMS 2025-26 as on 12-07-2026,Tamil Nadu Civil Supplies Corporation
TNCSC-KMS2025-26-1049,1049,Mayiladuthurai,Kuthalam,Vanathirajapuram Dpc,2025-09-08,2026-04-23,Closed,11.092283,79.586125,KMS 2025-26 as on 12-07-2026,Tamil Nadu Civil Supplies Corporation
TNCSC-KMS2025-26-1050,1050,Mayiladuthurai,Kuthalam,Vazhuvoor,2025-09-03,2026-04-09,Closed,11.044950,79.652801,KMS 2025-26 as on 12-07-2026,Tamil Nadu Civil Supplies Corporation
TNCSC-KMS2025-26-1051,1051,Mayiladuthurai,Mayiladuthurai,204 Thirumangalam,2025-09-03,2026-04-18,Closed,11.120724,79.583389,KMS 2025-26 as on 12-07-2026,Tamil Nadu Civil Supplies Corporation
TNCSC-KMS2025-26-1052,1052,Mayiladuthurai,Mayiladuthurai,24 Villiyanallur,2025-09-03,2026-04-24,Closed,11.176777,79.630486,KMS 2025-26 as on 12-07-2026,Tamil Nadu Civil Supplies Corporation
TNCSC-KMS2025-26-1053,1053,Mayiladuthurai,Mayiladuthurai,26 Sethur,2025-09-03,2026-04-14,Closed,11.183530,79.664913,KMS 2025-26 as on 12-07-2026,Tamil Nadu Civil Supplies Corporation
TNCSC-KMS2025-26-1054,1054,Mayiladuthurai,Mayiladuthurai,Aanandhakudi,2025-09-03,2026-04-23,Closed,11.112813,79.608515,KMS 2025-26 as on 12-07-2026,Tamil Nadu Civil Supplies Corporation
TNCSC-KMS2025-26-1055,1055,Mayiladuthurai,Mayiladuthurai,Aathukkudi,2025-09-03,2026-04-19,Closed,11.168496,79.690611,KMS 2025-26 as on 12-07-2026,Tamil Nadu Civil Supplies Corporation
TNCSC-KMS2025-26-1056,1056,Mayiladuthurai,Mayiladuthurai,Aathur,2026-02-03,2026-04-22,Closed,11.172870,79.577090,KMS 2025-26 as on 12-07-2026,Tamil Nadu Civil Supplies Corporation
TNCSC-KMS2025-26-1057,1057,Mayiladuthurai,Mayiladuthurai,Agarakeerangudi,2026-02-17,,Open,11.072775,79.666597,KMS 2025-26 as on 12-07-2026,Tamil Nadu Civil Supplies Corporation
TNCSC-KMS2025-26-1058,1058,Mayiladuthurai,Mayiladuthurai,Anathandavapuram,2025-09-03,2026-04-16,Closed,11.138634,79.659682,KMS 2025-26 as on 12-07-2026,Tamil Nadu Civil Supplies Corporation
TNCSC-KMS2025-26-1059,1059,Mayiladuthurai,Mayiladuthurai,Arunmozhidevan,2025-09-03,2026-04-14,Closed,11.124926,79.621500,KMS 2025-26 as on 12-07-2026,Tamil Nadu Civil Supplies Corporation
TNCSC-KMS2025-26-1060,1060,Mayiladuthurai,Mayiladuthurai,Elanthoppu,2025-09-03,2026-05-02,Closed,11.206025,79.643814,KMS 2025-26 as on 12-07-2026,Tamil Nadu Civil Supplies Corporation
TNCSC-KMS2025-26-1061,1061,Mayiladuthurai,Mayiladuthurai,Kaali Dpc,2025-09-03,2026-04-19,Closed,11.136766,79.577680,KMS 2025-26 as on 12-07-2026,Tamil Nadu Civil Supplies Corporation
TNCSC-KMS2025-26-1062,1062,Mayiladuthurai,Mayiladuthurai,Kadalangudi 2 Dpc,2025-09-03,2026-04-16,Closed,11.170678,79.558785,KMS 2025-26 as on 12-07-2026,Tamil Nadu Civil Supplies Corporation
TNCSC-KMS2025-26-1063,1063,Mayiladuthurai,Mayiladuthurai,Kesingan,2025-09-02,2026-04-09,Closed,11.175984,79.580888,KMS 2025-26 as on 12-07-2026,Tamil Nadu Civil Supplies Corporation
TNCSC-KMS2025-26-1064,1064,Mayiladuthurai,Mayiladuthurai,Kizhai,2025-09-03,2026-03-28,Closed,11.189014,79.610524,KMS 2025-26 as on 12-07-2026,Tamil Nadu Civil Supplies Corporation
TNCSC-KMS2025-26-1065,1065,Mayiladuthurai,Mayiladuthurai,Kodangudi,2025-09-03,2026-04-01,Closed,11.069316,79.688825,KMS 2025-26 as on 12-07-2026,Tamil Nadu Civil Supplies Corporation
TNCSC-KMS2025-26-1066,1066,Mayiladuthurai,Mayiladuthurai,Korkai,2025-09-03,2026-05-02,Closed,11.147085,79.608953,KMS 2025-26 as on 12-07-2026,Tamil Nadu Civil Supplies Corporation
TNCSC-KMS2025-26-1067,1067,Mayiladuthurai,Mayiladuthurai,Kuruchi,2025-09-03,2026-04-27,Closed,11.231613,79.627841,KMS 2025-26 as on 12-07-2026,Tamil Nadu Civil Supplies Corporation
TNCSC-KMS2025-26-1068,1068,Mayiladuthurai,Mayiladuthurai,Maharajapuram,2025-09-03,2026-04-28,Closed,11.118888,79.613203,KMS 2025-26 as on 12-07-2026,Tamil Nadu Civil Supplies Corporation
TNCSC-KMS2025-26-1069,1069,Mayiladuthurai,Mayiladuthurai,Malliyam,2025-09-02,2026-03-17,Closed,11.083310,79.597361,KMS 2025-26 as on 12-07-2026,Tamil Nadu Civil Supplies Corporation
TNCSC-KMS2025-26-1070,1070,Mayiladuthurai,Mayiladuthurai,Manakudi,2025-09-03,2026-05-06,Closed,11.110958,79.687461,KMS 2025-26 as on 12-07-2026,Tamil Nadu Civil Supplies Corporation
TNCSC-KMS2025-26-1071,1071,Mayiladuthurai,Mayiladuthurai,Manalmedu,2025-09-03,2026-04-26,Closed,11.190298,79.589618,KMS 2025-26 as on 12-07-2026,Tamil Nadu Civil Supplies Corporation
TNCSC-KMS2025-26-1072,1072,Mayiladuthurai,Mayiladuthurai,Mannampandal,2025-09-03,2026-04-15,Closed,11.099642,79.696623,KMS 2025-26 as on 12-07-2026,Tamil Nadu Civil Supplies Corporation
TNCSC-KMS2025-26-1073,1073,Mayiladuthurai,Mayiladuthurai,Maraiyur,2025-09-09,2026-05-10,Closed,11.179963,79.783038,KMS 2025-26 as on 12-07-2026,Tamil Nadu Civil Supplies Corporation
TNCSC-KMS2025-26-1074,1074,Mayiladuthurai,Mayiladuthurai,Melanallur,2025-09-10,2026-04-21,Closed,11.180118,79.648451,KMS 2025-26 as on 12-07-2026,Tamil Nadu Civil Supplies Corporation
TNCSC-KMS2025-26-1075,1075,Mayiladuthurai,Mayiladuthurai,Moovalur,2025-09-05,2026-03-23,Closed,11.090185,79.609639,KMS 2025-26 as on 12-07-2026,Tamil Nadu Civil Supplies Corporation
TNCSC-KMS2025-26-1076,1076,Mayiladuthurai,Mayiladuthurai,Mozhaiyur,2026-02-09,2026-04-27,Closed,11.141513,79.683155,KMS 2025-26 as on 12-07-2026,Tamil Nadu Civil Supplies Corporation
TNCSC-KMS2025-26-1077,1077,Mayiladuthurai,Mayiladuthurai,Mudikondanallur,2025-09-03,2026-04-10,Closed,11.200781,79.566811,KMS 2025-26 as on 12-07-2026,Tamil Nadu Civil Supplies Corporation
TNCSC-KMS2025-26-1078,1078,Mayiladuthurai,Mayiladuthurai,Murugamangalam,2025-09-03,2026-04-07,Closed,11.115459,79.564199,KMS 2025-26 as on 12-07-2026,Tamil Nadu Civil Supplies Corporation
TNCSC-KMS2025-26-1079,1079,Mayiladuthurai,Mayiladuthurai,Nallathukudi,2025-09-03,2026-04-18,Closed,11.084958,79.665087,KMS 2025-26 as on 12-07-2026,Tamil Nadu Civil Supplies Corporation
TNCSC-KMS2025-26-1080,1080,Mayiladuthurai,Mayiladuthurai,Namachivayapuram,2025-09-02,2026-04-25,Closed,11.152308,79.573111,KMS 2025-26 as on 12-07-2026,Tamil Nadu Civil Supplies Corporation
TNCSC-KMS2025-26-1081,1081,Mayiladuthurai,Mayiladuthurai,Nidur,2025-09-03,2026-05-06,Closed,11.139678,79.642950,KMS 2025-26 as on 12-07-2026,Tamil Nadu Civil Supplies Corporation
TNCSC-KMS2025-26-1082,1082,Mayiladuthurai,Mayiladuthurai,Paandur,2025-09-04,2026-04-09,Closed,11.134213,79.609950,KMS 2025-26 as on 12-07-2026,Tamil Nadu Civil Supplies Corporation
TNCSC-KMS2025-26-1083,1083,Mayiladuthurai,Mayiladuthurai,Pattamangalam,2025-09-05,2026-04-07,Closed,11.083253,79.656167,KMS 2025-26 as on 12-07-2026,Tamil Nadu Civil Supplies Corporation
TNCSC-KMS2025-26-1084,1084,Mayiladuthurai,Mayiladuthurai,Seruthiyur,2025-09-03,2026-04-07,Closed,11.089275,79.678560,KMS 2025-26 as on 12-07-2026,Tamil Nadu Civil Supplies Corporation
TNCSC-KMS2025-26-1085,1085,Mayiladuthurai,Mayiladuthurai,Sithamalli,2025-09-03,2026-04-11,Closed,11.244168,79.617304,KMS 2025-26 as on 12-07-2026,Tamil Nadu Civil Supplies Corporation
TNCSC-KMS2025-26-1086,1086,Mayiladuthurai,Mayiladuthurai,Thazhanchery,2025-09-02,2026-04-20,Closed,11.161763,79.607663,KMS 2025-26 as on 12-07-2026,Tamil Nadu Civil Supplies Corporation
TNCSC-KMS2025-26-1087,1087,Mayiladuthurai,Mayiladuthurai,Thiruchitrambalam,2025-09-02,2026-04-11,Closed,11.165041,79.550371,KMS 2025-26 as on 12-07-2026,Tamil Nadu Civil Supplies Corporation
TNCSC-KMS2025-26-1088,1088,Mayiladuthurai,Mayiladuthurai,Thiruindalur,2025-09-03,2026-04-18,Closed,11.116288,79.652769,KMS 2025-26 as on 12-07-2026,Tamil Nadu Civil Supplies Corporation
TNCSC-KMS2025-26-1089,1089,Mayiladuthurai,Mayiladuthurai,Thiruvalaputhur,2025-09-04,2026-03-27,Closed,11.207845,79.616718,KMS 2025-26 as on 12-07-2026,Tamil Nadu Civil Supplies Corporation
TNCSC-KMS2025-26-1090,1090,Mayiladuthurai,Mayiladuthurai,Uluthukuppai,2026-02-13,2026-05-07,Closed,11.126897,79.685863,KMS 2025-26 as on 12-07-2026,Tamil Nadu Civil Supplies Corporation
TNCSC-KMS2025-26-1091,1091,Mayiladuthurai,Mayiladuthurai,Varathampattu,2025-09-03,2026-04-21,Closed,11.194155,79.621285,KMS 2025-26 as on 12-07-2026,Tamil Nadu Civil Supplies Corporation
TNCSC-KMS2025-26-1092,1092,Mayiladuthurai,Sirkazhi,81 Keezhaiyur,2025-09-03,2026-04-20,Closed,11.146393,79.845895,KMS 2025-26 as on 12-07-2026,Tamil Nadu Civil Supplies Corporation
TNCSC-KMS2025-26-1093,1093,Mayiladuthurai,Sirkazhi,Aachalpuram,2026-02-04,2026-04-08,Closed,11.359492,79.368403,KMS 2025-26 as on 12-07-2026,Tamil Nadu Civil Supplies Corporation
TNCSC-KMS2025-26-1094,1094,Mayiladuthurai,Sirkazhi,Aalangadu,2025-09-03,2026-05-08,Closed,11.273600,79.788395,KMS 2025-26 as on 12-07-2026,Tamil Nadu Civil Supplies Corporation
TNCSC-KMS2025-26-1095,1095,Mayiladuthurai,Sirkazhi,Aalaveli,2025-09-02,2026-06-09,Closed,11.146518,79.713575,KMS 2025-26 as on 12-07-2026,Tamil Nadu Civil Supplies Corporation
TNCSC-KMS2025-26-1096,1096,Mayiladuthurai,Sirkazhi,Agani,2025-09-03,2026-04-20,Closed,11.247943,79.707529,KMS 2025-26 as on 12-07-2026,Tamil Nadu Civil Supplies Corporation
TNCSC-KMS2025-26-1097,1097,Mayiladuthurai,Sirkazhi,Alakudy,2026-02-06,2026-04-19,Closed,11.359519,79.768332,KMS 2025-26 as on 12-07-2026,Tamil Nadu Civil Supplies Corporation
TNCSC-KMS2025-26-1098,1098,Mayiladuthurai,Sirkazhi,Arasur,2025-09-03,2026-04-20,Closed,12.284502,79.867165,KMS 2025-26 as on 12-07-2026,Tamil Nadu Civil Supplies Corporation
TNCSC-KMS2025-26-1099,1099,Mayiladuthurai,Sirkazhi,Edagudivadapathi - 1,2026-02-06,2026-04-19,Closed,11.192429,79.732079,KMS 2025-26 as on 12-07-2026,Tamil Nadu Civil Supplies Corporation
TNCSC-KMS2025-26-1100,1100,Mayiladuthurai,Sirkazhi,Edamanal,2026-02-02,2026-04-17,Closed,11.255451,79.803115,KMS 2025-26 as on 12-07-2026,Tamil Nadu Civil Supplies Corporation
TNCSC-KMS2025-26-1101,1101,Mayiladuthurai,Sirkazhi,Erukkur,2026-02-11,2026-05-01,Closed,11.276823,79.713661,KMS 2025-26 as on 12-07-2026,Tamil Nadu Civil Supplies Corporation
TNCSC-KMS2025-26-1102,1102,Mayiladuthurai,Sirkazhi,Erumal Dpc,2025-09-03,2026-04-19,Closed,11.153476,79.737720,KMS 2025-26 as on 12-07-2026,Tamil Nadu Civil Supplies Corporation
TNCSC-KMS2025-26-1103,1103,Mayiladuthurai,Sirkazhi,Kadavasal,2025-09-03,2026-04-17,Closed,11.255700,79.767575,KMS 2025-26 as on 12-07-2026,Tamil Nadu Civil Supplies Corporation
TNCSC-KMS2025-26-1104,1104,Mayiladuthurai,Sirkazhi,Karaimedu,2026-02-02,2026-04-13,Closed,11.757281,79.771002,KMS 2025-26 as on 12-07-2026,Tamil Nadu Civil Supplies Corporation
TNCSC-KMS2025-26-1105,1105,Mayiladuthurai,Sirkazhi,Karkoil,2026-01-30,2026-04-20,Closed,11.199957,79.697223,KMS 2025-26 as on 12-07-2026,Tamil Nadu Civil Supplies Corporation
TNCSC-KMS2025-26-1106,1106,Mayiladuthurai,Sirkazhi,Kathiramangalam,2025-09-03,2026-04-06,Closed,11.180216,79.709436,KMS 2025-26 as on 12-07-2026,Tamil Nadu Civil Supplies Corporation
TNCSC-KMS2025-26-1107,1107,Mayiladuthurai,Sirkazhi,Kollidam,2026-02-04,2026-04-02,Closed,11.322676,79.731841,KMS 2025-26 as on 12-07-2026,Tamil Nadu Civil Supplies Corporation
TNCSC-KMS2025-26-1108,1108,Mayiladuthurai,Sirkazhi,Kondal,2025-09-02,2026-04-17,Closed,11.237509,79.677141,KMS 2025-26 as on 12-07-2026,Tamil Nadu Civil Supplies Corporation
TNCSC-KMS2025-26-1109,1109,Mayiladuthurai,Sirkazhi,Kondathur -1,2025-09-03,2026-04-19,Closed,11.182999,79.712117,KMS 2025-26 as on 12-07-2026,Tamil Nadu Civil Supplies Corporation
TNCSC-KMS2025-26-1110,1110,Mayiladuthurai,Sirkazhi,Kothandapuram,2026-02-04,2026-04-25,Closed,11.348847,79.776600,KMS 2025-26 as on 12-07-2026,Tamil Nadu Civil Supplies Corporation
TNCSC-KMS2025-26-1111,1111,Mayiladuthurai,Sirkazhi,Kunnam,2025-09-02,2026-04-27,Closed,11.272461,79.663333,KMS 2025-26 as on 12-07-2026,Tamil Nadu Civil Supplies Corporation
TNCSC-KMS2025-26-1112,1112,Mayiladuthurai,Sirkazhi,Maadhanam,2025-09-03,2026-04-11,Closed,11.297823,79.777310,KMS 2025-26 as on 12-07-2026,Tamil Nadu Civil Supplies Corporation
TNCSC-KMS2025-26-1113,1113,Mayiladuthurai,Sirkazhi,Mangaimadam,2026-02-02,2026-04-11,Closed,11.190590,79.802386,KMS 2025-26 as on 12-07-2026,Tamil Nadu Civil Supplies Corporation
TNCSC-KMS2025-26-1114,1114,Mayiladuthurai,Sirkazhi,Marudhangudi,2025-09-03,2026-04-25,Closed,11.222400,79.694170,KMS 2025-26 as on 12-07-2026,Tamil Nadu Civil Supplies Corporation
TNCSC-KMS2025-26-1115,1115,Mayiladuthurai,Sirkazhi,Maruvathur,2026-02-03,2026-04-27,Closed,11.199231,79.715401,KMS 2025-26 as on 12-07-2026,Tamil Nadu Civil Supplies Corporation
TNCSC-KMS2025-26-1116,1116,Mayiladuthurai,Sirkazhi,Mathiravelur,2025-09-03,2026-04-21,Closed,11.297808,79.668836,KMS 2025-26 as on 12-07-2026,Tamil Nadu Civil Supplies Corporation
TNCSC-KMS2025-26-1117,1117,Mayiladuthurai,Sirkazhi,Nallur,2026-02-02,2026-04-17,Closed,12.860376,79.733154,KMS 2025-26 as on 12-07-2026,Tamil Nadu Civil Supplies Corporation
TNCSC-KMS2025-26-1118,1118,Mayiladuthurai,Sirkazhi,Nangur,2025-09-03,2026-04-20,Closed,11.180187,79.783353,KMS 2025-26 as on 12-07-2026,Tamil Nadu Civil Supplies Corporation
TNCSC-KMS2025-26-1119,1119,Mayiladuthurai,Sirkazhi,Natham,2025-09-03,2026-04-04,Closed,11.797382,79.480056,KMS 2025-26 as on 12-07-2026,Tamil Nadu Civil Supplies Corporation
TNCSC-KMS2025-26-1120,1120,Mayiladuthurai,Sirkazhi,Neppathur,2026-02-04,2026-04-20,Closed,11.212570,79.798870,KMS 2025-26 as on 12-07-2026,Tamil Nadu Civil Supplies Corporation
TNCSC-KMS2025-26-1121,1121,Mayiladuthurai,Sirkazhi,Nimmeli,2025-09-02,2026-04-20,Closed,11.233040,79.704118,KMS 2025-26 as on 12-07-2026,Tamil Nadu Civil Supplies Corporation
TNCSC-KMS2025-26-1122,1122,Mayiladuthurai,Sirkazhi,P P Nallur,2025-09-03,2026-04-09,Closed,11.275268,79.763585,KMS 2025-26 as on 12-07-2026,Tamil Nadu Civil Supplies Corporation
TNCSC-KMS2025-26-1123,1123,Mayiladuthurai,Sirkazhi,Pagasalai,2026-02-03,2026-04-11,Closed,11.166500,79.739030,KMS 2025-26 as on 12-07-2026,Tamil Nadu Civil Supplies Corporation
TNCSC-KMS2025-26-1124,1124,Mayiladuthurai,Sirkazhi,Palaiyapalayam,2025-09-03,2026-03-26,Closed,11.313802,79.804284,KMS 2025-26 as on 12-07-2026,Tamil Nadu Civil Supplies Corporation
TNCSC-KMS2025-26-1125,1125,Mayiladuthurai,Sirkazhi,Panakattangudi,2025-09-03,2026-04-17,Closed,11.243131,79.651496,KMS 2025-26 as on 12-07-2026,Tamil Nadu Civil Supplies Corporation
TNCSC-KMS2025-26-1126,1126,Mayiladuthurai,Sirkazhi,Perumangalam,2025-09-03,,Open,11.615044,78.987762,KMS 2025-26 as on 12-07-2026,Tamil Nadu Civil Supplies Corporation
TNCSC-KMS2025-26-1127,1127,Mayiladuthurai,Sirkazhi,Perunthottam,2025-09-04,2026-04-19,Closed,11.199289,79.835933,KMS 2025-26 as on 12-07-2026,Tamil Nadu Civil Supplies Corporation
TNCSC-KMS2025-26-1128,1128,Mayiladuthurai,Sirkazhi,Puduthurai,2026-02-04,2026-04-20,Closed,11.223567,79.780072,KMS 2025-26 as on 12-07-2026,Tamil Nadu Civil Supplies Corporation
TNCSC-KMS2025-26-1129,1129,Mayiladuthurai,Sirkazhi,Punganoor,2026-02-02,2026-05-03,Closed,11.207895,79.701343,KMS 2025-26 as on 12-07-2026,Tamil Nadu Civil Supplies Corporation
TNCSC-KMS2025-26-1130,1130,Mayiladuthurai,Sirkazhi,Puthur,2025-09-03,2026-04-20,Closed,11.294178,79.716628,KMS 2025-26 as on 12-07-2026,Tamil Nadu Civil Supplies Corporation
TNCSC-KMS2025-26-1131,1131,Mayiladuthurai,Sirkazhi,Semangalam,2025-09-02,2026-04-06,Closed,11.154978,79.720306,KMS 2025-26 as on 12-07-2026,Tamil Nadu Civil Supplies Corporation
TNCSC-KMS2025-26-1132,1132,Mayiladuthurai,Sirkazhi,Semmangudi,2025-09-03,2026-04-25,Closed,11.246886,79.765088,KMS 2025-26 as on 12-07-2026,Tamil Nadu Civil Supplies Corporation
TNCSC-KMS2025-26-1133,1133,Mayiladuthurai,Sirkazhi,Sirkali,2025-09-05,2026-04-17,Closed,11.225989,79.716356,KMS 2025-26 as on 12-07-2026,Tamil Nadu Civil Supplies Corporation
TNCSC-KMS2025-26-1134,1134,Mayiladuthurai,Sirkazhi,Sothiyakudi,2026-01-30,2026-04-11,Closed,11.303601,79.692740,KMS 2025-26 as on 12-07-2026,Tamil Nadu Civil Supplies Corporation
TNCSC-KMS2025-26-1135,1135,Mayiladuthurai,Sirkazhi,T Manalmedu Dpc,2026-02-07,2026-04-20,Closed,11.215572,79.764074,KMS 2025-26 as on 12-07-2026,Tamil Nadu Civil Supplies Corporation
TNCSC-KMS2025-26-1136,1136,Mayiladuthurai,Sirkazhi,Thirumayilaady,2026-02-02,2026-04-19,Closed,11.293024,79.739812,KMS 2025-26 as on 12-07-2026,Tamil Nadu Civil Supplies Corporation
TNCSC-KMS2025-26-1137,1137,Mayiladuthurai,Sirkazhi,Thirupangur,2025-09-03,2026-04-09,Closed,11.187423,79.674030,KMS 2025-26 as on 12-07-2026,Tamil Nadu Civil Supplies Corporation
TNCSC-KMS2025-26-1138,1138,Mayiladuthurai,Sirkazhi,Thiruvaali,2025-09-03,2026-05-05,Closed,11.205800,79.773913,KMS 2025-26 as on 12-07-2026,Tamil Nadu Civil Supplies Corporation
TNCSC-KMS2025-26-1139,1139,Mayiladuthurai,Sirkazhi,Thiruvenkadu,2025-09-03,2026-04-20,Closed,11.172717,79.807942,KMS 2025-26 as on 12-07-2026,Tamil Nadu Civil Supplies Corporation
TNCSC-KMS2025-26-1140,1140,Mayiladuthurai,Sirkazhi,Thittai,2026-02-09,2026-05-06,Closed,11.226052,79.756765,KMS 2025-26 as on 12-07-2026,Tamil Nadu Civil Supplies Corporation
TNCSC-KMS2025-26-1141,1141,Mayiladuthurai,Sirkazhi,Vadarangam,2025-09-03,2026-04-25,Closed,11.265069,79.653401,KMS 2025-26 as on 12-07-2026,Tamil Nadu Civil Supplies Corporation
TNCSC-KMS2025-26-1142,1142,Mayiladuthurai,Sirkazhi,Vaitheesvarankovil,2025-09-03,2026-05-17,Closed,11.195806,79.719147,KMS 2025-26 as on 12-07-2026,Tamil Nadu Civil Supplies Corporation
TNCSC-KMS2025-26-1143,1143,Mayiladuthurai,Sirkazhi,Valluvakudi,2025-09-03,2026-04-13,Closed,11.238401,79.683215,KMS 2025-26 as on 12-07-2026,Tamil Nadu Civil Supplies Corporation
TNCSC-KMS2025-26-1144,1144,Mayiladuthurai,Tharangambadi,57 Sethur,2025-09-05,2026-05-09,Closed,11.018426,79.707208,KMS 2025-26 as on 12-07-2026,Tamil Nadu Civil Supplies Corporation
TNCSC-KMS2025-26-1145,1145,Mayiladuthurai,Tharangambadi,88 Keezhaiyur,2025-09-03,2026-05-06,Closed,11.131199,79.744565,KMS 2025-26 as on 12-07-2026,Tamil Nadu Civil Supplies Corporation
TNCSC-KMS2025-26-1146,1146,Mayiladuthurai,Tharangambadi,Aaru Pathi,2025-09-03,2026-05-16,Closed,11.106096,79.708055,KMS 2025-26 as on 12-07-2026,Tamil Nadu Civil Supplies Corporation
TNCSC-KMS2025-26-1147,1147,Mayiladuthurai,Tharangambadi,Akkur,2025-09-03,2026-05-08,Closed,11.104143,79.786920,KMS 2025-26 as on 12-07-2026,Tamil Nadu Civil Supplies Corporation
TNCSC-KMS2025-26-1148,1148,Mayiladuthurai,Tharangambadi,Annavasal,2025-09-03,2026-05-12,Closed,11.062864,79.691800,KMS 2025-26 as on 12-07-2026,Tamil Nadu Civil Supplies Corporation
TNCSC-KMS2025-26-1149,1149,Mayiladuthurai,Tharangambadi,Echchangudi,2026-02-04,2026-04-29,Closed,11.036541,79.729886,KMS 2025-26 as on 12-07-2026,Tamil Nadu Civil Supplies Corporation
TNCSC-KMS2025-26-1150,1150,Mayiladuthurai,Tharangambadi,Edakudi,2025-09-03,2026-04-27,Closed,11.028293,79.669331,KMS 2025-26 as on 12-07-2026,Tamil Nadu Civil Supplies Corporation
TNCSC-KMS2025-26-1151,1151,Mayiladuthurai,Tharangambadi,Eduthukatti,2026-02-04,2026-05-08,Closed,11.014903,79.789845,KMS 2025-26 as on 12-07-2026,Tamil Nadu Civil Supplies Corporation
TNCSC-KMS2025-26-1152,1152,Mayiladuthurai,Tharangambadi,Eravancheri,2025-09-03,2026-05-13,Closed,11.022950,79.756029,KMS 2025-26 as on 12-07-2026,Tamil Nadu Civil Supplies Corporation
TNCSC-KMS2025-26-1153,1153,Mayiladuthurai,Tharangambadi,Iluppur,2025-09-04,2026-05-04,Closed,11.001110,79.772814,KMS 2025-26 as on 12-07-2026,Tamil Nadu Civil Supplies Corporation
TNCSC-KMS2025-26-1154,1154,Mayiladuthurai,Tharangambadi,Kadakkam,2025-09-03,2026-05-02,Closed,11.053934,79.694934,KMS 2025-26 as on 12-07-2026,Tamil Nadu Civil Supplies Corporation
TNCSC-KMS2025-26-1155,1155,Mayiladuthurai,Tharangambadi,Kalahastinatha Puram,2025-09-03,2026-04-24,Closed,11.107052,79.769356,KMS 2025-26 as on 12-07-2026,Tamil Nadu Civil Supplies Corporation
TNCSC-KMS2025-26-1156,1156,Mayiladuthurai,Tharangambadi,Kanjanaharam,2025-09-02,2026-04-29,Closed,11.116136,79.711076,KMS 2025-26 as on 12-07-2026,Tamil Nadu Civil Supplies Corporation
TNCSC-KMS2025-26-1157,1157,Mayiladuthurai,Tharangambadi,Keezha Perumpallam,2025-09-02,2026-04-30,Closed,11.137855,79.817475,KMS 2025-26 as on 12-07-2026,Tamil Nadu Civil Supplies Corporation
TNCSC-KMS2025-26-1158,1158,Mayiladuthurai,Tharangambadi,Kidangal,2025-09-02,2026-05-13,Closed,11.110148,79.812930,KMS 2025-26 as on 12-07-2026,Tamil Nadu Civil Supplies Corporation
TNCSC-KMS2025-26-1159,1159,Mayiladuthurai,Tharangambadi,Kidarankondan,2025-09-03,2026-05-07,Closed,11.127703,79.755076,KMS 2025-26 as on 12-07-2026,Tamil Nadu Civil Supplies Corporation
TNCSC-KMS2025-26-1160,1160,Mayiladuthurai,Tharangambadi,Kiliyanur,2025-09-02,2026-05-09,Closed,11.039561,79.680990,KMS 2025-26 as on 12-07-2026,Tamil Nadu Civil Supplies Corporation
TNCSC-KMS2025-26-1161,1161,Mayiladuthurai,Tharangambadi,Killiyur,2025-09-03,2026-05-09,Closed,11.069470,79.762683,KMS 2025-26 as on 12-07-2026,Tamil Nadu Civil Supplies Corporation
TNCSC-KMS2025-26-1162,1162,Mayiladuthurai,Tharangambadi,Kizha Mathur,2025-09-02,2026-05-06,Closed,11.070883,79.751373,KMS 2025-26 as on 12-07-2026,Tamil Nadu Civil Supplies Corporation
TNCSC-KMS2025-26-1163,1163,Mayiladuthurai,Tharangambadi,Kodavilaham,2025-09-02,2026-04-14,Closed,11.042480,79.720925,KMS 2025-26 as on 12-07-2026,Tamil Nadu Civil Supplies Corporation
TNCSC-KMS2025-26-1164,1164,Mayiladuthurai,Tharangambadi,Koodalur,2025-09-03,2026-04-20,Closed,12.491774,79.827781,KMS 2025-26 as on 12-07-2026,Tamil Nadu Civil Supplies Corporation
TNCSC-KMS2025-26-1165,1165,Mayiladuthurai,Tharangambadi,Kothankudi,2026-02-11,2026-04-16,Closed,11.021003,79.743625,KMS 2025-26 as on 12-07-2026,Tamil Nadu Civil Supplies Corporation
TNCSC-KMS2025-26-1166,1166,Mayiladuthurai,Tharangambadi,Melaperumpallam,2025-09-03,2026-05-13,Closed,11.133813,79.805902,KMS 2025-26 as on 12-07-2026,Tamil Nadu Civil Supplies Corporation
TNCSC-KMS2025-26-1167,1167,Mayiladuthurai,Tharangambadi,Memathur,2025-09-05,2026-03-26,Closed,11.101238,79.814156,KMS 2025-26 as on 12-07-2026,Tamil Nadu Civil Supplies Corporation
TNCSC-KMS2025-26-1168,1168,Mayiladuthurai,Tharangambadi,Mukkarumbur,2025-09-03,2026-05-13,Closed,11.102760,79.755233,KMS 2025-26 as on 12-07-2026,Tamil Nadu Civil Supplies Corporation
TNCSC-KMS2025-26-1169,1169,Mayiladuthurai,Tharangambadi,Muthur,2025-09-02,2026-04-26,Closed,11.056696,79.713680,KMS 2025-26 as on 12-07-2026,Tamil Nadu Civil Supplies Corporation
TNCSC-KMS2025-26-1170,1170,Mayiladuthurai,Tharangambadi,Narasinganatham,2025-09-03,2026-04-20,Closed,11.058615,79.724738,KMS 2025-26 as on 12-07-2026,Tamil Nadu Civil Supplies Corporation
TNCSC-KMS2025-26-1171,1171,Mayiladuthurai,Tharangambadi,Neduvasal,2025-09-03,2026-05-07,Closed,11.042702,79.765110,KMS 2025-26 as on 12-07-2026,Tamil Nadu Civil Supplies Corporation
TNCSC-KMS2025-26-1172,1172,Mayiladuthurai,Tharangambadi,Perambur,2025-09-03,2026-05-02,Closed,11.033029,79.695639,KMS 2025-26 as on 12-07-2026,Tamil Nadu Civil Supplies Corporation
TNCSC-KMS2025-26-1173,1173,Mayiladuthurai,Tharangambadi,Poraiyar,2026-02-09,2026-05-07,Closed,11.033512,79.830084,KMS 2025-26 as on 12-07-2026,Tamil Nadu Civil Supplies Corporation
TNCSC-KMS2025-26-1174,1174,Mayiladuthurai,Tharangambadi,Sankaranpandal,2025-09-02,2026-04-27,Closed,11.025440,79.764060,KMS 2025-26 as on 12-07-2026,Tamil Nadu Civil Supplies Corporation
TNCSC-KMS2025-26-1175,1175,Mayiladuthurai,Tharangambadi,Sembanarkoil,2025-09-03,2026-04-29,Closed,11.096295,79.731752,KMS 2025-26 as on 12-07-2026,Tamil Nadu Civil Supplies Corporation
TNCSC-KMS2025-26-1176,1176,Mayiladuthurai,Tharangambadi,Thalanchakadu,2025-09-03,2026-04-08,Closed,11.125081,79.795388,KMS 2025-26 as on 12-07-2026,Tamil Nadu Civil Supplies Corporation
TNCSC-KMS2025-26-1177,1177,Mayiladuthurai,Tharangambadi,Thillaiyadi,2026-02-04,2026-05-07,Closed,11.043095,79.812570,KMS 2025-26 as on 12-07-2026,Tamil Nadu Civil Supplies Corporation
TNCSC-KMS2025-26-1178,1178,Mayiladuthurai,Tharangambadi,Thirukalacheri,2026-02-05,2026-05-08,Closed,11.006695,79.799771,KMS 2025-26 as on 12-07-2026,Tamil Nadu Civil Supplies Corporation
TNCSC-KMS2025-26-1179,1179,Mayiladuthurai,Tharangambadi,Thirukkadaiyur,2026-02-05,2026-05-07,Closed,11.074424,79.807953,KMS 2025-26 as on 12-07-2026,Tamil Nadu Civil Supplies Corporation
TNCSC-KMS2025-26-1180,1180,Mayiladuthurai,Tharangambadi,Thiruvidakazhi,2026-02-06,2026-05-06,Closed,11.041279,79.787214,KMS 2025-26 as on 12-07-2026,Tamil Nadu Civil Supplies Corporation
TNCSC-KMS2025-26-1181,1181,Mayiladuthurai,Tharangambadi,Thiruvilaiyattam,2025-09-03,2026-05-08,Closed,11.041071,79.735700,KMS 2025-26 as on 12-07-2026,Tamil Nadu Civil Supplies Corporation
TNCSC-KMS2025-26-1182,1182,Mayiladuthurai,Tharangambadi,Vadakarai Dpc,2025-09-03,2026-04-13,Closed,11.091994,79.699865,KMS 2025-26 as on 12-07-2026,Tamil Nadu Civil Supplies Corporation
TNCSC-KMS2025-26-1183,1183,Mayiladuthurai,Tharangambadi,Vallam,2025-09-03,2026-05-09,Closed,11.001052,79.772737,KMS 2025-26 as on 12-07-2026,Tamil Nadu Civil Supplies Corporation
TNCSC-KMS2025-26-1184,1184,Mayiladuthurai,Tharangambadi,Visalur,2026-02-12,2026-05-08,Closed,11.024345,79.780143,KMS 2025-26 as on 12-07-2026,Tamil Nadu Civil Supplies Corporation
TNCSC-KMS2025-26-1185,1185,Nagapattinam,Kilvelur,Aanaimangalam,2025-10-09,2026-05-05,Closed,10.794716,79.752411,KMS 2025-26 as on 12-07-2026,Tamil Nadu Civil Supplies Corporation
TNCSC-KMS2025-26-1186,1186,Nagapattinam,Kilvelur,Andhakudi,2025-09-27,2026-05-26,Closed,10.706290,79.683938,KMS 2025-26 as on 12-07-2026,Tamil Nadu Civil Supplies Corporation
TNCSC-KMS2025-26-1187,1187,Nagapattinam,Kilvelur,Chozhavidyapuram,2025-09-18,2026-05-22,Closed,10.654434,79.802240,KMS 2025-26 as on 12-07-2026,Tamil Nadu Civil Supplies Corporation
TNCSC-KMS2025-26-1188,1188,Nagapattinam,Kilvelur,Eraiyangudi,2025-09-22,2026-05-18,Closed,10.668466,79.746395,KMS 2025-26 as on 12-07-2026,Tamil Nadu Civil Supplies Corporation
TNCSC-KMS2025-26-1189,1189,Nagapattinam,Kilvelur,Iluppur,2025-09-27,2026-05-22,Closed,11.001110,79.772814,KMS 2025-26 as on 12-07-2026,Tamil Nadu Civil Supplies Corporation
TNCSC-KMS2025-26-1190,1190,Nagapattinam,Kilvelur,Kadalakudi,2026-02-20,2026-05-08,Closed,10.694927,79.715445,KMS 2025-26 as on 12-07-2026,Tamil Nadu Civil Supplies Corporation
TNCSC-KMS2025-26-1191,1191,Nagapattinam,Kilvelur,Kadambangudi,2025-10-09,2026-05-09,Closed,10.790701,79.842790,KMS 2025-26 as on 12-07-2026,Tamil Nadu Civil Supplies Corporation
TNCSC-KMS2025-26-1192,1192,Nagapattinam,Kilvelur,Kakkalani,2025-09-17,2026-05-05,Closed,10.733708,79.695598,KMS 2025-26 as on 12-07-2026,Tamil Nadu Civil Supplies Corporation
TNCSC-KMS2025-26-1193,1193,Nagapattinam,Kilvelur,Kameswaram,2026-02-12,2026-04-24,Closed,10.621635,79.833001,KMS 2025-26 as on 12-07-2026,Tamil Nadu Civil Supplies Corporation
TNCSC-KMS2025-26-1194,1194,Nagapattinam,Kilvelur,Karapidahai North,2025-09-18,2026-05-05,Closed,10.603428,79.801080,KMS 2025-26 as on 12-07-2026,Tamil Nadu Civil Supplies Corporation
TNCSC-KMS2025-26-1195,1195,Nagapattinam,Kilvelur,Keezhaiyur,2025-09-19,2026-05-05,Closed,10.618756,79.768973,KMS 2025-26 as on 12-07-2026,Tamil Nadu Civil Supplies Corporation
TNCSC-KMS2025-26-1196,1196,Nagapattinam,Kilvelur,Killukudi,2025-09-22,2026-05-08,Closed,10.685383,79.723935,KMS 2025-26 as on 12-07-2026,Tamil Nadu Civil Supplies Corporation
TNCSC-KMS2025-26-1197,1197,Nagapattinam,Kilvelur,Kilvelur,2025-10-27,2026-04-20,Closed,10.765947,79.733058,KMS 2025-26 as on 12-07-2026,Tamil Nadu Civil Supplies Corporation
TNCSC-KMS2025-26-1198,1198,Nagapattinam,Kilvelur,Kohur,2025-09-26,2026-05-11,Closed,10.797803,79.761633,KMS 2025-26 as on 12-07-2026,Tamil Nadu Civil Supplies Corporation
TNCSC-KMS2025-26-1199,1199,Nagapattinam,Kilvelur,Koorathangudi,2025-09-22,2026-05-10,Closed,10.689228,79.700091,KMS 2025-26 as on 12-07-2026,Tamil Nadu Civil Supplies Corporation
TNCSC-KMS2025-26-1200,1200,Nagapattinam,Kilvelur,Koothur,2025-09-30,2026-05-06,Closed,10.752558,79.729343,KMS 2025-26 as on 12-07-2026,Tamil Nadu Civil Supplies Corporation
TNCSC-KMS2025-26-1201,1201,Nagapattinam,Kilvelur,Kurumanangudi,2025-09-22,2026-04-18,Closed,10.778503,79.709958,KMS 2025-26 as on 12-07-2026,Tamil Nadu Civil Supplies Corporation
TNCSC-KMS2025-26-1202,1202,Nagapattinam,Kilvelur,Maanalur,2026-02-21,2026-05-20,Closed,10.689699,79.707400,KMS 2025-26 as on 12-07-2026,Tamil Nadu Civil Supplies Corporation
TNCSC-KMS2025-26-1203,1203,Nagapattinam,Kilvelur,Mohanur,2025-09-20,2026-05-14,Closed,10.682865,79.743375,KMS 2025-26 as on 12-07-2026,Tamil Nadu Civil Supplies Corporation
TNCSC-KMS2025-26-1204,1204,Nagapattinam,Kilvelur,Mupathikotaham,2025-10-08,2026-05-23,Closed,10.648382,79.757525,KMS 2025-26 as on 12-07-2026,Tamil Nadu Civil Supplies Corporation
TNCSC-KMS2025-26-1205,1205,Nagapattinam,Kilvelur,Nangudi,2026-02-18,2026-05-14,Closed,11.404685,79.507631,KMS 2025-26 as on 12-07-2026,Tamil Nadu Civil Supplies Corporation
TNCSC-KMS2025-26-1206,1206,Nagapattinam,Kilvelur,Neelapadi,2025-09-22,2026-04-28,Closed,10.769608,79.710668,KMS 2025-26 as on 12-07-2026,Tamil Nadu Civil Supplies Corporation
TNCSC-KMS2025-26-1207,1207,Nagapattinam,Kilvelur,Okkur,2026-02-02,2026-04-20,Closed,10.813932,79.759507,KMS 2025-26 as on 12-07-2026,Tamil Nadu Civil Supplies Corporation
TNCSC-KMS2025-26-1208,1208,Nagapattinam,Kilvelur,Orukudi,2025-09-25,2026-04-29,Closed,10.794880,79.738956,KMS 2025-26 as on 12-07-2026,Tamil Nadu Civil Supplies Corporation
TNCSC-KMS2025-26-1209,1209,Nagapattinam,Kilvelur,Palakurichi,2025-09-23,2026-05-20,Closed,10.668523,79.774410,KMS 2025-26 as on 12-07-2026,Tamil Nadu Civil Supplies Corporation
TNCSC-KMS2025-26-1210,1210,Nagapattinam,Kilvelur,Paniyur South,2025-10-07,2026-05-20,Closed,10.658401,79.736255,KMS 2025-26 as on 12-07-2026,Tamil Nadu Civil Supplies Corporation
TNCSC-KMS2025-26-1211,1211,Nagapattinam,Kilvelur,Pattamangalam,2025-09-22,2026-05-08,Closed,11.083253,79.656167,KMS 2025-26 as on 12-07-2026,Tamil Nadu Civil Supplies Corporation
TNCSC-KMS2025-26-1212,1212,Nagapattinam,Kilvelur,Perithumbur,2025-09-25,2026-05-22,Closed,10.670498,79.812546,KMS 2025-26 as on 12-07-2026,Tamil Nadu Civil Supplies Corporation
TNCSC-KMS2025-26-1213,1213,Nagapattinam,Kilvelur,Pradabaramapuram,2026-02-12,2026-05-20,Closed,10.655716,79.831826,KMS 2025-26 as on 12-07-2026,Tamil Nadu Civil Supplies Corporation
TNCSC-KMS2025-26-1214,1214,Nagapattinam,Kilvelur,Radhamangalam,2025-09-20,2026-05-11,Closed,10.722800,79.743720,KMS 2025-26 as on 12-07-2026,Tamil Nadu Civil Supplies Corporation
TNCSC-KMS2025-26-1215,1215,Nagapattinam,Kilvelur,Satiyakudi,2025-09-19,2026-05-11,Closed,10.667333,79.713361,KMS 2025-26 as on 12-07-2026,Tamil Nadu Civil Supplies Corporation
TNCSC-KMS2025-26-1216,1216,Nagapattinam,Kilvelur,Sihar,2025-09-22,2026-05-05,Closed,10.711323,79.672453,KMS 2025-26 as on 12-07-2026,Tamil Nadu Civil Supplies Corporation
TNCSC-KMS2025-26-1217,1217,Nagapattinam,Kilvelur,Sinnathumbur,2025-09-22,2026-05-21,Closed,10.677091,79.820170,KMS 2025-26 as on 12-07-2026,Tamil Nadu Civil Supplies Corporation
TNCSC-KMS2025-26-1218,1218,Nagapattinam,Kilvelur,Sinthamani,2025-10-06,2026-05-20,Closed,10.618150,79.807078,KMS 2025-26 as on 12-07-2026,Tamil Nadu Civil Supplies Corporation
TNCSC-KMS2025-26-1219,1219,Nagapattinam,Kilvelur,Thevur,2025-09-19,2026-05-05,Closed,10.718023,79.730090,KMS 2025-26 as on 12-07-2026,Tamil Nadu Civil Supplies Corporation
TNCSC-KMS2025-26-1220,1220,Nagapattinam,Kilvelur,Thirukkanangudi,2025-10-01,2026-04-19,Closed,10.757111,79.761931,KMS 2025-26 as on 12-07-2026,Tamil Nadu Civil Supplies Corporation
TNCSC-KMS2025-26-1221,1221,Nagapattinam,Kilvelur,Thirupoondi West,2025-09-19,2026-05-20,Closed,10.638890,79.814575,KMS 2025-26 as on 12-07-2026,Tamil Nadu Civil Supplies Corporation
TNCSC-KMS2025-26-1222,1222,Nagapattinam,Kilvelur,Vadakarai,2025-10-15,2026-05-20,Closed,10.803136,79.776045,KMS 2025-26 as on 12-07-2026,Tamil Nadu Civil Supplies Corporation
TNCSC-KMS2025-26-1223,1223,Nagapattinam,Kilvelur,Vandalur,2025-10-09,2026-05-14,Closed,10.697863,79.756410,KMS 2025-26 as on 12-07-2026,Tamil Nadu Civil Supplies Corporation
TNCSC-KMS2025-26-1224,1224,Nagapattinam,Kilvelur,Vengidangal,2026-02-04,2026-04-11,Closed,10.824865,79.770795,KMS 2025-26 as on 12-07-2026,Tamil Nadu Civil Supplies Corporation
TNCSC-KMS2025-26-1225,1225,Nagapattinam,Kilvelur,Venmanacheri,2025-09-30,2026-05-08,Closed,10.596238,79.762148,KMS 2025-26 as on 12-07-2026,Tamil Nadu Civil Supplies Corporation
TNCSC-KMS2025-26-1226,1226,Nagapattinam,Kilvelur,Venmani,2025-09-23,2026-05-08,Closed,10.766496,79.742405,KMS 2025-26 as on 12-07-2026,Tamil Nadu Civil Supplies Corporation
TNCSC-KMS2025-26-1227,1227,Nagapattinam,Kilvelur,Vettaikaraniruppu,2026-02-07,2026-04-09,Closed,10.559335,79.830454,KMS 2025-26 as on 12-07-2026,Tamil Nadu Civil Supplies Corporation
TNCSC-KMS2025-26-1228,1228,Nagapattinam,Kilvelur,Vizhundhamavadi,2026-02-06,2026-05-05,Closed,10.603430,7.827244,KMS 2025-26 as on 12-07-2026,Tamil Nadu Civil Supplies Corporation
TNCSC-KMS2025-26-1229,1229,Nagapattinam,Nagapattinam,Aabaranadari,2026-02-16,2026-05-06,Closed,10.735750,79.772755,KMS 2025-26 as on 12-07-2026,Tamil Nadu Civil Supplies Corporation
TNCSC-KMS2025-26-1230,1230,Nagapattinam,Nagapattinam,Aalatthur,2026-02-07,2026-04-14,Closed,10.890330,79.781971,KMS 2025-26 as on 12-07-2026,Tamil Nadu Civil Supplies Corporation
TNCSC-KMS2025-26-1231,1231,Nagapattinam,Nagapattinam,Agalanggan,2026-02-03,2026-05-19,Closed,10.695621,79.786440,KMS 2025-26 as on 12-07-2026,Tamil Nadu Civil Supplies Corporation
TNCSC-KMS2025-26-1232,1232,Nagapattinam,Nagapattinam,Agaraorathur,2025-09-27,2026-05-22,Closed,10.734566,79.795096,KMS 2025-26 as on 12-07-2026,Tamil Nadu Civil Supplies Corporation
TNCSC-KMS2025-26-1233,1233,Nagapattinam,Nagapattinam,Alinchamangalam,2026-02-09,2026-05-05,Closed,10.777145,79.811025,KMS 2025-26 as on 12-07-2026,Tamil Nadu Civil Supplies Corporation
TNCSC-KMS2025-26-1234,1234,Nagapattinam,Nagapattinam,Ambal,2025-09-03,2026-04-07,Closed,10.908278,79.686706,KMS 2025-26 as on 12-07-2026,Tamil Nadu Civil Supplies Corporation
TNCSC-KMS2025-26-1235,1235,Nagapattinam,Nagapattinam,Arunmozhidevan,2025-09-18,2026-06-17,Closed,11.124926,79.621500,KMS 2025-26 as on 12-07-2026,Tamil Nadu Civil Supplies Corporation
TNCSC-KMS2025-26-1236,1236,Nagapattinam,Nagapattinam,Azhiur,2025-10-08,2026-04-27,Closed,10.770948,79.765698,KMS 2025-26 as on 12-07-2026,Tamil Nadu Civil Supplies Corporation
TNCSC-KMS2025-26-1237,1237,Nagapattinam,Nagapattinam,Chinnakannamangalam,2025-10-08,2026-04-20,Closed,10.821809,79.733665,KMS 2025-26 as on 12-07-2026,Tamil Nadu Civil Supplies Corporation
TNCSC-KMS2025-26-1238,1238,Nagapattinam,Nagapattinam,Enangudi,2025-09-03,2026-04-24,Closed,10.878234,79.680897,KMS 2025-26 as on 12-07-2026,Tamil Nadu Civil Supplies Corporation
TNCSC-KMS2025-26-1239,1239,Nagapattinam,Nagapattinam,Eravancheri,2025-09-18,2026-04-30,Closed,11.022950,79.756029,KMS 2025-26 as on 12-07-2026,Tamil Nadu Civil Supplies Corporation
TNCSC-KMS2025-26-1240,1240,Nagapattinam,Nagapattinam,Ervadi,2025-09-04,2026-05-07,Closed,10.913173,79.726607,KMS 2025-26 as on 12-07-2026,Tamil Nadu Civil Supplies Corporation
TNCSC-KMS2025-26-1241,1241,Nagapattinam,Nagapattinam,Gopurajapuram,2026-02-11,2026-04-20,Closed,10.821228,79.795668,KMS 2025-26 as on 12-07-2026,Tamil Nadu Civil Supplies Corporation
TNCSC-KMS2025-26-1242,1242,Nagapattinam,Nagapattinam,Kaaraiyur,2025-09-19,2026-04-24,Closed,10.830663,79.688960,KMS 2025-26 as on 12-07-2026,Tamil Nadu Civil Supplies Corporation
TNCSC-KMS2025-26-1243,1243,Nagapattinam,Nagapattinam,Kanapathipuram,2025-09-09,2026-04-25,Closed,10.902313,79.736938,KMS 2025-26 as on 12-07-2026,Tamil Nadu Civil Supplies Corporation
TNCSC-KMS2025-26-1244,1244,Nagapattinam,Nagapattinam,Kangalanchery,2026-02-04,2026-04-15,Closed,10.817026,79.637511,KMS 2025-26 as on 12-07-2026,Tamil Nadu Civil Supplies Corporation
TNCSC-KMS2025-26-1245,1245,Nagapattinam,Nagapattinam,Karuppur,2026-02-02,2026-04-16,Closed,11.319225,79.677820,KMS 2025-26 as on 12-07-2026,Tamil Nadu Civil Supplies Corporation
TNCSC-KMS2025-26-1246,1246,Nagapattinam,Nagapattinam,Kayathur,2026-01-21,2026-04-25,Closed,10.886831,79.682933,KMS 2025-26 as on 12-07-2026,Tamil Nadu Civil Supplies Corporation
TNCSC-KMS2025-26-1247,1247,Nagapattinam,Nagapattinam,Keezhathanjavur,2026-02-04,2026-04-11,Closed,10.834173,79.721408,KMS 2025-26 as on 12-07-2026,Tamil Nadu Civil Supplies Corporation
TNCSC-KMS2025-26-1248,1248,Nagapattinam,Nagapattinam,Kongarayanallur,2026-02-17,2026-05-05,Closed,10.914230,79.671160,KMS 2025-26 as on 12-07-2026,Tamil Nadu Civil Supplies Corporation
TNCSC-KMS2025-26-1249,1249,Nagapattinam,Nagapattinam,Kottarakudi,2025-10-12,2026-05-20,Closed,10.815290,79.731461,KMS 2025-26 as on 12-07-2026,Tamil Nadu Civil Supplies Corporation
TNCSC-KMS2025-26-1250,1250,Nagapattinam,Nagapattinam,Kuruchi,2025-09-24,2026-05-14,Closed,11.231613,79.627841,KMS 2025-26 as on 12-07-2026,Tamil Nadu Civil Supplies Corporation
TNCSC-KMS2025-26-1251,1251,Nagapattinam,Nagapattinam,Kurumbur,2025-09-03,2026-04-27,Closed,10.914320,79.718945,KMS 2025-26 as on 12-07-2026,Tamil Nadu Civil Supplies Corporation
TNCSC-KMS2025-26-1252,1252,Nagapattinam,Nagapattinam,Kuruvadi,2025-09-11,2026-04-20,Closed,10.975733,79.225297,KMS 2025-26 as on 12-07-2026,Tamil Nadu Civil Supplies Corporation
TNCSC-KMS2025-26-1253,1253,Nagapattinam,Nagapattinam,Mahadhanam,2026-02-27,2026-05-23,Closed,10.712128,79.781710,KMS 2025-26 as on 12-07-2026,Tamil Nadu Civil Supplies Corporation
TNCSC-KMS2025-26-1254,1254,Nagapattinam,Nagapattinam,Marungur,2025-09-20,2026-04-25,Closed,11.458108,79.402636,KMS 2025-26 as on 12-07-2026,Tamil Nadu Civil Supplies Corporation
TNCSC-KMS2025-26-1255,1255,Nagapattinam,Nagapattinam,Mathirimangalam,2025-09-03,2026-04-24,Closed,11.057427,79.534902,KMS 2025-26 as on 12-07-2026,Tamil Nadu Civil Supplies Corporation
TNCSC-KMS2025-26-1256,1256,Nagapattinam,Nagapattinam,Melaboodhanur,2025-09-24,2026-04-21,Closed,10.843998,79.725028,KMS 2025-26 as on 12-07-2026,Tamil Nadu Civil Supplies Corporation
TNCSC-KMS2025-26-1257,1257,Nagapattinam,Nagapattinam,Melanagore Thethi,2025-10-03,2026-05-19,Closed,10.804238,79.826677,KMS 2025-26 as on 12-07-2026,Tamil Nadu Civil Supplies Corporation
TNCSC-KMS2025-26-1258,1258,Nagapattinam,Nagapattinam,Narimanam,2025-10-08,2026-05-05,Closed,10.828623,79.789751,KMS 2025-26 as on 12-07-2026,Tamil Nadu Civil Supplies Corporation
TNCSC-KMS2025-26-1259,1259,Nagapattinam,Nagapattinam,Neikkuppai,2026-02-06,2026-05-05,Closed,10.834835,79.750431,KMS 2025-26 as on 12-07-2026,Tamil Nadu Civil Supplies Corporation
TNCSC-KMS2025-26-1260,1260,Nagapattinam,Nagapattinam,Nirthanamangalam,2025-10-08,2026-05-21,Closed,10.706190,79.819780,KMS 2025-26 as on 12-07-2026,Tamil Nadu Civil Supplies Corporation
TNCSC-KMS2025-26-1261,1261,Nagapattinam,Nagapattinam,Oratthur,2025-10-11,2025-12-18,Closed,10.726286,79.798801,KMS 2025-26 as on 12-07-2026,Tamil Nadu Civil Supplies Corporation
TNCSC-KMS2025-26-1262,1262,Nagapattinam,Nagapattinam,Pakkamkottur,2026-02-04,2026-04-25,Closed,10.856866,79.673001,KMS 2025-26 as on 12-07-2026,Tamil Nadu Civil Supplies Corporation
TNCSC-KMS2025-26-1263,1263,Nagapattinam,Nagapattinam,Perunattanthoppu,2025-09-17,2026-04-19,Closed,10.855438,79.710135,KMS 2025-26 as on 12-07-2026,Tamil Nadu Civil Supplies Corporation
TNCSC-KMS2025-26-1264,1264,Nagapattinam,Nagapattinam,Perunkadambanur,2025-09-18,2026-05-11,Closed,10.791635,79.796551,KMS 2025-26 as on 12-07-2026,Tamil Nadu Civil Supplies Corporation
TNCSC-KMS2025-26-1265,1265,Nagapattinam,Nagapattinam,Pillali,2026-01-29,2026-04-28,Closed,11.748745,79.690375,KMS 2025-26 as on 12-07-2026,Tamil Nadu Civil Supplies Corporation
TNCSC-KMS2025-26-1266,1266,Nagapattinam,Nagapattinam,Porakudi,2025-09-03,2026-05-06,Closed,10.905597,79.699587,KMS 2025-26 as on 12-07-2026,Tamil Nadu Civil Supplies Corporation
TNCSC-KMS2025-26-1267,1267,Nagapattinam,Nagapattinam,Puducheri,2025-10-03,2026-05-22,Closed,10.733423,79.766373,KMS 2025-26 as on 12-07-2026,Tamil Nadu Civil Supplies Corporation
TNCSC-KMS2025-26-1268,1268,Nagapattinam,Nagapattinam,Raranthimangalam,2026-02-04,2026-04-21,Closed,10.850036,79.650595,KMS 2025-26 as on 12-07-2026,Tamil Nadu Civil Supplies Corporation
TNCSC-KMS2025-26-1269,1269,Nagapattinam,Nagapattinam,Sangamangalam,2025-09-25,2026-05-06,Closed,10.780743,79.802003,KMS 2025-26 as on 12-07-2026,Tamil Nadu Civil Supplies Corporation
TNCSC-KMS2025-26-1270,1270,Nagapattinam,Nagapattinam,Sellur,2026-02-03,2026-05-05,Closed,10.772411,79.818169,KMS 2025-26 as on 12-07-2026,Tamil Nadu Civil Supplies Corporation
TNCSC-KMS2025-26-1271,1271,Nagapattinam,Nagapattinam,Sembiyanmadevi,2025-09-25,2026-05-22,Closed,10.688428,79.771301,KMS 2025-26 as on 12-07-2026,Tamil Nadu Civil Supplies Corporation
TNCSC-KMS2025-26-1272,1272,Nagapattinam,Nagapattinam,Sesamulai,2026-02-03,2026-04-24,Closed,10.900316,79.750749,KMS 2025-26 as on 12-07-2026,Tamil Nadu Civil Supplies Corporation
TNCSC-KMS2025-26-1273,1273,Nagapattinam,Nagapattinam,Sikkal,2025-09-22,2026-04-30,Closed,10.763661,79.790656,KMS 2025-26 as on 12-07-2026,Tamil Nadu Civil Supplies Corporation
TNCSC-KMS2025-26-1274,1274,Nagapattinam,Nagapattinam,Sirangudipulliyur,2025-09-22,2026-05-15,Closed,10.771848,79.787473,KMS 2025-26 as on 12-07-2026,Tamil Nadu Civil Supplies Corporation
TNCSC-KMS2025-26-1275,1275,Nagapattinam,Nagapattinam,Siyathamangai,2025-09-05,2026-05-07,Closed,10.872722,79.759113,KMS 2025-26 as on 12-07-2026,Tamil Nadu Civil Supplies Corporation
TNCSC-KMS2025-26-1276,1276,Nagapattinam,Nagapattinam,Thenpidagai,2026-02-07,2026-04-19,Closed,10.889100,79.755255,KMS 2025-26 as on 12-07-2026,Tamil Nadu Civil Supplies Corporation
TNCSC-KMS2025-26-1277,1277,Nagapattinam,Nagapattinam,Thirukannapuram,2026-02-09,2026-04-12,Closed,10.869269,79.709751,KMS 2025-26 as on 12-07-2026,Tamil Nadu Civil Supplies Corporation
TNCSC-KMS2025-26-1278,1278,Nagapattinam,Nagapattinam,Thirupayathangudi,2025-09-19,2026-05-07,Closed,10.830981,79.701663,KMS 2025-26 as on 12-07-2026,Tamil Nadu Civil Supplies Corporation
TNCSC-KMS2025-26-1279,1279,Nagapattinam,Nagapattinam,Thirupugalur,2025-09-06,2026-05-06,Closed,10.882818,79.701846,KMS 2025-26 as on 12-07-2026,Tamil Nadu Civil Supplies Corporation
TNCSC-KMS2025-26-1280,1280,Nagapattinam,Nagapattinam,Thirusenkattangudi,2025-09-05,2026-05-05,Closed,10.866503,79.720766,KMS 2025-26 as on 12-07-2026,Tamil Nadu Civil Supplies Corporation
TNCSC-KMS2025-26-1281,1281,Nagapattinam,Nagapattinam,Thiurmarugal,2025-09-04,2026-05-05,Closed,10.869031,79.741271,KMS 2025-26 as on 12-07-2026,Tamil Nadu Civil Supplies Corporation
TNCSC-KMS2025-26-1282,1282,Nagapattinam,Nagapattinam,Vadakarai,2026-02-09,2026-05-08,Closed,10.803136,79.776045,KMS 2025-26 as on 12-07-2026,Tamil Nadu Civil Supplies Corporation
TNCSC-KMS2025-26-1283,1283,Nagapattinam,Nagapattinam,Vadavur,2025-10-03,2026-05-21,Closed,10.714937,79.816052,KMS 2025-26 as on 12-07-2026,Tamil Nadu Civil Supplies Corporation
TNCSC-KMS2025-26-1284,1284,Nagapattinam,Nagapattinam,Vadugachery,2025-09-23,2026-05-21,Closed,10.703556,79.775040,KMS 2025-26 as on 12-07-2026,Tamil Nadu Civil Supplies Corporation
TNCSC-KMS2025-26-1285,1285,Nagapattinam,Nagapattinam,Vazhkudi,2026-02-02,2026-03-30,Closed,10.828081,79.672733,KMS 2025-26 as on 12-07-2026,Tamil Nadu Civil Supplies Corporation
TNCSC-KMS2025-26-1286,1286,Nagapattinam,Nagapattinam,Vazhmangalam,2026-02-07,2026-04-27,Closed,10.868970,79.803671,KMS 2025-26 as on 12-07-2026,Tamil Nadu Civil Supplies Corporation
TNCSC-KMS2025-26-1287,1287,Nagapattinam,Nagapattinam,Virkudi,2026-02-02,2026-04-03,Closed,10.831420,79.664298,KMS 2025-26 as on 12-07-2026,Tamil Nadu Civil Supplies Corporation
TNCSC-KMS2025-26-1288,1288,Nagapattinam,Thirukkuvalai,Aadamangalam,2025-09-22,2026-05-22,Closed,10.673335,79.680723,KMS 2025-26 as on 12-07-2026,Tamil Nadu Civil Supplies Corporation
TNCSC-KMS2025-26-1289,1289,Nagapattinam,Thirukkuvalai,Aaimoor,2025-09-24,2026-05-05,Closed,10.539974,79.724038,KMS 2025-26 as on 12-07-2026,Tamil Nadu Civil Supplies Corporation
TNCSC-KMS2025-26-1290,1290,Nagapattinam,Thirukkuvalai,Anakkudi,2026-02-23,2026-05-19,Closed,10.878234,79.680897,KMS 2025-26 as on 12-07-2026,Tamil Nadu Civil Supplies Corporation
TNCSC-KMS2025-26-1291,1291,Nagapattinam,Thirukkuvalai,Eesanur,2025-09-17,2026-05-20,Closed,10.599233,79.750295,KMS 2025-26 as on 12-07-2026,Tamil Nadu Civil Supplies Corporation
TNCSC-KMS2025-26-1292,1292,Nagapattinam,Thirukkuvalai,Ettukudi,2025-09-20,2026-05-11,Closed,10.613315,79.727015,KMS 2025-26 as on 12-07-2026,Tamil Nadu Civil Supplies Corporation
TNCSC-KMS2025-26-1293,1293,Nagapattinam,Thirukkuvalai,Kachanaharam,2025-09-26,2026-05-20,Closed,10.624418,79.681931,KMS 2025-26 as on 12-07-2026,Tamil Nadu Civil Supplies Corporation
TNCSC-KMS2025-26-1294,1294,Nagapattinam,Thirukkuvalai,Keela Kannappur Dpc,2025-10-08,2026-05-21,Closed,10.672982,79.697096,KMS 2025-26 as on 12-07-2026,Tamil Nadu Civil Supplies Corporation
TNCSC-KMS2025-26-1295,1295,Nagapattinam,Thirukkuvalai,Keeramper,2025-09-30,2026-05-09,Closed,10.601693,79.703358,KMS 2025-26 as on 12-07-2026,Tamil Nadu Civil Supplies Corporation
TNCSC-KMS2025-26-1296,1296,Nagapattinam,Thirukkuvalai,Kodiyalathur,2025-09-22,2026-04-25,Closed,10.653906,79.671588,KMS 2025-26 as on 12-07-2026,Tamil Nadu Civil Supplies Corporation
TNCSC-KMS2025-26-1297,1297,Nagapattinam,Thirukkuvalai,Kolappadu,2025-10-01,2026-05-09,Closed,10.637510,79.695195,KMS 2025-26 as on 12-07-2026,Tamil Nadu Civil Supplies Corporation
TNCSC-KMS2025-26-1298,1298,Nagapattinam,Thirukkuvalai,Koothankudi,2025-10-01,2026-04-30,Closed,10.565756,79.671990,KMS 2025-26 as on 12-07-2026,Tamil Nadu Civil Supplies Corporation
TNCSC-KMS2025-26-1299,1299,Nagapattinam,Thirukkuvalai,Kothangudi,2025-09-29,2026-05-19,Closed,10.605588,79.660796,KMS 2025-26 as on 12-07-2026,Tamil Nadu Civil Supplies Corporation
TNCSC-KMS2025-26-1300,1300,Nagapattinam,Thirukkuvalai,Madapuram,2025-09-30,2026-05-21,Closed,10.639152,79.767643,KMS 2025-26 as on 12-07-2026,Tamil Nadu Civil Supplies Corporation
TNCSC-KMS2025-26-1301,1301,Nagapattinam,Thirukkuvalai,Manakudi,2025-09-19,2026-04-25,Closed,11.110958,79.687461,KMS 2025-26 as on 12-07-2026,Tamil Nadu Civil Supplies Corporation
TNCSC-KMS2025-26-1302,1302,Nagapattinam,Thirukkuvalai,Maraachery,2025-09-24,2026-05-05,Closed,10.567155,79.678056,KMS 2025-26 as on 12-07-2026,Tamil Nadu Civil Supplies Corporation
TNCSC-KMS2025-26-1303,1303,Nagapattinam,Thirukkuvalai,Meenamanallur,2025-10-01,2026-05-14,Closed,10.631822,79.766200,KMS 2025-26 as on 12-07-2026,Tamil Nadu Civil Supplies Corporation
TNCSC-KMS2025-26-1304,1304,Nagapattinam,Thirukkuvalai,Mela Vazhakarai,2025-10-01,2026-05-14,Closed,10.641900,79.737251,KMS 2025-26 as on 12-07-2026,Tamil Nadu Civil Supplies Corporation
TNCSC-KMS2025-26-1305,1305,Nagapattinam,Thirukkuvalai,Mohanaambaalpuram,2025-09-30,2026-05-14,Closed,10.665255,79.731119,KMS 2025-26 as on 12-07-2026,Tamil Nadu Civil Supplies Corporation
TNCSC-KMS2025-26-1306,1306,Nagapattinam,Thirukkuvalai,Mutharasapuram,2025-10-04,2026-05-08,Closed,10.621078,79.691846,KMS 2025-26 as on 12-07-2026,Tamil Nadu Civil Supplies Corporation
TNCSC-KMS2025-26-1307,1307,Nagapattinam,Thirukkuvalai,Nathapallam,2026-02-02,2026-04-28,Closed,10.577551,79.699196,KMS 2025-26 as on 12-07-2026,Tamil Nadu Civil Supplies Corporation
TNCSC-KMS2025-26-1308,1308,Nagapattinam,Thirukkuvalai,Natiruppu Dpc,2025-10-08,2026-05-12,Closed,10.640919,79.732742,KMS 2025-26 as on 12-07-2026,Tamil Nadu Civil Supplies Corporation
TNCSC-KMS2025-26-1309,1309,Nagapattinam,Thirukkuvalai,Neermoolai,2025-09-25,2026-04-27,Closed,10.565191,79.711431,KMS 2025-26 as on 12-07-2026,Tamil Nadu Civil Supplies Corporation
TNCSC-KMS2025-26-1310,1310,Nagapattinam,Thirukkuvalai,Paangal,2026-02-02,2026-05-06,Closed,10.641157,79.660956,KMS 2025-26 as on 12-07-2026,Tamil Nadu Civil Supplies Corporation
TNCSC-KMS2025-26-1311,1311,Nagapattinam,Thirukkuvalai,Panangadi,2025-10-14,2026-05-06,Closed,10.644943,79.666610,KMS 2025-26 as on 12-07-2026,Tamil Nadu Civil Supplies Corporation
TNCSC-KMS2025-26-1312,1312,Nagapattinam,Thirukkuvalai,Perumazhai,2026-02-13,2026-04-29,Closed,10.551563,79.740662,KMS 2025-26 as on 12-07-2026,Tamil Nadu Civil Supplies Corporation
TNCSC-KMS2025-26-1313,1313,Nagapattinam,Thirukkuvalai,Puthur,2025-10-08,2026-04-28,Closed,11.294178,79.716628,KMS 2025-26 as on 12-07-2026,Tamil Nadu Civil Supplies Corporation
TNCSC-KMS2025-26-1314,1314,Nagapattinam,Thirukkuvalai,Sithaimur,2025-09-20,2026-05-07,Closed,10.598591,79.699165,KMS 2025-26 as on 12-07-2026,Tamil Nadu Civil Supplies Corporation
TNCSC-KMS2025-26-1315,1315,Nagapattinam,Thirukkuvalai,Therkkuveli,2025-09-30,2026-05-21,Closed,10.627426,79.722277,KMS 2025-26 as on 12-07-2026,Tamil Nadu Civil Supplies Corporation
TNCSC-KMS2025-26-1316,1316,Nagapattinam,Thirukkuvalai,Thirukuvalai,2025-09-20,2026-05-21,Closed,10.627426,79.722277,KMS 2025-26 as on 12-07-2026,Tamil Nadu Civil Supplies Corporation
TNCSC-KMS2025-26-1317,1317,Nagapattinam,Thirukkuvalai,Thiruvaimur,2025-09-26,2026-05-12,Closed,10.603096,79.735225,KMS 2025-26 as on 12-07-2026,Tamil Nadu Civil Supplies Corporation
TNCSC-KMS2025-26-1318,1318,Nagapattinam,Thirukkuvalai,Thiruvasal,2025-10-09,2026-05-11,Closed,10.589323,79.738876,KMS 2025-26 as on 12-07-2026,Tamil Nadu Civil Supplies Corporation
TNCSC-KMS2025-26-1319,1319,Nagapattinam,Thirukkuvalai,Thozhthur,2025-10-08,2026-05-06,Closed,10.598232,79.678979,KMS 2025-26 as on 12-07-2026,Tamil Nadu Civil Supplies Corporation
TNCSC-KMS2025-26-1320,1320,Nagapattinam,Thirukkuvalai,Uthirakudi,2026-01-30,2026-04-12,Closed,10.650554,79.660502,KMS 2025-26 as on 12-07-2026,Tamil Nadu Civil Supplies Corporation
TNCSC-KMS2025-26-1321,1321,Nagapattinam,Thirukkuvalai,Vaazhakarai,2025-09-25,2026-05-14,Closed,10.627917,79.747832,KMS 2025-26 as on 12-07-2026,Tamil Nadu Civil Supplies Corporation
TNCSC-KMS2025-26-1322,1322,Nagapattinam,Thirukkuvalai,Vaduhoor,2025-09-22,2026-04-27,Closed,10.568228,79.741957,KMS 2025-26 as on 12-07-2026,Tamil Nadu Civil Supplies Corporation
TNCSC-KMS2025-26-1323,1323,Nagapattinam,Thirukkuvalai,Valivalam,2025-09-17,2026-05-09,Closed,10.650685,79.694887,KMS 2025-26 as on 12-07-2026,Tamil Nadu Civil Supplies Corporation
TNCSC-KMS2025-26-1324,1324,Nagapattinam,Thirukkuvalai,Vallam,2025-10-08,2026-05-19,Closed,11.001052,79.772737,KMS 2025-26 as on 12-07-2026,Tamil Nadu Civil Supplies Corporation
TNCSC-KMS2025-26-1325,1325,Nagapattinam,Vedaranyam,Aadhanur,2026-02-04,2026-05-05,Closed,10.381245,79.801131,KMS 2025-26 as on 12-07-2026,Tamil Nadu Civil Supplies Corporation
TNCSC-KMS2025-26-1326,1326,Nagapattinam,Vedaranyam,Agasthiyampalli,2026-02-09,2026-04-08,Closed,10.360669,79.831180,KMS 2025-26 as on 12-07-2026,Tamil Nadu Civil Supplies Corporation
TNCSC-KMS2025-26-1327,1327,Nagapattinam,Vedaranyam,Arunthavapulam,2025-09-24,2026-05-06,Closed,10.552662,79.699631,KMS 2025-26 as on 12-07-2026,Tamil Nadu Civil Supplies Corporation
TNCSC-KMS2025-26-1328,1328,Nagapattinam,Vedaranyam,Ayakaranpulam 1 St Sethi,2026-02-09,2026-04-11,Closed,10.405980,79.763128,KMS 2025-26 as on 12-07-2026,Tamil Nadu Civil Supplies Corporation
TNCSC-KMS2025-26-1329,1329,Nagapattinam,Vedaranyam,Ayakaranpulam 3 Rd Sethi,2026-02-11,2026-04-09,Closed,10.384180,79.752079,KMS 2025-26 as on 12-07-2026,Tamil Nadu Civil Supplies Corporation
TNCSC-KMS2025-26-1330,1330,Nagapattinam,Vedaranyam,Ayakaranpulam 4 Th Sethi,2026-02-05,2026-06-01,Closed,10.364936,79.743546,KMS 2025-26 as on 12-07-2026,Tamil Nadu Civil Supplies Corporation
TNCSC-KMS2025-26-1331,1331,Nagapattinam,Vedaranyam,Kaadanthethi,2025-10-10,2026-04-24,Closed,10.574766,79.758106,KMS 2025-26 as on 12-07-2026,Tamil Nadu Civil Supplies Corporation
TNCSC-KMS2025-26-1332,1332,Nagapattinam,Vedaranyam,Kadinavayal,2026-02-16,2026-03-28,Closed,10.360066,79.780482,KMS 2025-26 as on 12-07-2026,Tamil Nadu Civil Supplies Corporation
TNCSC-KMS2025-26-1333,1333,Nagapattinam,Vedaranyam,Karipattinam,2025-09-26,2026-05-22,Closed,10.469666,79.738701,KMS 2025-26 as on 12-07-2026,Tamil Nadu Civil Supplies Corporation
TNCSC-KMS2025-26-1334,1334,Nagapattinam,Vedaranyam,Karuppampulam,2026-02-04,2026-04-28,Closed,10.381145,79.788843,KMS 2025-26 as on 12-07-2026,Tamil Nadu Civil Supplies Corporation
TNCSC-KMS2025-26-1335,1335,Nagapattinam,Vedaranyam,Kathiripulam,2026-02-05,2026-04-10,Closed,10.468993,79.780495,KMS 2025-26 as on 12-07-2026,Tamil Nadu Civil Supplies Corporation
TNCSC-KMS2025-26-1336,1336,Nagapattinam,Vedaranyam,Maharajapuram,2025-10-07,2026-05-12,Closed,11.118888,79.613203,KMS 2025-26 as on 12-07-2026,Tamil Nadu Civil Supplies Corporation
TNCSC-KMS2025-26-1337,1337,Nagapattinam,Vedaranyam,Maharajapuram Kilpathi,2025-09-25,2026-05-11,Closed,10.479900,79.734900,KMS 2025-26 as on 12-07-2026,Tamil Nadu Civil Supplies Corporation
TNCSC-KMS2025-26-1338,1338,Nagapattinam,Vedaranyam,Marudhur North,2025-10-06,2026-04-17,Closed,10.436251,79.733463,KMS 2025-26 as on 12-07-2026,Tamil Nadu Civil Supplies Corporation
TNCSC-KMS2025-26-1339,1339,Nagapattinam,Vedaranyam,Marudhur South,2026-02-05,2026-04-24,Closed,10.410116,79.719673,KMS 2025-26 as on 12-07-2026,Tamil Nadu Civil Supplies Corporation
TNCSC-KMS2025-26-1340,1340,Nagapattinam,Vedaranyam,Melapranthiyakarai,2026-02-12,2026-05-11,Closed,10.474233,79.702421,KMS 2025-26 as on 12-07-2026,Tamil Nadu Civil Supplies Corporation
TNCSC-KMS2025-26-1341,1341,Nagapattinam,Vedaranyam,Moolakarai,2025-09-22,2026-05-26,Closed,10.474396,79.683308,KMS 2025-26 as on 12-07-2026,Tamil Nadu Civil Supplies Corporation
TNCSC-KMS2025-26-1342,1342,Nagapattinam,Vedaranyam,Nahakudaiyan,2026-02-04,2026-04-10,Closed,10.477499,79.784541,KMS 2025-26 as on 12-07-2026,Tamil Nadu Civil Supplies Corporation
TNCSC-KMS2025-26-1343,1343,Nagapattinam,Vedaranyam,Oradiyampulam,2025-09-11,2026-06-08,Closed,10.539673,79.759896,KMS 2025-26 as on 12-07-2026,Tamil Nadu Civil Supplies Corporation
TNCSC-KMS2025-26-1344,1344,Nagapattinam,Vedaranyam,Panjanadhikulam East,2026-02-06,2026-04-01,Closed,10.393946,79.724880,KMS 2025-26 as on 12-07-2026,Tamil Nadu Civil Supplies Corporation
TNCSC-KMS2025-26-1345,1345,Nagapattinam,Vedaranyam,Panjanadhikulam Nadusethi,2026-02-03,2026-04-09,Closed,10.368439,79.713322,KMS 2025-26 as on 12-07-2026,Tamil Nadu Civil Supplies Corporation
TNCSC-KMS2025-26-1346,1346,Nagapattinam,Vedaranyam,Panjanadhikulam West,2026-02-05,2026-04-01,Closed,10.399938,79.699071,KMS 2025-26 as on 12-07-2026,Tamil Nadu Civil Supplies Corporation
TNCSC-KMS2025-26-1347,1347,Nagapattinam,Vedaranyam,Pannal,2026-02-11,2026-04-17,Closed,10.366450,79.771703,KMS 2025-26 as on 12-07-2026,Tamil Nadu Civil Supplies Corporation
TNCSC-KMS2025-26-1348,1348,Nagapattinam,Vedaranyam,Pirinjimoolai,2026-02-06,2026-05-08,Closed,10.579110,79.785002,KMS 2025-26 as on 12-07-2026,Tamil Nadu Civil Supplies Corporation
TNCSC-KMS2025-26-1349,1349,Nagapattinam,Vedaranyam,Prandhiyankarai,2025-09-20,2026-04-28,Closed,10.477015,79.718013,KMS 2025-26 as on 12-07-2026,Tamil Nadu Civil Supplies Corporation
TNCSC-KMS2025-26-1350,1350,Nagapattinam,Vedaranyam,Thakattur,2026-02-05,2026-04-01,Closed,10.421808,79.707423,KMS 2025-26 as on 12-07-2026,Tamil Nadu Civil Supplies Corporation
TNCSC-KMS2025-26-1351,1351,Nagapattinam,Vedaranyam,Thalanayar,2025-09-18,2026-05-14,Closed,10.564218,79.770396,KMS 2025-26 as on 12-07-2026,Tamil Nadu Civil Supplies Corporation
TNCSC-KMS2025-26-1352,1352,Nagapattinam,Vedaranyam,Thanikottaham,2025-09-22,2026-04-04,Closed,10.438936,79.686046,KMS 2025-26 as on 12-07-2026,Tamil Nadu Civil Supplies Corporation
TNCSC-KMS2025-26-1353,1353,Nagapattinam,Vedaranyam,Thennadar,2026-02-10,2026-04-02,Closed,10.379805,79.683250,KMS 2025-26 as on 12-07-2026,Tamil Nadu Civil Supplies Corporation
TNCSC-KMS2025-26-1354,1354,Nagapattinam,Vedaranyam,Thethakudi,2026-02-05,2026-04-10,Closed,10.409679,79.834401,KMS 2025-26 as on 12-07-2026,Tamil Nadu Civil Supplies Corporation
TNCSC-KMS2025-26-1355,1355,Nagapattinam,Vedaranyam,Thulasapuram,2025-10-08,2026-05-06,Closed,12.989927,79.766720,KMS 2025-26 as on 12-07-2026,Tamil Nadu Civil Supplies Corporation
TNCSC-KMS2025-26-1356,1356,Nagapattinam,Vedaranyam,Umbalacheri,2025-09-27,2026-05-19,Closed,10.505493,79.729153,KMS 2025-26 as on 12-07-2026,Tamil Nadu Civil Supplies Corporation
TNCSC-KMS2025-26-1357,1357,Nagapattinam,Vedaranyam,Vadamazhai,2025-09-22,2026-05-06,Closed,10.458866,79.707790,KMS 2025-26 as on 12-07-2026,Tamil Nadu Civil Supplies Corporation
TNCSC-KMS2025-26-1358,1358,Nagapattinam,Vedaranyam,Vaimedu,2026-02-05,2026-04-10,Closed,10.410863,79.661818,KMS 2025-26 as on 12-07-2026,Tamil Nadu Civil Supplies Corporation
TNCSC-KMS2025-26-1359,1359,Nagapattinam,Vedaranyam,Vanduvancheri,2026-02-10,2026-04-09,Closed,10.430518,79.661115,KMS 2025-26 as on 12-07-2026,Tamil Nadu Civil Supplies Corporation
TNCSC-KMS2025-26-1360,1360,Nagapattinam,Vedaranyam,Vattakuddi,2025-09-22,2026-05-19,Closed,10.517083,79.749681,KMS 2025-26 as on 12-07-2026,Tamil Nadu Civil Supplies Corporation
TNCSC-KMS2025-26-1361,1361,Nagapattinam,Vedaranyam,Vedaranyam City,2026-02-04,2026-04-20,Closed,10.366738,79.821693,KMS 2025-26 as on 12-07-2026,Tamil Nadu Civil Supplies Corporation
TNCSC-KMS2025-26-1362,1362,Nagapattinam,Vedaranyam,Vellapallam,2026-02-04,2026-04-13,Closed,10.532720,79.837288,KMS 2025-26 as on 12-07-2026,Tamil Nadu Civil Supplies Corporation
TNCSC-KMS2025-26-1363,1363,Namakkal,Kumarapalayam,Elanthakuttai,2026-01-22,2026-04-13,Closed,11.401103,77.766111,KMS 2025-26 as on 12-07-2026,Tamil Nadu Civil Supplies Corporation
TNCSC-KMS2025-26-1364,1364,Namakkal,Kumarapalayam,Kaliyanur Agraharam,2026-01-27,2026-04-13,Closed,11.405300,77.738637,KMS 2025-26 as on 12-07-2026,Tamil Nadu Civil Supplies Corporation
TNCSC-KMS2025-26-1365,1365,Perambalur,Kunnam,Agaramsegoor,2025-09-10,2026-06-16,Closed,11.397986,79.100227,KMS 2025-26 as on 12-07-2026,Tamil Nadu Civil Supplies Corporation
TNCSC-KMS2025-26-1366,1366,Perambalur,Kunnam,Athiyur(S),2026-02-04,2026-06-15,Closed,11.371102,79.080880,KMS 2025-26 as on 12-07-2026,Tamil Nadu Civil Supplies Corporation
TNCSC-KMS2025-26-1367,1367,Perambalur,Kunnam,Elumur(E),2025-09-04,2026-06-13,Closed,11.294192,78.979291,KMS 2025-26 as on 12-07-2026,Tamil Nadu Civil Supplies Corporation
TNCSC-KMS2025-26-1368,1368,Perambalur,Kunnam,Kadur,2025-09-04,2026-05-03,Closed,11.258020,79.102140,KMS 2025-26 as on 12-07-2026,Tamil Nadu Civil Supplies Corporation
TNCSC-KMS2025-26-1369,1369,Perambalur,Kunnam,Kilumathur(S),2026-03-23,2026-06-15,Closed,11.346992,79.070305,KMS 2025-26 as on 12-07-2026,Tamil Nadu Civil Supplies Corporation
TNCSC-KMS2025-26-1370,1370,Perambalur,Kunnam,Kovilpalayam,2025-09-20,2026-05-02,Closed,11.279489,79.098449,KMS 2025-26 as on 12-07-2026,Tamil Nadu Civil Supplies Corporation
TNCSC-KMS2025-26-1371,1371,Perambalur,Kunnam,Nannai E,2026-02-07,,Open,11.334247,79.040399,KMS 2025-26 as on 12-07-2026,Tamil Nadu Civil Supplies Corporation
TNCSC-KMS2025-26-1372,1372,Perambalur,Kunnam,Ogalur(E),2026-02-28,2026-05-09,Closed,11.395537,79.042553,KMS 2025-26 as on 12-07-2026,Tamil Nadu Civil Supplies Corporation
TNCSC-KMS2025-26-1373,1373,Perambalur,Kunnam,Thungapuram(S),2026-02-25,2026-04-28,Closed,11.289333,79.105419,KMS 2025-26 as on 12-07-2026,Tamil Nadu Civil Supplies Corporation
TNCSC-KMS2025-26-1374,1374,Perambalur,Kunnam,Vadakkalur,2026-04-25,2026-06-12,Closed,11.356120,79.060290,KMS 2025-26 as on 12-07-2026,Tamil Nadu Civil Supplies Corporation
TNCSC-KMS2025-26-1375,1375,Perambalur,Kunnam,Vasistapuram,2026-02-06,2026-04-21,Closed,11.372707,79.154324,KMS 2025-26 as on 12-07-2026,Tamil Nadu Civil Supplies Corporation
TNCSC-KMS2025-26-1376,1376,Perambalur,Perambalur,Kurumbalur,2026-02-09,2026-06-17,Closed,11.228244,78.778933,KMS 2025-26 as on 12-07-2026,Tamil Nadu Civil Supplies Corporation
TNCSC-KMS2025-26-1377,1377,Perambalur,Perambalur,Velur,2026-02-20,2026-05-04,Closed,11.201587,78.800486,KMS 2025-26 as on 12-07-2026,Tamil Nadu Civil Supplies Corporation
TNCSC-KMS2025-26-1378,1378,Perambalur,Veppanthattai,Annamangalam,2026-02-25,2026-05-23,Closed,11.324620,78.807656,KMS 2025-26 as on 12-07-2026,Tamil Nadu Civil Supplies Corporation
TNCSC-KMS2025-26-1379,1379,Perambalur,Veppanthattai,Arasalur,2026-02-25,2026-06-06,Closed,11.310073,78.777703,KMS 2025-26 as on 12-07-2026,Tamil Nadu Civil Supplies Corporation
TNCSC-KMS2025-26-1380,1380,Perambalur,Veppanthattai,Arumbavur,2025-09-11,2026-06-15,Closed,11.371115,78.701795,KMS 2025-26 as on 12-07-2026,Tamil Nadu Civil Supplies Corporation
TNCSC-KMS2025-26-1381,1381,Perambalur,Veppanthattai,Inam Agaram,2026-02-10,2026-05-27,Closed,11.417799,78.946520,KMS 2025-26 as on 12-07-2026,Tamil Nadu Civil Supplies Corporation
TNCSC-KMS2025-26-1382,1382,Perambalur,Veppanthattai,Kai Kalathur,2026-02-14,2026-05-10,Closed,11.460340,78.853370,KMS 2025-26 as on 12-07-2026,Tamil Nadu Civil Supplies Corporation
TNCSC-KMS2025-26-1383,1383,Perambalur,Veppanthattai,Poolambadi,2026-02-24,2026-06-16,Closed,11.391740,78.714796,KMS 2025-26 as on 12-07-2026,Tamil Nadu Civil Supplies Corporation
TNCSC-KMS2025-26-1384,1384,Perambalur,Veppanthattai,Thondamanthurai-E,2026-02-06,2026-06-14,Closed,11.364402,78.758020,KMS 2025-26 as on 12-07-2026,Tamil Nadu Civil Supplies Corporation
TNCSC-KMS2025-26-1385,1385,Perambalur,Veppanthattai,Vengalam(E),2025-09-20,2026-06-12,Closed,11.380827,78.790288,KMS 2025-26 as on 12-07-2026,Tamil Nadu Civil Supplies Corporation
TNCSC-KMS2025-26-1386,1386,Pudukkottai,Alangudi,Kallalankudi,2026-01-24,,Open,10.356834,78.997690,KMS 2025-26 as on 12-07-2026,Tamil Nadu Civil Supplies Corporation
TNCSC-KMS2025-26-1387,1387,Pudukkottai,Alangudi,Kathakurichi,2026-01-23,,Open,10.302005,78.902565,KMS 2025-26 as on 12-07-2026,Tamil Nadu Civil Supplies Corporation
TNCSC-KMS2025-26-1388,1388,Pudukkottai,Alangudi,Ln Puram,2026-01-29,2026-04-08,Closed,10.339144,79.113210,KMS 2025-26 as on 12-07-2026,Tamil Nadu Civil Supplies Corporation
TNCSC-KMS2025-26-1389,1389,Pudukkottai,Alangudi,Manjan Viduthi,2026-02-12,2026-04-13,Closed,10.383110,78.928661,KMS 2025-26 as on 12-07-2026,Tamil Nadu Civil Supplies Corporation
TNCSC-KMS2025-26-1390,1390,Pudukkottai,Alangudi,Neduvasal,2026-01-07,,Open,11.042702,79.765110,KMS 2025-26 as on 12-07-2026,Tamil Nadu Civil Supplies Corporation
TNCSC-KMS2025-26-1391,1391,Pudukkottai,Alangudi,Palaiyur,2026-01-29,2026-03-28,Closed,10.282223,78.907480,KMS 2025-26 as on 12-07-2026,Tamil Nadu Civil Supplies Corporation
TNCSC-KMS2025-26-1392,1392,Pudukkottai,Alangudi,Pathampatti,2026-01-27,,Open,10.324337,78.965660,KMS 2025-26 as on 12-07-2026,Tamil Nadu Civil Supplies Corporation
TNCSC-KMS2025-26-1393,1393,Pudukkottai,Alangudi,Poovarasankudi,2026-01-20,,Open,10.339219,78.873853,KMS 2025-26 as on 12-07-2026,Tamil Nadu Civil Supplies Corporation
TNCSC-KMS2025-26-1394,1394,Pudukkottai,Alangudi,Senthaakudi,2026-01-12,,Open,10.276964,78.919094,KMS 2025-26 as on 12-07-2026,Tamil Nadu Civil Supplies Corporation
TNCSC-KMS2025-26-1395,1395,Pudukkottai,Alangudi,Sooranviduthi,2026-02-09,2026-03-30,Closed,10.342728,79.012441,KMS 2025-26 as on 12-07-2026,Tamil Nadu Civil Supplies Corporation
TNCSC-KMS2025-26-1396,1396,Pudukkottai,Alangudi,Vadakadu,2025-09-26,,Open,10.572155,79.150465,KMS 2025-26 as on 12-07-2026,Tamil Nadu Civil Supplies Corporation
TNCSC-KMS2025-26-1397,1397,Pudukkottai,Alangudi,Vallathirakottai,2026-01-19,,Open,10.327498,78.872411,KMS 2025-26 as on 12-07-2026,Tamil Nadu Civil Supplies Corporation
TNCSC-KMS2025-26-1398,1398,Pudukkottai,Aranthangi,A Kudikadu,2026-01-09,2026-04-09,Closed,10.105451,79.115320,KMS 2025-26 as on 12-07-2026,Tamil Nadu Civil Supplies Corporation
TNCSC-KMS2025-26-1399,1399,Pudukkottai,Aranthangi,Aadalaikalabairavapuram,2026-01-31,2026-04-01,Closed,10.150722,79.164228,KMS 2025-26 as on 12-07-2026,Tamil Nadu Civil Supplies Corporation
TNCSC-KMS2025-26-1400,1400,Pudukkottai,Aranthangi,Alathivayal,2026-01-27,2026-03-09,Closed,10.025162,79.019692,KMS 2025-26 as on 12-07-2026,Tamil Nadu Civil Supplies Corporation
TNCSC-KMS2025-26-1401,1401,Pudukkottai,Aranthangi,Amarasimenthirapuram,2026-01-30,,Open,10.200747,79.167310,KMS 2025-26 as on 12-07-2026,Tamil Nadu Civil Supplies Corporation
TNCSC-KMS2025-26-1402,1402,Pudukkottai,Aranthangi,Arasarkulam Keelpathi,2026-01-22,2026-04-02,Closed,10.197357,79.110250,KMS 2025-26 as on 12-07-2026,Tamil Nadu Civil Supplies Corporation
TNCSC-KMS2025-26-1403,1403,Pudukkottai,Aranthangi,Athani,2025-09-23,2026-04-08,Closed,10.145019,79.195009,KMS 2025-26 as on 12-07-2026,Tamil Nadu Civil Supplies Corporation
TNCSC-KMS2025-26-1404,1404,Pudukkottai,Aranthangi,Ayangudi,2026-01-21,,Open,11.216520,79.525575,KMS 2025-26 as on 12-07-2026,Tamil Nadu Civil Supplies Corporation
TNCSC-KMS2025-26-1405,1405,Pudukkottai,Aranthangi,Eaganivayal,2026-02-02,2026-04-13,Closed,10.145803,79.151874,KMS 2025-26 as on 12-07-2026,Tamil Nadu Civil Supplies Corporation
TNCSC-KMS2025-26-1406,1406,Pudukkottai,Aranthangi,Eagaperumalur,2026-01-22,2026-04-18,Closed,10.138266,79.160006,KMS 2025-26 as on 12-07-2026,Tamil Nadu Civil Supplies Corporation
TNCSC-KMS2025-26-1407,1407,Pudukkottai,Aranthangi,Erichy,2026-02-07,2026-04-18,Closed,10.232529,78.969179,KMS 2025-26 as on 12-07-2026,Tamil Nadu Civil Supplies Corporation
TNCSC-KMS2025-26-1408,1408,Pudukkottai,Aranthangi,Ettiyathali,2026-01-28,2026-04-18,Closed,10.201092,79.065049,KMS 2025-26 as on 12-07-2026,Tamil Nadu Civil Supplies Corporation
TNCSC-KMS2025-26-1409,1409,Pudukkottai,Aranthangi,Kandichankadu,2026-01-22,2026-04-09,Closed,10.139746,79.150360,KMS 2025-26 as on 12-07-2026,Tamil Nadu Civil Supplies Corporation
TNCSC-KMS2025-26-1410,1410,Pudukkottai,Aranthangi,Karavayal,2026-01-22,2026-02-26,Closed,10.152540,79.119000,KMS 2025-26 as on 12-07-2026,Tamil Nadu Civil Supplies Corporation
TNCSC-KMS2025-26-1411,1411,Pudukkottai,Aranthangi,Kasavayal,2026-02-02,2026-04-07,Closed,10.100738,79.112028,KMS 2025-26 as on 12-07-2026,Tamil Nadu Civil Supplies Corporation
TNCSC-KMS2025-26-1412,1412,Pudukkottai,Aranthangi,Keelacheri,2026-01-30,2026-04-15,Closed,10.125472,79.035334,KMS 2025-26 as on 12-07-2026,Tamil Nadu Civil Supplies Corporation
TNCSC-KMS2025-26-1413,1413,Pudukkottai,Aranthangi,Kodivayal,2026-01-21,2026-04-11,Closed,10.176670,79.143467,KMS 2025-26 as on 12-07-2026,Tamil Nadu Civil Supplies Corporation
TNCSC-KMS2025-26-1414,1414,Pudukkottai,Aranthangi,Kokkumadai,2026-01-28,2026-04-10,Closed,10.128191,79.141213,KMS 2025-26 as on 12-07-2026,Tamil Nadu Civil Supplies Corporation
TNCSC-KMS2025-26-1415,1415,Pudukkottai,Aranthangi,Koohanur,2026-01-24,2026-02-12,Closed,10.156504,79.121512,KMS 2025-26 as on 12-07-2026,Tamil Nadu Civil Supplies Corporation
TNCSC-KMS2025-26-1416,1416,Pudukkottai,Aranthangi,Maivayal,2026-01-30,2026-03-12,Closed,10.130704,79.124930,KMS 2025-26 as on 12-07-2026,Tamil Nadu Civil Supplies Corporation
TNCSC-KMS2025-26-1417,1417,Pudukkottai,Aranthangi,Mangalanadu,2026-02-03,2026-04-17,Closed,10.202900,79.151309,KMS 2025-26 as on 12-07-2026,Tamil Nadu Civil Supplies Corporation
TNCSC-KMS2025-26-1418,1418,Pudukkottai,Aranthangi,Mangudi,2026-01-31,2026-04-15,Closed,10.217594,79.065881,KMS 2025-26 as on 12-07-2026,Tamil Nadu Civil Supplies Corporation
TNCSC-KMS2025-26-1419,1419,Pudukkottai,Aranthangi,Mathur Ramasamypuram,2026-01-28,2026-04-21,Closed,10.224459,79.131469,KMS 2025-26 as on 12-07-2026,Tamil Nadu Civil Supplies Corporation
TNCSC-KMS2025-26-1420,1420,Pudukkottai,Aranthangi,Melapattu,2026-02-05,2026-03-28,Closed,10.160737,79.036024,KMS 2025-26 as on 12-07-2026,Tamil Nadu Civil Supplies Corporation
TNCSC-KMS2025-26-1421,1421,Pudukkottai,Aranthangi,Merpanaikadu,2026-01-23,2026-04-20,Closed,10.262986,79.125832,KMS 2025-26 as on 12-07-2026,Tamil Nadu Civil Supplies Corporation
TNCSC-KMS2025-26-1422,1422,Pudukkottai,Aranthangi,Nagudi,2026-01-29,2026-04-02,Closed,10.143737,79.109031,KMS 2025-26 as on 12-07-2026,Tamil Nadu Civil Supplies Corporation
TNCSC-KMS2025-26-1423,1423,Pudukkottai,Aranthangi,Narpavalakudi,2026-02-05,2026-04-09,Closed,10.216818,78.939653,KMS 2025-26 as on 12-07-2026,Tamil Nadu Civil Supplies Corporation
TNCSC-KMS2025-26-1424,1424,Pudukkottai,Aranthangi,Okkur,2026-02-02,2026-04-10,Closed,10.813932,79.759507,KMS 2025-26 as on 12-07-2026,Tamil Nadu Civil Supplies Corporation
TNCSC-KMS2025-26-1425,1425,Pudukkottai,Aranthangi,Pachalur,2026-02-10,2026-04-16,Closed,10.174881,78.929276,KMS 2025-26 as on 12-07-2026,Tamil Nadu Civil Supplies Corporation
TNCSC-KMS2025-26-1426,1426,Pudukkottai,Aranthangi,Panjathi,2026-01-20,2026-04-02,Closed,10.122037,78.998852,KMS 2025-26 as on 12-07-2026,Tamil Nadu Civil Supplies Corporation
TNCSC-KMS2025-26-1427,1427,Pudukkottai,Aranthangi,Perungadu,2026-01-21,2026-04-11,Closed,10.143589,79.059413,KMS 2025-26 as on 12-07-2026,Tamil Nadu Civil Supplies Corporation
TNCSC-KMS2025-26-1428,1428,Pudukkottai,Aranthangi,Pudhuvakottai,2026-02-04,2026-04-17,Closed,10.137121,78.969880,KMS 2025-26 as on 12-07-2026,Tamil Nadu Civil Supplies Corporation
TNCSC-KMS2025-26-1429,1429,Pudukkottai,Aranthangi,Rajendrapuram,2026-02-06,2026-03-14,Closed,10.224661,79.027832,KMS 2025-26 as on 12-07-2026,Tamil Nadu Civil Supplies Corporation
TNCSC-KMS2025-26-1430,1430,Pudukkottai,Aranthangi,Subramaniyapuram,2025-09-29,,Open,10.182955,79.118873,KMS 2025-26 as on 12-07-2026,Tamil Nadu Civil Supplies Corporation
TNCSC-KMS2025-26-1431,1431,Pudukkottai,Aranthangi,Thiruvankoor,2026-01-27,2026-04-16,Closed,10.153801,79.153718,KMS 2025-26 as on 12-07-2026,Tamil Nadu Civil Supplies Corporation
TNCSC-KMS2025-26-1432,1432,Pudukkottai,Aranthangi,Tiruvappadi,2026-01-24,2026-04-15,Closed,10.139473,79.190617,KMS 2025-26 as on 12-07-2026,Tamil Nadu Civil Supplies Corporation
TNCSC-KMS2025-26-1433,1433,Pudukkottai,Aranthangi,Vallavari,2026-01-27,2026-04-11,Closed,10.212200,79.084806,KMS 2025-26 as on 12-07-2026,Tamil Nadu Civil Supplies Corporation
TNCSC-KMS2025-26-1434,1434,Pudukkottai,Aranthangi,Vettivayal,2026-02-03,2026-03-30,Closed,10.157003,79.082427,KMS 2025-26 as on 12-07-2026,Tamil Nadu Civil Supplies Corporation
TNCSC-KMS2025-26-1435,1435,Pudukkottai,Avudaiyarkoil,Adambur,2026-03-05,2026-05-11,Closed,9.927630,79.039500,KMS 2025-26 as on 12-07-2026,Tamil Nadu Civil Supplies Corporation
TNCSC-KMS2025-26-1436,1436,Pudukkottai,Avudaiyarkoil,Ambalavanenthal,2026-02-11,2026-03-26,Closed,10.023731,79.120898,KMS 2025-26 as on 12-07-2026,Tamil Nadu Civil Supplies Corporation
TNCSC-KMS2025-26-1437,1437,Pudukkottai,Avudaiyarkoil,Chinnapattamanaglam,2026-01-31,2026-04-24,Closed,9.958247,79.060611,KMS 2025-26 as on 12-07-2026,Tamil Nadu Civil Supplies Corporation
TNCSC-KMS2025-26-1438,1438,Pudukkottai,Avudaiyarkoil,Chithiravidangam,2026-02-09,2026-04-26,Closed,9.976860,79.087009,KMS 2025-26 as on 12-07-2026,Tamil Nadu Civil Supplies Corporation
TNCSC-KMS2025-26-1439,1439,Pudukkottai,Avudaiyarkoil,Embal,2026-01-24,2026-03-29,Closed,10.032970,78.955106,KMS 2025-26 as on 12-07-2026,Tamil Nadu Civil Supplies Corporation
TNCSC-KMS2025-26-1440,1440,Pudukkottai,Avudaiyarkoil,Karur,2026-01-24,2026-04-24,Closed,12.860914,79.779831,KMS 2025-26 as on 12-07-2026,Tamil Nadu Civil Supplies Corporation
TNCSC-KMS2025-26-1441,1441,Pudukkottai,Avudaiyarkoil,Kavathukudi,2026-02-14,2026-04-04,Closed,9.974668,79.073507,KMS 2025-26 as on 12-07-2026,Tamil Nadu Civil Supplies Corporation
TNCSC-KMS2025-26-1442,1442,Pudukkottai,Avudaiyarkoil,Kumulur,2026-02-03,2026-04-25,Closed,9.974021,79.020889,KMS 2025-26 as on 12-07-2026,Tamil Nadu Civil Supplies Corporation
TNCSC-KMS2025-26-1443,1443,Pudukkottai,Avudaiyarkoil,Kurunkaloor,2026-01-30,2026-04-04,Closed,10.119508,79.092595,KMS 2025-26 as on 12-07-2026,Tamil Nadu Civil Supplies Corporation
TNCSC-KMS2025-26-1444,1444,Pudukkottai,Avudaiyarkoil,Mathagam,2026-01-30,2026-04-05,Closed,10.059623,78.952955,KMS 2025-26 as on 12-07-2026,Tamil Nadu Civil Supplies Corporation
TNCSC-KMS2025-26-1445,1445,Pudukkottai,Avudaiyarkoil,Narasingapuram,2026-01-27,2026-04-27,Closed,10.000714,79.055974,KMS 2025-26 as on 12-07-2026,Tamil Nadu Civil Supplies Corporation
TNCSC-KMS2025-26-1446,1446,Pudukkottai,Avudaiyarkoil,Nerkuppai,2026-01-23,2026-04-16,Closed,10.039776,79.104220,KMS 2025-26 as on 12-07-2026,Tamil Nadu Civil Supplies Corporation
TNCSC-KMS2025-26-1447,1447,Pudukkottai,Avudaiyarkoil,Pariveeramangalam,2026-01-29,2026-04-19,Closed,9.992213,79.093922,KMS 2025-26 as on 12-07-2026,Tamil Nadu Civil Supplies Corporation
TNCSC-KMS2025-26-1448,1448,Pudukkottai,Avudaiyarkoil,Perunavalur,2026-01-28,2026-04-09,Closed,10.091813,79.003059,KMS 2025-26 as on 12-07-2026,Tamil Nadu Civil Supplies Corporation
TNCSC-KMS2025-26-1449,1449,Pudukkottai,Avudaiyarkoil,Ponpethi,2026-01-31,2026-04-26,Closed,9.950666,79.084806,KMS 2025-26 as on 12-07-2026,Tamil Nadu Civil Supplies Corporation
TNCSC-KMS2025-26-1450,1450,Pudukkottai,Avudaiyarkoil,Poongudi Avudayarkovil,2026-02-04,2026-03-06,Closed,10.058420,79.050702,KMS 2025-26 as on 12-07-2026,Tamil Nadu Civil Supplies Corporation
TNCSC-KMS2025-26-1451,1451,Pudukkottai,Avudaiyarkoil,Punniyavayal,2026-01-19,2026-04-21,Closed,10.063865,79.038192,KMS 2025-26 as on 12-07-2026,Tamil Nadu Civil Supplies Corporation
TNCSC-KMS2025-26-1452,1452,Pudukkottai,Avudaiyarkoil,Senganam,2026-03-03,2026-04-17,Closed,9.917953,79.036301,KMS 2025-26 as on 12-07-2026,Tamil Nadu Civil Supplies Corporation
TNCSC-KMS2025-26-1453,1453,Pudukkottai,Avudaiyarkoil,Sirumaruthur,2026-01-24,2026-04-22,Closed,10.074410,79.080517,KMS 2025-26 as on 12-07-2026,Tamil Nadu Civil Supplies Corporation
TNCSC-KMS2025-26-1454,1454,Pudukkottai,Avudaiyarkoil,Thachamalli,2026-01-22,2026-04-17,Closed,10.011296,79.038422,KMS 2025-26 as on 12-07-2026,Tamil Nadu Civil Supplies Corporation
TNCSC-KMS2025-26-1455,1455,Pudukkottai,Avudaiyarkoil,Thondaman Nenthal,2026-02-03,2026-04-16,Closed,10.119508,79.092595,KMS 2025-26 as on 12-07-2026,Tamil Nadu Civil Supplies Corporation
TNCSC-KMS2025-26-1456,1456,Pudukkottai,Avudaiyarkoil,Veeramangalam,2026-01-27,2026-04-16,Closed,10.090496,78.987225,KMS 2025-26 as on 12-07-2026,Tamil Nadu Civil Supplies Corporation
TNCSC-KMS2025-26-1457,1457,Pudukkottai,Avudaiyarkoil,Vilanur,2026-02-09,2026-04-17,Closed,10.032199,79.072806,KMS 2025-26 as on 12-07-2026,Tamil Nadu Civil Supplies Corporation
TNCSC-KMS2025-26-1458,1458,Pudukkottai,Gandarvakottai,Andanoor,2025-10-13,2025-11-19,Closed,10.499964,79.059739,KMS 2025-26 as on 12-07-2026,Tamil Nadu Civil Supplies Corporation
TNCSC-KMS2025-26-1459,1459,Pudukkottai,Gandarvakottai,Athankaraipatti,2025-09-27,,Open,10.611298,79.138319,KMS 2025-26 as on 12-07-2026,Tamil Nadu Civil Supplies Corporation
TNCSC-KMS2025-26-1460,1460,Pudukkottai,Gandarvakottai,Athankaraividuthi,2025-09-30,,Open,10.472380,79.072833,KMS 2025-26 as on 12-07-2026,Tamil Nadu Civil Supplies Corporation
TNCSC-KMS2025-26-1461,1461,Pudukkottai,Gandarvakottai,Kallakottai,2025-09-29,,Open,10.519292,79.106453,KMS 2025-26 as on 12-07-2026,Tamil Nadu Civil Supplies Corporation
TNCSC-KMS2025-26-1462,1462,Pudukkottai,Gandarvakottai,Kulathunayakkarpatti,2025-09-22,,Open,10.600382,79.122587,KMS 2025-26 as on 12-07-2026,Tamil Nadu Civil Supplies Corporation
TNCSC-KMS2025-26-1463,1463,Pudukkottai,Gandarvakottai,Kurumpoondi,2026-03-11,2026-04-24,Closed,10.722024,78.996031,KMS 2025-26 as on 12-07-2026,Tamil Nadu Civil Supplies Corporation
TNCSC-KMS2025-26-1464,1464,Pudukkottai,Gandarvakottai,Mangala Kovil,2025-10-11,,Open,10.498921,79.096234,KMS 2025-26 as on 12-07-2026,Tamil Nadu Civil Supplies Corporation
TNCSC-KMS2025-26-1465,1465,Pudukkottai,Gandarvakottai,Meikudipatti,2026-02-10,2026-04-18,Closed,10.619035,79.016969,KMS 2025-26 as on 12-07-2026,Tamil Nadu Civil Supplies Corporation
TNCSC-KMS2025-26-1466,1466,Pudukkottai,Gandarvakottai,N Pudhupatti,2026-02-02,2026-03-27,Closed,10.561311,79.061151,KMS 2025-26 as on 12-07-2026,Tamil Nadu Civil Supplies Corporation
TNCSC-KMS2025-26-1467,1467,Pudukkottai,Gandarvakottai,Nadupatti,2025-09-26,,Open,10.590844,79.109955,KMS 2025-26 as on 12-07-2026,Tamil Nadu Civil Supplies Corporation
TNCSC-KMS2025-26-1468,1468,Pudukkottai,Gandarvakottai,Nerpukai,2025-10-07,,Open,10.524861,79.053361,KMS 2025-26 as on 12-07-2026,Tamil Nadu Civil Supplies Corporation
TNCSC-KMS2025-26-1469,1469,Pudukkottai,Gandarvakottai,Periakottai,2025-09-27,,Open,10.564476,79.083019,KMS 2025-26 as on 12-07-2026,Tamil Nadu Civil Supplies Corporation
TNCSC-KMS2025-26-1470,1470,Pudukkottai,Gandarvakottai,Saviourkudikadu,2025-09-24,,Open,10.624233,79.125498,KMS 2025-26 as on 12-07-2026,Tamil Nadu Civil Supplies Corporation
TNCSC-KMS2025-26-1471,1471,Pudukkottai,Gandarvakottai,Sokampettai,2025-09-30,,Open,10.531202,79.091866,KMS 2025-26 as on 12-07-2026,Tamil Nadu Civil Supplies Corporation
TNCSC-KMS2025-26-1472,1472,Pudukkottai,Gandarvakottai,Therku Sokkampettai,2025-09-29,,Open,10.516694,79.079714,KMS 2025-26 as on 12-07-2026,Tamil Nadu Civil Supplies Corporation
TNCSC-KMS2025-26-1473,1473,Pudukkottai,Gandarvakottai,Thuvar,2025-09-22,,Open,10.452910,79.051613,KMS 2025-26 as on 12-07-2026,Tamil Nadu Civil Supplies Corporation
TNCSC-KMS2025-26-1474,1474,Pudukkottai,Gandarvakottai,Ulavayal,2026-01-08,,Open,10.594787,79.127963,KMS 2025-26 as on 12-07-2026,Tamil Nadu Civil Supplies Corporation
TNCSC-KMS2025-26-1475,1475,Pudukkottai,Gandarvakottai,Valavampatti,2026-01-24,,Open,10.547679,78.985090,KMS 2025-26 as on 12-07-2026,Tamil Nadu Civil Supplies Corporation
TNCSC-KMS2025-26-1476,1476,Pudukkottai,Gandarvakottai,Veeradipatti,2025-09-22,,Open,10.583126,79.070614,KMS 2025-26 as on 12-07-2026,Tamil Nadu Civil Supplies Corporation
TNCSC-KMS2025-26-1477,1477,Pudukkottai,Gandarvakottai,Vellalaviduthy Gandarvakottai,2025-09-30,,Open,10.504532,79.087095,KMS 2025-26 as on 12-07-2026,Tamil Nadu Civil Supplies Corporation
TNCSC-KMS2025-26-1478,1478,Pudukkottai,Illupur,Illuppur,2026-01-27,,Open,10.520978,78.601242,KMS 2025-26 as on 12-07-2026,Tamil Nadu Civil Supplies Corporation
TNCSC-KMS2025-26-1479,1479,Pudukkottai,Illupur,Kallupatti,2026-01-27,,Open,10.532720,78.665504,KMS 2025-26 as on 12-07-2026,Tamil Nadu Civil Supplies Corporation
TNCSC-KMS2025-26-1480,1480,Pudukkottai,Illupur,Nangu Patti,2026-02-05,,Open,10.564290,78.685753,KMS 2025-26 as on 12-07-2026,Tamil Nadu Civil Supplies Corporation
TNCSC-KMS2025-26-1481,1481,Pudukkottai,Illupur,Parambur,2026-01-31,,Open,10.434760,78.638014,KMS 2025-26 as on 12-07-2026,Tamil Nadu Civil Supplies Corporation
TNCSC-KMS2025-26-1482,1482,Pudukkottai,Illupur,Pillipatti,2026-07-09,,Open,10.539056,78.628671,KMS 2025-26 as on 12-07-2026,Tamil Nadu Civil Supplies Corporation
TNCSC-KMS2025-26-1483,1483,Pudukkottai,Illupur,Rapoosal,2026-01-27,,Open,10.517659,78.687856,KMS 2025-26 as on 12-07-2026,Tamil Nadu Civil Supplies Corporation
TNCSC-KMS2025-26-1484,1484,Pudukkottai,Illupur,Sennapanayakanpatti,2026-01-12,,Open,10.495257,78.651141,KMS 2025-26 as on 12-07-2026,Tamil Nadu Civil Supplies Corporation
TNCSC-KMS2025-26-1485,1485,Pudukkottai,Illupur,Thenathiraiyanpatti,2026-01-24,,Open,10.608301,78.822258,KMS 2025-26 as on 12-07-2026,Tamil Nadu Civil Supplies Corporation
TNCSC-KMS2025-26-1486,1486,Pudukkottai,Illupur,Thiruvengaivasal Mettupatti,2026-01-27,,Open,10.398599,78.751152,KMS 2025-26 as on 12-07-2026,Tamil Nadu Civil Supplies Corporation
TNCSC-KMS2025-26-1487,1487,Pudukkottai,Illupur,Thulukampatti,2026-02-10,,Open,10.575580,78.725138,KMS 2025-26 as on 12-07-2026,Tamil Nadu Civil Supplies Corporation
TNCSC-KMS2025-26-1488,1488,Pudukkottai,Illupur,Veerapatti,2026-06-24,,Open,10.483011,78.660502,KMS 2025-26 as on 12-07-2026,Tamil Nadu Civil Supplies Corporation
TNCSC-KMS2025-26-1489,1489,Pudukkottai,Illupur,Villapatti,2026-01-27,2026-07-10,Closed,10.574889,78.709818,KMS 2025-26 as on 12-07-2026,Tamil Nadu Civil Supplies Corporation
TNCSC-KMS2025-26-1490,1490,Pudukkottai,Illupur,Villathupatti,2025-09-30,,Open,10.513054,78.739854,KMS 2025-26 as on 12-07-2026,Tamil Nadu Civil Supplies Corporation
TNCSC-KMS2025-26-1491,1491,Pudukkottai,Karambakudi,Karu Keelatheru,2025-10-08,,Open,10.382253,79.132475,KMS 2025-26 as on 12-07-2026,Tamil Nadu Civil Supplies Corporation
TNCSC-KMS2025-26-1492,1492,Pudukkottai,Karambakudi,Adhiranviduthi,2025-10-01,,Open,10.457480,79.020786,KMS 2025-26 as on 12-07-2026,Tamil Nadu Civil Supplies Corporation
TNCSC-KMS2025-26-1493,1493,Pudukkottai,Karambakudi,Ambukovil,2025-10-07,,Open,10.491835,79.112938,KMS 2025-26 as on 12-07-2026,Tamil Nadu Civil Supplies Corporation
TNCSC-KMS2025-26-1494,1494,Pudukkottai,Karambakudi,Athiyadipatti,2025-09-23,,Open,10.461950,79.096835,KMS 2025-26 as on 12-07-2026,Tamil Nadu Civil Supplies Corporation
TNCSC-KMS2025-26-1495,1495,Pudukkottai,Karambakudi,Banduvakkottai,2025-09-27,,Open,10.534830,79.118052,KMS 2025-26 as on 12-07-2026,Tamil Nadu Civil Supplies Corporation
TNCSC-KMS2025-26-1496,1496,Pudukkottai,Karambakudi,Kaliyarayan Vlduthi,2025-09-30,,Open,10.521282,79.206165,KMS 2025-26 as on 12-07-2026,Tamil Nadu Civil Supplies Corporation
TNCSC-KMS2025-26-1497,1497,Pudukkottai,Karambakudi,Kallumadai,2025-09-30,,Open,10.561078,79.160015,KMS 2025-26 as on 12-07-2026,Tamil Nadu Civil Supplies Corporation
TNCSC-KMS2025-26-1498,1498,Pudukkottai,Karambakudi,Karamba Viduthi,2025-10-08,,Open,10.500545,79.132184,KMS 2025-26 as on 12-07-2026,Tamil Nadu Civil Supplies Corporation
TNCSC-KMS2025-26-1499,1499,Pudukkottai,Karambakudi,Karambakudi,2025-09-30,,Open,10.457857,79.134199,KMS 2025-26 as on 12-07-2026,Tamil Nadu Civil Supplies Corporation
TNCSC-KMS2025-26-1500,1500,Pudukkottai,Karambakudi,Karu Vadatheru,2026-02-04,,Open,10.398261,79.097649,KMS 2025-26 as on 12-07-2026,Tamil Nadu Civil Supplies Corporation
TNCSC-KMS2025-26-1501,1501,Pudukkottai,Karambakudi,Karuppattipatti,2025-10-03,,Open,10.479974,79.050801,KMS 2025-26 as on 12-07-2026,Tamil Nadu Civil Supplies Corporation
TNCSC-KMS2025-26-1502,1502,Pudukkottai,Karambakudi,Kattathi,2026-01-24,,Open,10.486768,79.234367,KMS 2025-26 as on 12-07-2026,Tamil Nadu Civil Supplies Corporation
TNCSC-KMS2025-26-1503,1503,Pudukkottai,Karambakudi,Keerathur,2025-10-04,,Open,10.581087,79.135908,KMS 2025-26 as on 12-07-2026,Tamil Nadu Civil Supplies Corporation
TNCSC-KMS2025-26-1504,1504,Pudukkottai,Karambakudi,Kilankadu,2025-10-03,,Open,10.572031,79.150340,KMS 2025-26 as on 12-07-2026,Tamil Nadu Civil Supplies Corporation
TNCSC-KMS2025-26-1505,1505,Pudukkottai,Karambakudi,Kk Patti,2025-10-07,,Open,10.538576,79.111346,KMS 2025-26 as on 12-07-2026,Tamil Nadu Civil Supplies Corporation
TNCSC-KMS2025-26-1506,1506,Pudukkottai,Karambakudi,Kulanthiranpattu,2026-02-04,2026-04-27,Closed,10.470841,79.165556,KMS 2025-26 as on 12-07-2026,Tamil Nadu Civil Supplies Corporation
TNCSC-KMS2025-26-1507,1507,Pudukkottai,Karambakudi,Kurumbivayal,2025-10-06,,Open,10.397168,79.134183,KMS 2025-26 as on 12-07-2026,Tamil Nadu Civil Supplies Corporation
TNCSC-KMS2025-26-1508,1508,Pudukkottai,Karambakudi,M Therkutheru,2026-02-03,,Open,10.432590,78.983298,KMS 2025-26 as on 12-07-2026,Tamil Nadu Civil Supplies Corporation
TNCSC-KMS2025-26-1509,1509,Pudukkottai,Karambakudi,Malaiyur,2025-09-24,,Open,10.441042,79.022234,KMS 2025-26 as on 12-07-2026,Tamil Nadu Civil Supplies Corporation
TNCSC-KMS2025-26-1510,1510,Pudukkottai,Karambakudi,Manamadai,2025-09-30,,Open,10.551048,79.165413,KMS 2025-26 as on 12-07-2026,Tamil Nadu Civil Supplies Corporation
TNCSC-KMS2025-26-1511,1511,Pudukkottai,Karambakudi,Mankkottai,2025-10-03,,Open,10.407368,78.974823,KMS 2025-26 as on 12-07-2026,Tamil Nadu Civil Supplies Corporation
TNCSC-KMS2025-26-1512,1512,Pudukkottai,Karambakudi,Mudalipatti,2025-09-29,,Open,10.584430,79.167256,KMS 2025-26 as on 12-07-2026,Tamil Nadu Civil Supplies Corporation
TNCSC-KMS2025-26-1513,1513,Pudukkottai,Karambakudi,Mullankurichi,2026-02-09,2026-03-29,Closed,10.416142,79.065994,KMS 2025-26 as on 12-07-2026,Tamil Nadu Civil Supplies Corporation
TNCSC-KMS2025-26-1514,1514,Pudukkottai,Karambakudi,P Puthupatti,2025-10-01,,Open,10.443341,79.094331,KMS 2025-26 as on 12-07-2026,Tamil Nadu Civil Supplies Corporation
TNCSC-KMS2025-26-1515,1515,Pudukkottai,Karambakudi,Papapatti,2025-09-27,,Open,10.568983,79.141857,KMS 2025-26 as on 12-07-2026,Tamil Nadu Civil Supplies Corporation
TNCSC-KMS2025-26-1516,1516,Pudukkottai,Karambakudi,Patathikadu,2025-10-07,,Open,10.416344,79.114443,KMS 2025-26 as on 12-07-2026,Tamil Nadu Civil Supplies Corporation
TNCSC-KMS2025-26-1517,1517,Pudukkottai,Karambakudi,Pathuthakku,2026-01-29,,Open,10.564239,79.185514,KMS 2025-26 as on 12-07-2026,Tamil Nadu Civil Supplies Corporation
TNCSC-KMS2025-26-1518,1518,Pudukkottai,Karambakudi,Pattuviduthi,2026-07-03,,Open,10.497826,79.028794,KMS 2025-26 as on 12-07-2026,Tamil Nadu Civil Supplies Corporation
TNCSC-KMS2025-26-1519,1519,Pudukkottai,Karambakudi,Ponnanviduthi,2025-09-20,,Open,10.551001,79.165691,KMS 2025-26 as on 12-07-2026,Tamil Nadu Civil Supplies Corporation
TNCSC-KMS2025-26-1520,1520,Pudukkottai,Karambakudi,Rangian Vlduthi,2026-01-29,,Open,10.464547,79.191355,KMS 2025-26 as on 12-07-2026,Tamil Nadu Civil Supplies Corporation
TNCSC-KMS2025-26-1521,1521,Pudukkottai,Karambakudi,Regunathapuram,2025-09-27,,Open,10.560780,79.126213,KMS 2025-26 as on 12-07-2026,Tamil Nadu Civil Supplies Corporation
TNCSC-KMS2025-26-1522,1522,Pudukkottai,Karambakudi,Sengamedu,2025-10-13,,Open,11.400444,79.183571,KMS 2025-26 as on 12-07-2026,Tamil Nadu Civil Supplies Corporation
TNCSC-KMS2025-26-1523,1523,Pudukkottai,Karambakudi,Thatamanaipatti,2025-09-30,,Open,10.576515,79.114016,KMS 2025-26 as on 12-07-2026,Tamil Nadu Civil Supplies Corporation
TNCSC-KMS2025-26-1524,1524,Pudukkottai,Karambakudi,Thirumanancheri,2026-02-14,2026-04-21,Closed,10.428476,79.119906,KMS 2025-26 as on 12-07-2026,Tamil Nadu Civil Supplies Corporation
TNCSC-KMS2025-26-1525,1525,Pudukkottai,Karambakudi,Vandanviduthi,2025-09-30,,Open,10.537837,79.148918,KMS 2025-26 as on 12-07-2026,Tamil Nadu Civil Supplies Corporation
TNCSC-KMS2025-26-1526,1526,Pudukkottai,Karambakudi,Vellalaviduthi Karambakudi,2025-09-27,,Open,10.465800,79.033885,KMS 2025-26 as on 12-07-2026,Tamil Nadu Civil Supplies Corporation
TNCSC-KMS2025-26-1527,1527,Pudukkottai,Kulathur,Kalamavur N Chatiram,2026-07-08,,Open,10.614113,78.763960,KMS 2025-26 as on 12-07-2026,Tamil Nadu Civil Supplies Corporation
TNCSC-KMS2025-26-1528,1528,Pudukkottai,Kulathur,Amma Sathiram,2025-09-26,,Open,10.529939,78.776218,KMS 2025-26 as on 12-07-2026,Tamil Nadu Civil Supplies Corporation
TNCSC-KMS2025-26-1529,1529,Pudukkottai,Kulathur,Andakulam,2026-01-14,,Open,10.522943,78.888923,KMS 2025-26 as on 12-07-2026,Tamil Nadu Civil Supplies Corporation
TNCSC-KMS2025-26-1530,1530,Pudukkottai,Kulathur,Aranipatti,2026-01-22,,Open,10.500563,78.875848,KMS 2025-26 as on 12-07-2026,Tamil Nadu Civil Supplies Corporation
TNCSC-KMS2025-26-1531,1531,Pudukkottai,Kulathur,Keeranur,2025-09-20,2026-03-19,Closed,10.574254,78.771513,KMS 2025-26 as on 12-07-2026,Tamil Nadu Civil Supplies Corporation
TNCSC-KMS2025-26-1532,1532,Pudukkottai,Kulathur,Kilanoor,2026-01-27,2026-07-09,Closed,10.545248,78.893373,KMS 2025-26 as on 12-07-2026,Tamil Nadu Civil Supplies Corporation
TNCSC-KMS2025-26-1533,1533,Pudukkottai,Kulathur,Killukottai,2026-01-23,2026-03-18,Closed,10.660603,78.916599,KMS 2025-26 as on 12-07-2026,Tamil Nadu Civil Supplies Corporation
TNCSC-KMS2025-26-1534,1534,Pudukkottai,Kulathur,Kovil Veerakudi,2025-09-30,,Open,10.547288,78.870370,KMS 2025-26 as on 12-07-2026,Tamil Nadu Civil Supplies Corporation
TNCSC-KMS2025-26-1535,1535,Pudukkottai,Kulathur,Kulathur,2025-09-26,,Open,10.538778,78.792988,KMS 2025-26 as on 12-07-2026,Tamil Nadu Civil Supplies Corporation
TNCSC-KMS2025-26-1536,1536,Pudukkottai,Kulathur,Kumaramangalam,2026-01-29,,Open,10.966770,79.131130,KMS 2025-26 as on 12-07-2026,Tamil Nadu Civil Supplies Corporation
TNCSC-KMS2025-26-1537,1537,Pudukkottai,Kulathur,Kunnandarkoil,2025-09-26,,Open,10.580634,78.887717,KMS 2025-26 as on 12-07-2026,Tamil Nadu Civil Supplies Corporation
TNCSC-KMS2025-26-1538,1538,Pudukkottai,Kulathur,Lakshmanapatti,2026-01-22,,Open,10.643008,78.779409,KMS 2025-26 as on 12-07-2026,Tamil Nadu Civil Supplies Corporation
TNCSC-KMS2025-26-1539,1539,Pudukkottai,Kulathur,Mangathevanpatti,2025-09-29,,Open,10.574923,78.825310,KMS 2025-26 as on 12-07-2026,Tamil Nadu Civil Supplies Corporation
TNCSC-KMS2025-26-1540,1540,Pudukkottai,Kulathur,Melapatti,2026-02-10,2026-04-20,Closed,10.479925,79.050743,KMS 2025-26 as on 12-07-2026,Tamil Nadu Civil Supplies Corporation
TNCSC-KMS2025-26-1541,1541,Pudukkottai,Kulathur,Mettupatti Thenatirayanpatti,2026-01-24,,Open,10.636395,78.804155,KMS 2025-26 as on 12-07-2026,Tamil Nadu Civil Supplies Corporation
TNCSC-KMS2025-26-1542,1542,Pudukkottai,Kulathur,Nanjoor,2025-09-23,,Open,10.578153,78.816976,KMS 2025-26 as on 12-07-2026,Tamil Nadu Civil Supplies Corporation
TNCSC-KMS2025-26-1543,1543,Pudukkottai,Kulathur,Narthamalai,2026-01-27,2026-07-11,Closed,10.511136,78.761921,KMS 2025-26 as on 12-07-2026,Tamil Nadu Civil Supplies Corporation
TNCSC-KMS2025-26-1544,1544,Pudukkottai,Kulathur,Odugampatti,2026-06-20,,Open,10.584390,78.853016,KMS 2025-26 as on 12-07-2026,Tamil Nadu Civil Supplies Corporation
TNCSC-KMS2025-26-1545,1545,Pudukkottai,Kulathur,Oorathupatti,2026-02-05,,Open,10.675822,78.855052,KMS 2025-26 as on 12-07-2026,Tamil Nadu Civil Supplies Corporation
TNCSC-KMS2025-26-1546,1546,Pudukkottai,Kulathur,Palandampatti,2025-10-07,2025-11-12,Closed,10.588503,78.781799,KMS 2025-26 as on 12-07-2026,Tamil Nadu Civil Supplies Corporation
TNCSC-KMS2025-26-1547,1547,Pudukkottai,Kulathur,Pallathupatti Othakadai,2025-09-22,,Open,10.588496,78.773580,KMS 2025-26 as on 12-07-2026,Tamil Nadu Civil Supplies Corporation
TNCSC-KMS2025-26-1548,1548,Pudukkottai,Kulathur,Pasipatti,2025-09-24,,Open,10.555626,78.708248,KMS 2025-26 as on 12-07-2026,Tamil Nadu Civil Supplies Corporation
TNCSC-KMS2025-26-1549,1549,Pudukkottai,Kulathur,Periya Thambi Udayanpatti,2026-01-21,,Open,10.522273,78.911422,KMS 2025-26 as on 12-07-2026,Tamil Nadu Civil Supplies Corporation
TNCSC-KMS2025-26-1550,1550,Pudukkottai,Kulathur,Poongudi,2026-01-31,2026-04-10,Closed,10.455464,78.815458,KMS 2025-26 as on 12-07-2026,Tamil Nadu Civil Supplies Corporation
TNCSC-KMS2025-26-1551,1551,Pudukkottai,Kulathur,Puliur,2026-01-27,,Open,10.628812,78.842776,KMS 2025-26 as on 12-07-2026,Tamil Nadu Civil Supplies Corporation
TNCSC-KMS2025-26-1552,1552,Pudukkottai,Kulathur,Sathiyamangalam,2026-01-09,,Open,10.481575,78.770466,KMS 2025-26 as on 12-07-2026,Tamil Nadu Civil Supplies Corporation
TNCSC-KMS2025-26-1553,1553,Pudukkottai,Kulathur,Senayakudi,2026-01-29,,Open,10.523299,78.852176,KMS 2025-26 as on 12-07-2026,Tamil Nadu Civil Supplies Corporation
TNCSC-KMS2025-26-1554,1554,Pudukkottai,Kulathur,Settipatti,2026-01-30,,Open,10.660997,78.830591,KMS 2025-26 as on 12-07-2026,Tamil Nadu Civil Supplies Corporation
TNCSC-KMS2025-26-1555,1555,Pudukkottai,Kulathur,T Keelayur,2025-09-29,,Open,10.643845,78.868460,KMS 2025-26 as on 12-07-2026,Tamil Nadu Civil Supplies Corporation
TNCSC-KMS2025-26-1556,1556,Pudukkottai,Kulathur,Thayinipatti,2025-09-23,,Open,10.528966,78.754630,KMS 2025-26 as on 12-07-2026,Tamil Nadu Civil Supplies Corporation
TNCSC-KMS2025-26-1557,1557,Pudukkottai,Kulathur,Thodaiyur,2026-01-27,2026-04-02,Closed,10.500575,78.799125,KMS 2025-26 as on 12-07-2026,Tamil Nadu Civil Supplies Corporation
TNCSC-KMS2025-26-1558,1558,Pudukkottai,Kulathur,Tirumalai Rayapuram,2026-01-27,,Open,10.517037,78.818826,KMS 2025-26 as on 12-07-2026,Tamil Nadu Civil Supplies Corporation
TNCSC-KMS2025-26-1559,1559,Pudukkottai,Kulathur,Udayalipatti,2026-06-27,,Open,10.584534,78.880811,KMS 2025-26 as on 12-07-2026,Tamil Nadu Civil Supplies Corporation
TNCSC-KMS2025-26-1560,1560,Pudukkottai,Kulathur,Uppiliyakudi,2025-09-23,,Open,10.523349,78.806736,KMS 2025-26 as on 12-07-2026,Tamil Nadu Civil Supplies Corporation
TNCSC-KMS2025-26-1561,1561,Pudukkottai,Kulathur,Vaithikovil,2026-01-10,2026-03-01,Closed,10.493652,78.878945,KMS 2025-26 as on 12-07-2026,Tamil Nadu Civil Supplies Corporation
TNCSC-KMS2025-26-1562,1562,Pudukkottai,Kulathur,Visalur,2026-01-22,,Open,11.024345,79.780143,KMS 2025-26 as on 12-07-2026,Tamil Nadu Civil Supplies Corporation
TNCSC-KMS2025-26-1563,1563,Pudukkottai,Manamelkudi,Bayamariyanenthal,2026-01-29,2026-04-16,Closed,10.020940,79.153457,KMS 2025-26 as on 12-07-2026,Tamil Nadu Civil Supplies Corporation
TNCSC-KMS2025-26-1564,1564,Pudukkottai,Manamelkudi,Edayathimangalam,2026-01-29,2026-04-20,Closed,10.071330,79.206622,KMS 2025-26 as on 12-07-2026,Tamil Nadu Civil Supplies Corporation
TNCSC-KMS2025-26-1565,1565,Pudukkottai,Manamelkudi,Idaiyathur,2026-02-03,2026-03-25,Closed,10.130076,79.133059,KMS 2025-26 as on 12-07-2026,Tamil Nadu Civil Supplies Corporation
TNCSC-KMS2025-26-1566,1566,Pudukkottai,Manamelkudi,Kaanadu,2026-02-13,2026-04-21,Closed,9.975981,79.126441,KMS 2025-26 as on 12-07-2026,Tamil Nadu Civil Supplies Corporation
TNCSC-KMS2025-26-1567,1567,Pudukkottai,Manamelkudi,Karakathikkottai,2026-02-10,2026-04-29,Closed,10.006414,79.168458,KMS 2025-26 as on 12-07-2026,Tamil Nadu Civil Supplies Corporation
TNCSC-KMS2025-26-1568,1568,Pudukkottai,Manamelkudi,Karakkottai,2026-01-17,2026-03-06,Closed,10.103766,79.205460,KMS 2025-26 as on 12-07-2026,Tamil Nadu Civil Supplies Corporation
TNCSC-KMS2025-26-1569,1569,Pudukkottai,Manamelkudi,Manalur,2026-02-09,2026-04-19,Closed,10.070066,79.145152,KMS 2025-26 as on 12-07-2026,Tamil Nadu Civil Supplies Corporation
TNCSC-KMS2025-26-1570,1570,Pudukkottai,Manamelkudi,Manamelkudi,2025-10-03,,Open,10.038511,79.233617,KMS 2025-26 as on 12-07-2026,Tamil Nadu Civil Supplies Corporation
TNCSC-KMS2025-26-1571,1571,Pudukkottai,Manamelkudi,Manjakudi,2026-02-03,2026-04-12,Closed,9.979029,79.169400,KMS 2025-26 as on 12-07-2026,Tamil Nadu Civil Supplies Corporation
TNCSC-KMS2025-26-1572,1572,Pudukkottai,Manamelkudi,Nilayur,2026-01-23,2026-04-02,Closed,10.088977,79.152096,KMS 2025-26 as on 12-07-2026,Tamil Nadu Civil Supplies Corporation
TNCSC-KMS2025-26-1573,1573,Pudukkottai,Manamelkudi,Panivayal,2026-01-21,2026-04-10,Closed,10.067648,79.180611,KMS 2025-26 as on 12-07-2026,Tamil Nadu Civil Supplies Corporation
TNCSC-KMS2025-26-1574,1574,Pudukkottai,Manamelkudi,Perumaruthur,2026-01-21,2026-04-17,Closed,10.067738,79.111474,KMS 2025-26 as on 12-07-2026,Tamil Nadu Civil Supplies Corporation
TNCSC-KMS2025-26-1575,1575,Pudukkottai,Manamelkudi,Saikudi,2026-01-21,2026-04-27,Closed,9.958909,79.124234,KMS 2025-26 as on 12-07-2026,Tamil Nadu Civil Supplies Corporation
TNCSC-KMS2025-26-1576,1576,Pudukkottai,Manamelkudi,Singavanam,2026-01-21,2026-04-15,Closed,10.077447,79.191356,KMS 2025-26 as on 12-07-2026,Tamil Nadu Civil Supplies Corporation
TNCSC-KMS2025-26-1577,1577,Pudukkottai,Manamelkudi,Thinaiyakkudi,2026-01-21,2026-04-13,Closed,10.108930,79.176494,KMS 2025-26 as on 12-07-2026,Tamil Nadu Civil Supplies Corporation
TNCSC-KMS2025-26-1578,1578,Pudukkottai,Manamelkudi,Vellur,2026-06-19,,Open,10.564668,79.297858,KMS 2025-26 as on 12-07-2026,Tamil Nadu Civil Supplies Corporation
TNCSC-KMS2025-26-1579,1579,Pudukkottai,Ponnamaravathi,Alavayal,2026-01-20,,Open,10.318442,78.536803,KMS 2025-26 as on 12-07-2026,Tamil Nadu Civil Supplies Corporation
TNCSC-KMS2025-26-1580,1580,Pudukkottai,Ponnamaravathi,Arasamalai,2025-09-29,2026-04-18,Closed,10.358222,78.628528,KMS 2025-26 as on 12-07-2026,Tamil Nadu Civil Supplies Corporation
TNCSC-KMS2025-26-1581,1581,Pudukkottai,Ponnamaravathi,Oliyamangalam,2026-02-12,,Open,10.420723,78.539276,KMS 2025-26 as on 12-07-2026,Tamil Nadu Civil Supplies Corporation
TNCSC-KMS2025-26-1582,1582,Pudukkottai,Ponnamaravathi,Sadayampatti,2025-10-01,,Open,10.396731,78.549326,KMS 2025-26 as on 12-07-2026,Tamil Nadu Civil Supplies Corporation
TNCSC-KMS2025-26-1583,1583,Pudukkottai,Pudukkottai,Karupudayanpatti,2025-10-04,,Open,10.523971,78.944636,KMS 2025-26 as on 12-07-2026,Tamil Nadu Civil Supplies Corporation
TNCSC-KMS2025-26-1584,1584,Pudukkottai,Pudukkottai,Perungalur Matayanpatti,2026-02-04,,Open,10.478475,78.954550,KMS 2025-26 as on 12-07-2026,Tamil Nadu Civil Supplies Corporation
TNCSC-KMS2025-26-1585,1585,Pudukkottai,Pudukkottai,Puthambur,2026-01-24,,Open,10.467362,78.849357,KMS 2025-26 as on 12-07-2026,Tamil Nadu Civil Supplies Corporation
TNCSC-KMS2025-26-1586,1586,Pudukkottai,Pudukkottai,Vagavasal,2025-09-26,,Open,10.428913,78.819361,KMS 2025-26 as on 12-07-2026,Tamil Nadu Civil Supplies Corporation
TNCSC-KMS2025-26-1587,1587,Pudukkottai,Pudukkottai,Varappur,2025-09-29,,Open,10.466786,78.979308,KMS 2025-26 as on 12-07-2026,Tamil Nadu Civil Supplies Corporation
TNCSC-KMS2025-26-1588,1588,Pudukkottai,Thirumayam,Arimalam Sathiram,2026-01-29,,Open,10.272540,78.880548,KMS 2025-26 as on 12-07-2026,Tamil Nadu Civil Supplies Corporation
TNCSC-KMS2025-26-1589,1589,Pudukkottai,Thirumayam,Keeranipatti,2026-06-30,,Open,10.255416,79.030562,KMS 2025-26 as on 12-07-2026,Tamil Nadu Civil Supplies Corporation
TNCSC-KMS2025-26-1590,1590,Pudukkottai,Thirumayam,Mirattunilai,2026-01-29,2026-04-08,Closed,10.302442,78.854442,KMS 2025-26 as on 12-07-2026,Tamil Nadu Civil Supplies Corporation
TNCSC-KMS2025-26-1591,1591,Pudukkottai,Thirumayam,Pilivalam,2026-02-10,,Open,10.284334,78.767796,KMS 2025-26 as on 12-07-2026,Tamil Nadu Civil Supplies Corporation
TNCSC-KMS2025-26-1592,1592,Pudukkottai,Thirumayam,Thanjoor,2026-01-09,,Open,10.221270,78.914856,KMS 2025-26 as on 12-07-2026,Tamil Nadu Civil Supplies Corporation
TNCSC-KMS2025-26-1593,1593,Pudukkottai,Thirumayam,Thekattur,2026-02-10,,Open,10.301652,78.788845,KMS 2025-26 as on 12-07-2026,Tamil Nadu Civil Supplies Corporation
TNCSC-KMS2025-26-1594,1594,Pudukkottai,Thirumayam,Virachilai,2026-07-10,,Open,10.299106,78.701423,KMS 2025-26 as on 12-07-2026,Tamil Nadu Civil Supplies Corporation
TNCSC-KMS2025-26-1595,1595,Pudukkottai,Viralimalai,Alangudi Viralimalai,2026-01-27,,Open,10.598715,78.688393,KMS 2025-26 as on 12-07-2026,Tamil Nadu Civil Supplies Corporation
TNCSC-KMS2025-26-1596,1596,Pudukkottai,Viralimalai,Chinnamoolipatti,2026-06-20,,Open,10.032861,78.954942,KMS 2025-26 as on 12-07-2026,Tamil Nadu Civil Supplies Corporation
TNCSC-KMS2025-26-1597,1597,Pudukkottai,Viralimalai,Kunnathur,2026-02-09,2026-05-05,Closed,12.571379,80.157828,KMS 2025-26 as on 12-07-2026,Tamil Nadu Civil Supplies Corporation
TNCSC-KMS2025-26-1598,1598,Pudukkottai,Viralimalai,Mandaiyur,2026-01-21,2026-04-15,Closed,10.663810,78.737383,KMS 2025-26 as on 12-07-2026,Tamil Nadu Civil Supplies Corporation
TNCSC-KMS2025-26-1599,1599,Pudukkottai,Viralimalai,Maruthampatti,2026-06-22,,Open,10.154123,79.118829,KMS 2025-26 as on 12-07-2026,Tamil Nadu Civil Supplies Corporation
TNCSC-KMS2025-26-1600,1600,Pudukkottai,Viralimalai,Meenaveli,2026-06-29,,Open,10.496377,78.517945,KMS 2025-26 as on 12-07-2026,Tamil Nadu Civil Supplies Corporation
TNCSC-KMS2025-26-1601,1601,Pudukkottai,Viralimalai,Nadupatti Viralimalai,2026-01-14,,Open,10.610046,78.748382,KMS 2025-26 as on 12-07-2026,Tamil Nadu Civil Supplies Corporation
TNCSC-KMS2025-26-1602,1602,Pudukkottai,Viralimalai,Neerpalani,2026-01-09,2026-07-10,Closed,10.621814,78.711135,KMS 2025-26 as on 12-07-2026,Tamil Nadu Civil Supplies Corporation
TNCSC-KMS2025-26-1603,1603,Pudukkottai,Viralimalai,Peraambur,2026-01-19,2026-03-13,Closed,10.618108,78.648784,KMS 2025-26 as on 12-07-2026,Tamil Nadu Civil Supplies Corporation
TNCSC-KMS2025-26-1604,1604,Pudukkottai,Viralimalai,Periya Moolipatti,2025-09-24,,Open,10.591515,78.722781,KMS 2025-26 as on 12-07-2026,Tamil Nadu Civil Supplies Corporation
TNCSC-KMS2025-26-1605,1605,Pudukkottai,Viralimalai,Pinnankudipatti,2025-10-10,,Open,10.579863,78.698952,KMS 2025-26 as on 12-07-2026,Tamil Nadu Civil Supplies Corporation
TNCSC-KMS2025-26-1606,1606,Pudukkottai,Viralimalai,Sooriur,2026-01-27,2026-04-10,Closed,10.608889,78.628691,KMS 2025-26 as on 12-07-2026,Tamil Nadu Civil Supplies Corporation
TNCSC-KMS2025-26-1607,1607,Pudukkottai,Viralimalai,T Nallur,2026-01-24,,Open,10.628572,78.749695,KMS 2025-26 as on 12-07-2026,Tamil Nadu Civil Supplies Corporation
TNCSC-KMS2025-26-1608,1608,Pudukkottai,Viralimalai,Theravur Mettupatti,2026-02-09,2026-03-28,Closed,10.522724,78.548015,KMS 2025-26 as on 12-07-2026,Tamil Nadu Civil Supplies Corporation
TNCSC-KMS2025-26-1609,1609,Pudukkottai,Viralimalai,Viralur,2026-01-29,2026-03-12,Closed,10.581735,78.535853,KMS 2025-26 as on 12-07-2026,Tamil Nadu Civil Supplies Corporation
TNCSC-KMS2025-26-1610,1610,Pudukkottai,Viralimalai,Vittamapatti,2026-01-27,2026-07-05,Closed,10.680389,78.560384,KMS 2025-26 as on 12-07-2026,Tamil Nadu Civil Supplies Corporation
TNCSC-KMS2025-26-1611,1611,Ramanathapuram,Kadaladi,Sikkal,2026-02-07,2026-06-22,Closed,10.763661,79.790656,KMS 2025-26 as on 12-07-2026,Tamil Nadu Civil Supplies Corporation
TNCSC-KMS2025-26-1612,1612,Ramanathapuram,Kamuthi,Abiramam Tharaikudi,2026-02-23,2026-04-13,Closed,9.484354,78.413582,KMS 2025-26 as on 12-07-2026,Tamil Nadu Civil Supplies Corporation
TNCSC-KMS2025-26-1613,1613,Ramanathapuram,Kamuthi,Kamuthi,2026-03-02,2026-06-08,Closed,9.417991,78.361416,KMS 2025-26 as on 12-07-2026,Tamil Nadu Civil Supplies Corporation
TNCSC-KMS2025-26-1614,1614,Ramanathapuram,Keelakarai,Kalari,2026-02-28,2026-06-03,Closed,9.306513,78.769586,KMS 2025-26 as on 12-07-2026,Tamil Nadu Civil Supplies Corporation
TNCSC-KMS2025-26-1615,1615,Ramanathapuram,Keelakarai,Mallal,2026-02-20,2026-05-16,Closed,9.328892,78.705180,KMS 2025-26 as on 12-07-2026,Tamil Nadu Civil Supplies Corporation
TNCSC-KMS2025-26-1616,1616,Ramanathapuram,Keelakarai,Nallangudi,2026-02-23,2026-06-11,Closed,9.346543,78.719763,KMS 2025-26 as on 12-07-2026,Tamil Nadu Civil Supplies Corporation
TNCSC-KMS2025-26-1617,1617,Ramanathapuram,Keelakarai,Thiruppulani,2026-03-23,2026-04-17,Closed,9.283540,78.823010,KMS 2025-26 as on 12-07-2026,Tamil Nadu Civil Supplies Corporation
TNCSC-KMS2025-26-1618,1618,Ramanathapuram,Mudukulathur,Alanganoor,2026-02-05,2026-04-29,Closed,9.403492,78.601338,KMS 2025-26 as on 12-07-2026,Tamil Nadu Civil Supplies Corporation
TNCSC-KMS2025-26-1619,1619,Ramanathapuram,Mudukulathur,Kakkur,2026-02-02,2026-06-03,Closed,9.345918,78.561534,KMS 2025-26 as on 12-07-2026,Tamil Nadu Civil Supplies Corporation
TNCSC-KMS2025-26-1620,1620,Ramanathapuram,Mudukulathur,Keelakodumalur,2026-01-31,2026-06-12,Closed,9.478645,78.481250,KMS 2025-26 as on 12-07-2026,Tamil Nadu Civil Supplies Corporation
TNCSC-KMS2025-26-1621,1621,Ramanathapuram,Mudukulathur,Sembongudi,2026-02-03,2026-05-21,Closed,9.397415,78.636857,KMS 2025-26 as on 12-07-2026,Tamil Nadu Civil Supplies Corporation
TNCSC-KMS2025-26-1622,1622,Ramanathapuram,Mudukulathur,Thiruvarangam,2026-02-03,2026-05-23,Closed,9.423575,78.618087,KMS 2025-26 as on 12-07-2026,Tamil Nadu Civil Supplies Corporation
TNCSC-KMS2025-26-1623,1623,Ramanathapuram,Paramakudi,Arasanur,2026-02-26,2026-04-13,Closed,9.502607,78.814190,KMS 2025-26 as on 12-07-2026,Tamil Nadu Civil Supplies Corporation
TNCSC-KMS2025-26-1624,1624,Ramanathapuram,Paramakudi,Ariyakudi,2026-02-10,2026-06-12,Closed,9.411369,78.682500,KMS 2025-26 as on 12-07-2026,Tamil Nadu Civil Supplies Corporation
TNCSC-KMS2025-26-1625,1625,Ramanathapuram,Paramakudi,Bogalur,2026-02-13,2026-06-18,Closed,9.412403,78.695822,KMS 2025-26 as on 12-07-2026,Tamil Nadu Civil Supplies Corporation
TNCSC-KMS2025-26-1626,1626,Ramanathapuram,Paramakudi,Kadaranthakudi,2026-02-03,2026-04-17,Closed,9.591983,78.684369,KMS 2025-26 as on 12-07-2026,Tamil Nadu Civil Supplies Corporation
TNCSC-KMS2025-26-1627,1627,Ramanathapuram,Paramakudi,Kumukottai,2026-02-05,2026-05-22,Closed,9.463877,78.698442,KMS 2025-26 as on 12-07-2026,Tamil Nadu Civil Supplies Corporation
TNCSC-KMS2025-26-1628,1628,Ramanathapuram,Paramakudi,Mela Parthibanoor,2026-03-24,2026-06-18,Closed,9.599768,78.452526,KMS 2025-26 as on 12-07-2026,Tamil Nadu Civil Supplies Corporation
TNCSC-KMS2025-26-1629,1629,Ramanathapuram,Paramakudi,Muthuchellapuram Vendhoni,2026-02-27,2026-05-21,Closed,9.514930,78.588987,KMS 2025-26 as on 12-07-2026,Tamil Nadu Civil Supplies Corporation
TNCSC-KMS2025-26-1630,1630,Ramanathapuram,Paramakudi,Nagaram,2026-02-09,2026-05-18,Closed,9.556788,78.779725,KMS 2025-26 as on 12-07-2026,Tamil Nadu Civil Supplies Corporation
TNCSC-KMS2025-26-1631,1631,Ramanathapuram,Paramakudi,Nainarkovil,2026-01-29,2026-05-13,Closed,9.546615,78.695229,KMS 2025-26 as on 12-07-2026,Tamil Nadu Civil Supplies Corporation
TNCSC-KMS2025-26-1632,1632,Ramanathapuram,Paramakudi,Pambur,2026-02-17,2026-05-27,Closed,9.464052,78.563223,KMS 2025-26 as on 12-07-2026,Tamil Nadu Civil Supplies Corporation
TNCSC-KMS2025-26-1633,1633,Ramanathapuram,Paramakudi,Pandikanmoi,2026-02-09,2026-05-22,Closed,9.462316,78.650143,KMS 2025-26 as on 12-07-2026,Tamil Nadu Civil Supplies Corporation
TNCSC-KMS2025-26-1634,1634,Ramanathapuram,Paramakudi,Perungarai,2026-03-02,2026-04-17,Closed,9.575545,78.485339,KMS 2025-26 as on 12-07-2026,Tamil Nadu Civil Supplies Corporation
TNCSC-KMS2025-26-1635,1635,Ramanathapuram,Paramakudi,Pidariseri Puthur,2026-02-12,2026-06-11,Closed,9.592675,78.423903,KMS 2025-26 as on 12-07-2026,Tamil Nadu Civil Supplies Corporation
TNCSC-KMS2025-26-1636,1636,Ramanathapuram,Paramakudi,Sevvur,2026-02-12,2026-05-19,Closed,9.429282,78.769758,KMS 2025-26 as on 12-07-2026,Tamil Nadu Civil Supplies Corporation
TNCSC-KMS2025-26-1637,1637,Ramanathapuram,Paramakudi,Valimarichchan,2026-01-24,2026-05-27,Closed,9.526034,78.433490,KMS 2025-26 as on 12-07-2026,Tamil Nadu Civil Supplies Corporation
TNCSC-KMS2025-26-1638,1638,Ramanathapuram,Paramakudi,Vallam,2026-02-13,2026-04-07,Closed,11.001052,79.772737,KMS 2025-26 as on 12-07-2026,Tamil Nadu Civil Supplies Corporation
TNCSC-KMS2025-26-1639,1639,Ramanathapuram,Rajasingamangalam,Anandur,2026-02-04,2026-05-14,Closed,9.729985,78.786686,KMS 2025-26 as on 12-07-2026,Tamil Nadu Civil Supplies Corporation
TNCSC-KMS2025-26-1640,1640,Ramanathapuram,Rajasingamangalam,Gudalur,2026-02-24,2026-03-19,Closed,9.729870,78.853704,KMS 2025-26 as on 12-07-2026,Tamil Nadu Civil Supplies Corporation
TNCSC-KMS2025-26-1641,1641,Ramanathapuram,Rajasingamangalam,Karkathakudi,2026-02-17,2026-04-06,Closed,9.746841,78.882952,KMS 2025-26 as on 12-07-2026,Tamil Nadu Civil Supplies Corporation
TNCSC-KMS2025-26-1642,1642,Ramanathapuram,Rajasingamangalam,Rajasingamangalam,2026-02-09,2026-05-18,Closed,9.645643,78.863000,KMS 2025-26 as on 12-07-2026,Tamil Nadu Civil Supplies Corporation
TNCSC-KMS2025-26-1643,1643,Ramanathapuram,Rajasingamangalam,Sanaveli,2026-02-02,2026-05-18,Closed,9.700996,78.884788,KMS 2025-26 as on 12-07-2026,Tamil Nadu Civil Supplies Corporation
TNCSC-KMS2025-26-1644,1644,Ramanathapuram,Rajasingamangalam,Suthamalli,2026-03-18,2026-03-26,Closed,9.751122,78.829163,KMS 2025-26 as on 12-07-2026,Tamil Nadu Civil Supplies Corporation
TNCSC-KMS2025-26-1645,1645,Ramanathapuram,Rajasingamangalam,Uppur,2026-02-18,2026-05-07,Closed,9.616933,78.929158,KMS 2025-26 as on 12-07-2026,Tamil Nadu Civil Supplies Corporation
TNCSC-KMS2025-26-1646,1646,Ramanathapuram,Rajasingamangalam,Valamavur,2026-03-07,2026-06-19,Closed,9.574706,78.908755,KMS 2025-26 as on 12-07-2026,Tamil Nadu Civil Supplies Corporation
TNCSC-KMS2025-26-1647,1647,Ramanathapuram,Ramanathapuram,Achunthanvayal,2025-09-05,2026-06-08,Closed,9.370948,78.803201,KMS 2025-26 as on 12-07-2026,Tamil Nadu Civil Supplies Corporation
TNCSC-KMS2025-26-1648,1648,Ramanathapuram,Ramanathapuram,Kavanoor,2026-02-19,2026-05-06,Closed,9.420437,78.802667,KMS 2025-26 as on 12-07-2026,Tamil Nadu Civil Supplies Corporation
TNCSC-KMS2025-26-1649,1649,Ramanathapuram,Ramanathapuram,Peruvayal,2026-02-19,2026-05-22,Closed,9.447176,78.847818,KMS 2025-26 as on 12-07-2026,Tamil Nadu Civil Supplies Corporation
TNCSC-KMS2025-26-1650,1650,Ramanathapuram,Thiruvadani,Arasur,2026-02-13,2026-04-28,Closed,12.284502,79.867165,KMS 2025-26 as on 12-07-2026,Tamil Nadu Civil Supplies Corporation
TNCSC-KMS2025-26-1651,1651,Ramanathapuram,Thiruvadani,Mangalagudi,2026-01-30,2026-05-11,Closed,9.866987,78.954958,KMS 2025-26 as on 12-07-2026,Tamil Nadu Civil Supplies Corporation
TNCSC-KMS2025-26-1652,1652,Ramanathapuram,Thiruvadani,Neerkundram,2026-01-28,2026-05-23,Closed,9.902942,78.964713,KMS 2025-26 as on 12-07-2026,Tamil Nadu Civil Supplies Corporation
TNCSC-KMS2025-26-1653,1653,Ramanathapuram,Thiruvadani,Neivayal,2026-01-29,2026-04-24,Closed,9.867720,78.890198,KMS 2025-26 as on 12-07-2026,Tamil Nadu Civil Supplies Corporation
TNCSC-KMS2025-26-1654,1654,Ramanathapuram,Thiruvadani,Sirumalaikkottai,2026-02-03,2026-05-14,Closed,9.849013,78.945650,KMS 2025-26 as on 12-07-2026,Tamil Nadu Civil Supplies Corporation
TNCSC-KMS2025-26-1655,1655,Ramanathapuram,Thiruvadani,Thiruvetriyur,2026-02-21,2026-04-04,Closed,9.711520,78.953600,KMS 2025-26 as on 12-07-2026,Tamil Nadu Civil Supplies Corporation
TNCSC-KMS2025-26-1656,1656,Ramanathapuram,Thiruvadani,Thondi,2026-03-05,2026-04-13,Closed,9.742983,79.009650,KMS 2025-26 as on 12-07-2026,Tamil Nadu Civil Supplies Corporation
TNCSC-KMS2025-26-1657,1657,Ramanathapuram,Thiruvadani,Vellaiyapuram,2026-02-09,2026-06-19,Closed,9.821818,79.030777,KMS 2025-26 as on 12-07-2026,Tamil Nadu Civil Supplies Corporation
TNCSC-KMS2025-26-1658,1658,Ranipet,Arakkonam,Aarikilapadi,2025-09-15,2026-06-17,Closed,13.026819,79.684444,KMS 2025-26 as on 12-07-2026,Tamil Nadu Civil Supplies Corporation
TNCSC-KMS2025-26-1659,1659,Ranipet,Arakkonam,Anaikkattapudur,2025-09-18,2026-06-16,Closed,13.048708,79.785810,KMS 2025-26 as on 12-07-2026,Tamil Nadu Civil Supplies Corporation
TNCSC-KMS2025-26-1660,1660,Ranipet,Arakkonam,Anandapuram,2026-03-30,2026-06-27,Closed,13.024121,79.747235,KMS 2025-26 as on 12-07-2026,Tamil Nadu Civil Supplies Corporation
TNCSC-KMS2025-26-1661,1661,Ranipet,Arakkonam,Athur,2026-04-03,2026-06-26,Closed,12.345776,79.794388,KMS 2025-26 as on 12-07-2026,Tamil Nadu Civil Supplies Corporation
TNCSC-KMS2025-26-1662,1662,Ranipet,Arakkonam,Cheyyur,2025-09-19,2026-06-28,Closed,13.059006,79.704977,KMS 2025-26 as on 12-07-2026,Tamil Nadu Civil Supplies Corporation
TNCSC-KMS2025-26-1663,1663,Ranipet,Arakkonam,Echiputhur,2025-09-22,2026-06-21,Closed,13.143997,79.627046,KMS 2025-26 as on 12-07-2026,Tamil Nadu Civil Supplies Corporation
TNCSC-KMS2025-26-1664,1664,Ranipet,Arakkonam,Echiputhur 1,2026-05-26,2026-06-17,Closed,13.143997,79.627046,KMS 2025-26 as on 12-07-2026,Tamil Nadu Civil Supplies Corporation
TNCSC-KMS2025-26-1665,1665,Ranipet,Arakkonam,Ganapathipuram,2026-03-31,2026-06-22,Closed,12.978944,79.699700,KMS 2025-26 as on 12-07-2026,Tamil Nadu Civil Supplies Corporation
TNCSC-KMS2025-26-1666,1666,Ranipet,Arakkonam,Moodur,2025-09-24,2026-06-24,Closed,13.138906,79.676921,KMS 2025-26 as on 12-07-2026,Tamil Nadu Civil Supplies Corporation
TNCSC-KMS2025-26-1667,1667,Ranipet,Arakkonam,Moodur 1,2026-05-28,2026-06-25,Closed,13.138906,79.676921,KMS 2025-26 as on 12-07-2026,Tamil Nadu Civil Supplies Corporation
TNCSC-KMS2025-26-1668,1668,Ranipet,Arakkonam,Mosur,2026-04-27,2026-06-09,Closed,13.065768,79.720731,KMS 2025-26 as on 12-07-2026,Tamil Nadu Civil Supplies Corporation
TNCSC-KMS2025-26-1669,1669,Ranipet,Arakkonam,Pallur,2025-11-24,2026-06-23,Closed,12.961690,79.670164,KMS 2025-26 as on 12-07-2026,Tamil Nadu Civil Supplies Corporation
TNCSC-KMS2025-26-1670,1670,Ranipet,Arakkonam,Paranji,2026-04-01,2026-06-23,Closed,13.100272,79.523524,KMS 2025-26 as on 12-07-2026,Tamil Nadu Civil Supplies Corporation
TNCSC-KMS2025-26-1671,1671,Ranipet,Arakkonam,Perunkalathur,2026-03-25,2026-06-24,Closed,13.187547,79.654768,KMS 2025-26 as on 12-07-2026,Tamil Nadu Civil Supplies Corporation
TNCSC-KMS2025-26-1672,1672,Ranipet,Arakkonam,Pudukesavaram,2025-09-16,2026-06-13,Closed,13.014629,79.756290,KMS 2025-26 as on 12-07-2026,Tamil Nadu Civil Supplies Corporation
TNCSC-KMS2025-26-1673,1673,Ranipet,Arakkonam,Sitheri,2026-03-30,2026-06-18,Closed,13.071507,79.605582,KMS 2025-26 as on 12-07-2026,Tamil Nadu Civil Supplies Corporation
TNCSC-KMS2025-26-1674,1674,Ranipet,Arakkonam,Thakkolam,2026-03-30,2026-06-20,Closed,13.016219,79.727136,KMS 2025-26 as on 12-07-2026,Tamil Nadu Civil Supplies Corporation
TNCSC-KMS2025-26-1675,1675,Ranipet,Arcot,Chakkaramallur,2025-09-23,2026-06-14,Closed,12.860800,79.413300,KMS 2025-26 as on 12-07-2026,Tamil Nadu Civil Supplies Corporation
TNCSC-KMS2025-26-1676,1676,Ranipet,Arcot,Chakkaramallur 1,2026-06-04,2026-06-12,Closed,12.860800,79.413300,KMS 2025-26 as on 12-07-2026,Tamil Nadu Civil Supplies Corporation
TNCSC-KMS2025-26-1677,1677,Ranipet,Arcot,K Vellore,2026-03-13,2026-06-25,Closed,12.814762,79.385428,KMS 2025-26 as on 12-07-2026,Tamil Nadu Civil Supplies Corporation
TNCSC-KMS2025-26-1678,1678,Ranipet,Arcot,Koorambadi,2026-04-24,2026-06-12,Closed,12.873470,79.301105,KMS 2025-26 as on 12-07-2026,Tamil Nadu Civil Supplies Corporation
TNCSC-KMS2025-26-1679,1679,Ranipet,Arcot,Kuppidisatham,2026-04-02,2026-06-25,Closed,12.696252,79.410692,KMS 2025-26 as on 12-07-2026,Tamil Nadu Civil Supplies Corporation
TNCSC-KMS2025-26-1680,1680,Ranipet,Arcot,Ladavaram,2026-03-28,2026-06-29,Closed,12.848837,79.354548,KMS 2025-26 as on 12-07-2026,Tamil Nadu Civil Supplies Corporation
TNCSC-KMS2025-26-1681,1681,Ranipet,Arcot,Melpudupakkam,2025-09-15,2026-06-24,Closed,12.661840,79.374210,KMS 2025-26 as on 12-07-2026,Tamil Nadu Civil Supplies Corporation
TNCSC-KMS2025-26-1682,1682,Ranipet,Arcot,Thamaraipakkam,2025-09-19,2025-10-22,Closed,12.764564,79.310090,KMS 2025-26 as on 12-07-2026,Tamil Nadu Civil Supplies Corporation
TNCSC-KMS2025-26-1683,1683,Ranipet,Arcot,Thimiri,2026-04-10,2026-06-12,Closed,12.807533,79.305682,KMS 2025-26 as on 12-07-2026,Tamil Nadu Civil Supplies Corporation
TNCSC-KMS2025-26-1684,1684,Ranipet,Arcot,Vanakkampadi,2026-04-03,2026-06-18,Closed,12.766609,79.310771,KMS 2025-26 as on 12-07-2026,Tamil Nadu Civil Supplies Corporation
TNCSC-KMS2025-26-1685,1685,Ranipet,Kalavai,Allalacheri,2026-04-06,2026-06-14,Closed,12.784912,79.414202,KMS 2025-26 as on 12-07-2026,Tamil Nadu Civil Supplies Corporation
TNCSC-KMS2025-26-1686,1686,Ranipet,Kalavai,Chennasumudram,2026-03-20,2026-06-20,Closed,12.765077,79.457139,KMS 2025-26 as on 12-07-2026,Tamil Nadu Civil Supplies Corporation
TNCSC-KMS2025-26-1687,1687,Ranipet,Kalavai,Irungur,2025-09-23,2026-06-25,Closed,12.696276,79.447487,KMS 2025-26 as on 12-07-2026,Tamil Nadu Civil Supplies Corporation
TNCSC-KMS2025-26-1688,1688,Ranipet,Kalavai,Melpulam,2025-09-18,2025-10-03,Closed,12.756899,79.397810,KMS 2025-26 as on 12-07-2026,Tamil Nadu Civil Supplies Corporation
TNCSC-KMS2025-26-1689,1689,Ranipet,Kalavai,Parikkalpattu,2025-09-16,2025-10-14,Closed,12.695351,79.414428,KMS 2025-26 as on 12-07-2026,Tamil Nadu Civil Supplies Corporation
TNCSC-KMS2025-26-1690,1690,Ranipet,Kalavai,Vellambi,2025-12-16,2026-06-25,Closed,12.760643,79.375241,KMS 2025-26 as on 12-07-2026,Tamil Nadu Civil Supplies Corporation
TNCSC-KMS2025-26-1691,1691,Ranipet,Nemili,Agavalam,2025-09-15,2026-06-17,Closed,12.943918,79.593323,KMS 2025-26 as on 12-07-2026,Tamil Nadu Civil Supplies Corporation
TNCSC-KMS2025-26-1692,1692,Ranipet,Nemili,Alaapakkam,2026-04-02,2026-06-27,Closed,12.944843,79.502557,KMS 2025-26 as on 12-07-2026,Tamil Nadu Civil Supplies Corporation
TNCSC-KMS2025-26-1693,1693,Ranipet,Nemili,Arunthathipalayam,2025-09-23,2026-05-30,Closed,12.991315,79.645569,KMS 2025-26 as on 12-07-2026,Tamil Nadu Civil Supplies Corporation
TNCSC-KMS2025-26-1694,1694,Ranipet,Nemili,Asanallikuppam,2026-03-18,2026-06-25,Closed,12.968456,79.621940,KMS 2025-26 as on 12-07-2026,Tamil Nadu Civil Supplies Corporation
TNCSC-KMS2025-26-1695,1695,Ranipet,Nemili,Ayarpadi,2026-03-13,2026-06-17,Closed,12.885010,79.518210,KMS 2025-26 as on 12-07-2026,Tamil Nadu Civil Supplies Corporation
TNCSC-KMS2025-26-1696,1696,Ranipet,Nemili,Cheri,2025-09-20,2026-06-29,Closed,12.938878,79.467596,KMS 2025-26 as on 12-07-2026,Tamil Nadu Civil Supplies Corporation
TNCSC-KMS2025-26-1697,1697,Ranipet,Nemili,Chinnathennal,2025-09-15,2025-10-16,Closed,12.988906,79.651481,KMS 2025-26 as on 12-07-2026,Tamil Nadu Civil Supplies Corporation
TNCSC-KMS2025-26-1698,1698,Ranipet,Nemili,Jagirthandalam,2025-09-22,2026-06-19,Closed,12.911013,79.599109,KMS 2025-26 as on 12-07-2026,Tamil Nadu Civil Supplies Corporation
TNCSC-KMS2025-26-1699,1699,Ranipet,Nemili,Jagirthandalam Kandigai,2026-03-16,2026-06-16,Closed,12.929065,79.603924,KMS 2025-26 as on 12-07-2026,Tamil Nadu Civil Supplies Corporation
TNCSC-KMS2025-26-1700,1700,Ranipet,Nemili,Kalathur,2025-11-25,2026-06-14,Closed,12.873233,79.540062,KMS 2025-26 as on 12-07-2026,Tamil Nadu Civil Supplies Corporation
TNCSC-KMS2025-26-1701,1701,Ranipet,Nemili,Kandigai,2025-11-26,2025-12-25,Closed,12.929065,79.603924,KMS 2025-26 as on 12-07-2026,Tamil Nadu Civil Supplies Corporation
TNCSC-KMS2025-26-1702,1702,Ranipet,Nemili,Kariakudal,2025-09-15,2026-06-23,Closed,12.991890,79.617406,KMS 2025-26 as on 12-07-2026,Tamil Nadu Civil Supplies Corporation
TNCSC-KMS2025-26-1703,1703,Ranipet,Nemili,Karivedu,2026-04-04,2026-06-10,Closed,12.991920,79.617120,KMS 2025-26 as on 12-07-2026,Tamil Nadu Civil Supplies Corporation
TNCSC-KMS2025-26-1704,1704,Ranipet,Nemili,Kariyakudal 1,2026-05-22,2026-06-20,Closed,13.009460,79.599580,KMS 2025-26 as on 12-07-2026,Tamil Nadu Civil Supplies Corporation
TNCSC-KMS2025-26-1705,1705,Ranipet,Nemili,Karnavur,2026-04-04,2026-06-19,Closed,12.956611,79.532210,KMS 2025-26 as on 12-07-2026,Tamil Nadu Civil Supplies Corporation
TNCSC-KMS2025-26-1706,1706,Ranipet,Nemili,Kattupakkam,2025-09-22,2026-06-20,Closed,13.035443,79.541877,KMS 2025-26 as on 12-07-2026,Tamil Nadu Civil Supplies Corporation
TNCSC-KMS2025-26-1707,1707,Ranipet,Nemili,Kilkalathur,2025-09-19,2026-06-20,Closed,13.008898,79.599319,KMS 2025-26 as on 12-07-2026,Tamil Nadu Civil Supplies Corporation
TNCSC-KMS2025-26-1708,1708,Ranipet,Nemili,Kilkalathur 1,2026-05-20,2026-06-15,Closed,13.008898,79.599319,KMS 2025-26 as on 12-07-2026,Tamil Nadu Civil Supplies Corporation
TNCSC-KMS2025-26-1709,1709,Ranipet,Nemili,Kilveedhi,2025-09-13,2026-06-07,Closed,12.992928,79.575241,KMS 2025-26 as on 12-07-2026,Tamil Nadu Civil Supplies Corporation
TNCSC-KMS2025-26-1710,1710,Ranipet,Nemili,Kilvenkatapuram,2026-03-17,2026-06-11,Closed,12.994528,79.637576,KMS 2025-26 as on 12-07-2026,Tamil Nadu Civil Supplies Corporation
TNCSC-KMS2025-26-1711,1711,Ranipet,Nemili,Kodambakkam,2026-03-30,2026-06-22,Closed,12.994919,79.546426,KMS 2025-26 as on 12-07-2026,Tamil Nadu Civil Supplies Corporation
TNCSC-KMS2025-26-1712,1712,Ranipet,Nemili,Lakshmipuram,2025-09-15,2026-06-10,Closed,12.945459,79.541414,KMS 2025-26 as on 12-07-2026,Tamil Nadu Civil Supplies Corporation
TNCSC-KMS2025-26-1713,1713,Ranipet,Nemili,Mahendiravadi,2025-09-15,2026-06-19,Closed,12.988486,79.542254,KMS 2025-26 as on 12-07-2026,Tamil Nadu Civil Supplies Corporation
TNCSC-KMS2025-26-1714,1714,Ranipet,Nemili,Melapulam Puthur,2025-12-13,2026-06-17,Closed,12.908279,79.530162,KMS 2025-26 as on 12-07-2026,Tamil Nadu Civil Supplies Corporation
TNCSC-KMS2025-26-1715,1715,Ranipet,Nemili,Melari,2025-09-20,2026-06-20,Closed,13.029633,79.566594,KMS 2025-26 as on 12-07-2026,Tamil Nadu Civil Supplies Corporation
TNCSC-KMS2025-26-1716,1716,Ranipet,Nemili,Melari 1,2026-05-30,2026-06-06,Closed,13.029633,79.566594,KMS 2025-26 as on 12-07-2026,Tamil Nadu Civil Supplies Corporation
TNCSC-KMS2025-26-1717,1717,Ranipet,Nemili,Pallipatarai,2026-04-08,2026-06-26,Closed,12.951257,79.550892,KMS 2025-26 as on 12-07-2026,Tamil Nadu Civil Supplies Corporation
TNCSC-KMS2025-26-1718,1718,Ranipet,Nemili,Panapakkam,2025-09-13,2026-06-27,Closed,12.914721,79.567746,KMS 2025-26 as on 12-07-2026,Tamil Nadu Civil Supplies Corporation
TNCSC-KMS2025-26-1719,1719,Ranipet,Nemili,Perumpulipakkam,2025-09-23,2026-06-14,Closed,12.898600,79.556800,KMS 2025-26 as on 12-07-2026,Tamil Nadu Civil Supplies Corporation
TNCSC-KMS2025-26-1720,1720,Ranipet,Nemili,Peruvalayam,2026-03-31,2026-06-15,Closed,12.988910,79.651480,KMS 2025-26 as on 12-07-2026,Tamil Nadu Civil Supplies Corporation
TNCSC-KMS2025-26-1721,1721,Ranipet,Nemili,Reddivalam,2026-03-28,2026-06-18,Closed,12.967150,79.397820,KMS 2025-26 as on 12-07-2026,Tamil Nadu Civil Supplies Corporation
TNCSC-KMS2025-26-1722,1722,Ranipet,Nemili,S Kolathur,2025-12-08,2026-06-02,Closed,12.943058,79.625691,KMS 2025-26 as on 12-07-2026,Tamil Nadu Civil Supplies Corporation
TNCSC-KMS2025-26-1723,1723,Ranipet,Nemili,Sayanapuram,2026-03-25,2026-06-06,Closed,12.989026,79.651283,KMS 2025-26 as on 12-07-2026,Tamil Nadu Civil Supplies Corporation
TNCSC-KMS2025-26-1724,1724,Ranipet,Nemili,Sayanavaram,2025-09-18,2026-01-04,Closed,12.989026,79.651283,KMS 2025-26 as on 12-07-2026,Tamil Nadu Civil Supplies Corporation
TNCSC-KMS2025-26-1725,1725,Ranipet,Nemili,Sirukarumbur,2025-09-13,2026-06-16,Closed,12.892646,79.488912,KMS 2025-26 as on 12-07-2026,Tamil Nadu Civil Supplies Corporation
TNCSC-KMS2025-26-1726,1726,Ranipet,Nemili,Siruvalayam,2025-09-13,2026-06-16,Closed,12.964393,79.535366,KMS 2025-26 as on 12-07-2026,Tamil Nadu Civil Supplies Corporation
TNCSC-KMS2025-26-1727,1727,Ranipet,Nemili,Thirumalpur,2025-09-13,2026-06-18,Closed,12.937930,79.641391,KMS 2025-26 as on 12-07-2026,Tamil Nadu Civil Supplies Corporation
TNCSC-KMS2025-26-1728,1728,Ranipet,Nemili,Uliyanallur,2025-09-22,2026-06-20,Closed,12.968986,79.556141,KMS 2025-26 as on 12-07-2026,Tamil Nadu Civil Supplies Corporation
TNCSC-KMS2025-26-1729,1729,Ranipet,Nemili,Vedanthangal,2025-09-15,2026-06-26,Closed,12.554659,79.847955,KMS 2025-26 as on 12-07-2026,Tamil Nadu Civil Supplies Corporation
TNCSC-KMS2025-26-1730,1730,Ranipet,Nemili,Velithangipuram,2026-03-13,2026-06-08,Closed,13.040110,79.521111,KMS 2025-26 as on 12-07-2026,Tamil Nadu Civil Supplies Corporation
TNCSC-KMS2025-26-1731,1731,Ranipet,Sholingur,Ayal,2026-04-29,2026-06-27,Closed,13.044195,79.458680,KMS 2025-26 as on 12-07-2026,Tamil Nadu Civil Supplies Corporation
TNCSC-KMS2025-26-1732,1732,Ranipet,Sholingur,Banavaram,2026-04-02,2026-07-09,Closed,13.017518,79.476208,KMS 2025-26 as on 12-07-2026,Tamil Nadu Civil Supplies Corporation
TNCSC-KMS2025-26-1733,1733,Ranipet,Sholingur,Gudalur,2026-03-13,2026-06-22,Closed,9.729870,78.853704,KMS 2025-26 as on 12-07-2026,Tamil Nadu Civil Supplies Corporation
TNCSC-KMS2025-26-1734,1734,Ranipet,Sholingur,Keelveeranam,2025-09-22,2026-06-17,Closed,12.978022,79.482089,KMS 2025-26 as on 12-07-2026,Tamil Nadu Civil Supplies Corporation
TNCSC-KMS2025-26-1735,1735,Ranipet,Sholingur,Kesavanankuppam,2026-03-16,2026-06-22,Closed,13.042681,79.381545,KMS 2025-26 as on 12-07-2026,Tamil Nadu Civil Supplies Corporation
TNCSC-KMS2025-26-1736,1736,Ranipet,Sholingur,Kodakkal,2025-12-10,2026-06-24,Closed,13.070332,79.414406,KMS 2025-26 as on 12-07-2026,Tamil Nadu Civil Supplies Corporation
TNCSC-KMS2025-26-1737,1737,Ranipet,Sholingur,Kunnathur,2025-09-15,2026-06-27,Closed,12.571379,80.157828,KMS 2025-26 as on 12-07-2026,Tamil Nadu Civil Supplies Corporation
TNCSC-KMS2025-26-1738,1738,Ranipet,Sholingur,Kunnathur 1,2026-05-27,2026-06-27,Closed,12.571379,80.157828,KMS 2025-26 as on 12-07-2026,Tamil Nadu Civil Supplies Corporation
TNCSC-KMS2025-26-1739,1739,Ranipet,Sholingur,Marudhalam,2026-04-10,2026-06-26,Closed,13.017450,79.395847,KMS 2025-26 as on 12-07-2026,Tamil Nadu Civil Supplies Corporation
TNCSC-KMS2025-26-1740,1740,Ranipet,Sholingur,Meelveeranam,2025-09-22,2026-06-15,Closed,12.979078,79.472490,KMS 2025-26 as on 12-07-2026,Tamil Nadu Civil Supplies Corporation
TNCSC-KMS2025-26-1741,1741,Ranipet,Sholingur,Polipakkam,2026-03-14,2026-06-25,Closed,13.057369,79.484213,KMS 2025-26 as on 12-07-2026,Tamil Nadu Civil Supplies Corporation
TNCSC-KMS2025-26-1742,1742,Ranipet,Sholingur,Pudur,2026-03-30,2026-06-18,Closed,12.984709,79.495246,KMS 2025-26 as on 12-07-2026,Tamil Nadu Civil Supplies Corporation
TNCSC-KMS2025-26-1743,1743,Ranipet,Sholingur,Soorai,2026-03-30,2026-06-26,Closed,12.584712,79.882548,KMS 2025-26 as on 12-07-2026,Tamil Nadu Civil Supplies Corporation
TNCSC-KMS2025-26-1744,1744,Ranipet,Walajah,Ayilam,2026-04-09,2026-06-06,Closed,12.876454,79.228215,KMS 2025-26 as on 12-07-2026,Tamil Nadu Civil Supplies Corporation
TNCSC-KMS2025-26-1745,1745,Ranipet,Walajah,Kalmelkuppam,2026-03-14,2026-06-24,Closed,12.985413,79.351963,KMS 2025-26 as on 12-07-2026,Tamil Nadu Civil Supplies Corporation
TNCSC-KMS2025-26-1746,1746,Ranipet,Walajah,Sengadu,2026-03-31,2026-06-25,Closed,12.967204,79.397806,KMS 2025-26 as on 12-07-2026,Tamil Nadu Civil Supplies Corporation
TNCSC-KMS2025-26-1747,1747,Ranipet,Walajah,Sengadu 1,2026-05-13,2026-06-07,Closed,12.967204,79.397806,KMS 2025-26 as on 12-07-2026,Tamil Nadu Civil Supplies Corporation
TNCSC-KMS2025-26-1748,1748,Ranipet,Walajah,Valluvambakkam,2025-09-15,2026-06-11,Closed,12.958745,79.426453,KMS 2025-26 as on 12-07-2026,Tamil Nadu Civil Supplies Corporation
TNCSC-KMS2025-26-1749,1749,Ranipet,Walajah,Valluvambakkam 1,2026-05-26,2026-06-25,Closed,12.958745,79.426453,KMS 2025-26 as on 12-07-2026,Tamil Nadu Civil Supplies Corporation
TNCSC-KMS2025-26-1750,1750,Salem,Attur,Thalaivasal,2026-02-21,2026-05-07,Closed,11.602959,78.740305,KMS 2025-26 as on 12-07-2026,Tamil Nadu Civil Supplies Corporation
TNCSC-KMS2025-26-1751,1751,Salem,Attur,Varagur,2026-02-21,2026-05-06,Closed,11.636135,78.772647,KMS 2025-26 as on 12-07-2026,Tamil Nadu Civil Supplies Corporation
TNCSC-KMS2025-26-1752,1752,Salem,Edappadi,Pulampatti,2026-02-09,2026-05-06,Closed,11.654699,77.763917,KMS 2025-26 as on 12-07-2026,Tamil Nadu Civil Supplies Corporation
TNCSC-KMS2025-26-1753,1753,Salem,Ganagavalli,Ilupainatham,2026-02-21,2026-04-16,Closed,11.521213,78.756125,KMS 2025-26 as on 12-07-2026,Tamil Nadu Civil Supplies Corporation
TNCSC-KMS2025-26-1754,1754,Salem,Ganagavalli,Kudumalai,2026-03-04,2026-06-13,Closed,11.459355,78.581899,KMS 2025-26 as on 12-07-2026,Tamil Nadu Civil Supplies Corporation
TNCSC-KMS2025-26-1755,1755,Salem,Ganagavalli,Odiyattur,2026-02-24,2026-05-21,Closed,11.546792,78.642086,KMS 2025-26 as on 12-07-2026,Tamil Nadu Civil Supplies Corporation
TNCSC-KMS2025-26-1756,1756,Salem,Ganagavalli,Puliyankurichi,2026-02-23,2026-05-06,Closed,11.504796,78.794862,KMS 2025-26 as on 12-07-2026,Tamil Nadu Civil Supplies Corporation
TNCSC-KMS2025-26-1757,1757,Salem,Pethanaickenpalayam,Chinnakrishnapuram,2026-03-02,2026-05-04,Closed,11.656336,78.421511,KMS 2025-26 as on 12-07-2026,Tamil Nadu Civil Supplies Corporation
TNCSC-KMS2025-26-1758,1758,Salem,Sankari,Thevur,2026-02-11,2026-05-02,Closed,10.718023,79.730090,KMS 2025-26 as on 12-07-2026,Tamil Nadu Civil Supplies Corporation
TNCSC-KMS2025-26-1759,1759,Sivagangai,Devakottai,Ilangudi,2026-01-29,2026-03-09,Closed,9.883264,78.806798,KMS 2025-26 as on 12-07-2026,Tamil Nadu Civil Supplies Corporation
TNCSC-KMS2025-26-1760,1760,Sivagangai,Devakottai,Kannangudi,2026-01-27,2026-03-08,Closed,11.403470,79.656550,KMS 2025-26 as on 12-07-2026,Tamil Nadu Civil Supplies Corporation
TNCSC-KMS2025-26-1761,1761,Sivagangai,Devakottai,Karkalathur,2026-01-24,2026-02-26,Closed,9.804284,78.848240,KMS 2025-26 as on 12-07-2026,Tamil Nadu Civil Supplies Corporation
TNCSC-KMS2025-26-1762,1762,Sivagangai,Devakottai,Muppaiyur,2026-01-24,2026-03-09,Closed,9.808430,78.831588,KMS 2025-26 as on 12-07-2026,Tamil Nadu Civil Supplies Corporation
TNCSC-KMS2025-26-1763,1763,Sivagangai,Devakottai,Nagavayal,2026-01-14,,Open,10.014953,78.729961,KMS 2025-26 as on 12-07-2026,Tamil Nadu Civil Supplies Corporation
TNCSC-KMS2025-26-1764,1764,Sivagangai,Devakottai,Pidaranendal,2026-01-27,2026-03-09,Closed,9.757300,78.829060,KMS 2025-26 as on 12-07-2026,Tamil Nadu Civil Supplies Corporation
TNCSC-KMS2025-26-1765,1765,Sivagangai,Devakottai,Puliyall,2026-01-27,2026-03-09,Closed,9.987361,78.729638,KMS 2025-26 as on 12-07-2026,Tamil Nadu Civil Supplies Corporation
TNCSC-KMS2025-26-1766,1766,Sivagangai,Devakottai,Sarugani,2026-02-18,2026-03-22,Closed,9.852137,78.761415,KMS 2025-26 as on 12-07-2026,Tamil Nadu Civil Supplies Corporation
TNCSC-KMS2025-26-1767,1767,Sivagangai,Devakottai,Uruvatti,2026-02-10,2026-03-10,Closed,9.823943,78.728779,KMS 2025-26 as on 12-07-2026,Tamil Nadu Civil Supplies Corporation
TNCSC-KMS2025-26-1768,1768,Sivagangai,Ilayankudi,Kalaikulam,2026-02-04,2026-03-23,Closed,9.703597,78.599420,KMS 2025-26 as on 12-07-2026,Tamil Nadu Civil Supplies Corporation
TNCSC-KMS2025-26-1769,1769,Sivagangai,Ilayankudi,Karaikkulam,2026-02-05,2026-03-24,Closed,9.695518,78.631532,KMS 2025-26 as on 12-07-2026,Tamil Nadu Civil Supplies Corporation
TNCSC-KMS2025-26-1770,1770,Sivagangai,Ilayankudi,Kelanettur,2026-03-07,2026-04-12,Closed,9.618007,78.550646,KMS 2025-26 as on 12-07-2026,Tamil Nadu Civil Supplies Corporation
TNCSC-KMS2025-26-1771,1771,Sivagangai,Ilayankudi,Kottaiyur,2026-01-28,2026-03-08,Closed,9.582263,78.662218,KMS 2025-26 as on 12-07-2026,Tamil Nadu Civil Supplies Corporation
TNCSC-KMS2025-26-1772,1772,Sivagangai,Ilayankudi,Munaiventri,2026-02-11,2026-03-16,Closed,9.604684,78.565944,KMS 2025-26 as on 12-07-2026,Tamil Nadu Civil Supplies Corporation
TNCSC-KMS2025-26-1773,1773,Sivagangai,Ilayankudi,Muthur,2026-02-11,2026-03-19,Closed,11.056696,79.713680,KMS 2025-26 as on 12-07-2026,Tamil Nadu Civil Supplies Corporation
TNCSC-KMS2025-26-1774,1774,Sivagangai,Ilayankudi,Tadiyamangalam,2026-02-03,2026-03-13,Closed,9.681717,78.573166,KMS 2025-26 as on 12-07-2026,Tamil Nadu Civil Supplies Corporation
TNCSC-KMS2025-26-1775,1775,Sivagangai,Ilayankudi,Thayamangalam,2026-02-04,2026-03-17,Closed,9.684950,78.602263,KMS 2025-26 as on 12-07-2026,Tamil Nadu Civil Supplies Corporation
TNCSC-KMS2025-26-1776,1776,Sivagangai,Ilayankudi,Vandal,2026-02-10,2026-03-17,Closed,9.638925,78.785250,KMS 2025-26 as on 12-07-2026,Tamil Nadu Civil Supplies Corporation
TNCSC-KMS2025-26-1777,1777,Sivagangai,Ilayankudi,Varunthi,2026-02-14,2026-03-18,Closed,9.597359,78.745955,KMS 2025-26 as on 12-07-2026,Tamil Nadu Civil Supplies Corporation
TNCSC-KMS2025-26-1778,1778,Sivagangai,Kalaiyarkovil,Kalakkanmai,2026-01-21,2026-03-12,Closed,9.898729,78.655174,KMS 2025-26 as on 12-07-2026,Tamil Nadu Civil Supplies Corporation
TNCSC-KMS2025-26-1779,1779,Sivagangai,Kalaiyarkovil,Kangipatti,2026-02-10,2026-03-17,Closed,9.810566,78.604857,KMS 2025-26 as on 12-07-2026,Tamil Nadu Civil Supplies Corporation
TNCSC-KMS2025-26-1780,1780,Sivagangai,Kalaiyarkovil,Madumarichan,2026-02-09,2026-03-03,Closed,9.762715,78.580740,KMS 2025-26 as on 12-07-2026,Tamil Nadu Civil Supplies Corporation
TNCSC-KMS2025-26-1781,1781,Sivagangai,Kalaiyarkovil,Nadamangalam,2026-02-05,2026-03-20,Closed,9.774180,78.506591,KMS 2025-26 as on 12-07-2026,Tamil Nadu Civil Supplies Corporation
TNCSC-KMS2025-26-1782,1782,Sivagangai,Kallal,Veppangulam,2026-03-04,2026-03-24,Closed,9.945615,78.823140,KMS 2025-26 as on 12-07-2026,Tamil Nadu Civil Supplies Corporation
TNCSC-KMS2025-26-1783,1783,Sivagangai,Karaikudi,Jayamkondan,2026-02-16,2026-04-10,Closed,10.074853,78.921935,KMS 2025-26 as on 12-07-2026,Tamil Nadu Civil Supplies Corporation
TNCSC-KMS2025-26-1784,1784,Sivagangai,Karaikudi,S R Pattinam,2026-01-14,,Open,9.987886,78.729652,KMS 2025-26 as on 12-07-2026,Tamil Nadu Civil Supplies Corporation
TNCSC-KMS2025-26-1785,1785,Sivagangai,Karaikudi,Sirugavayal,2026-02-17,2026-04-02,Closed,10.058389,78.875734,KMS 2025-26 as on 12-07-2026,Tamil Nadu Civil Supplies Corporation
TNCSC-KMS2025-26-1786,1786,Sivagangai,Karaikudi,Thiruthangoor,2026-02-06,2026-03-14,Closed,10.027372,78.903834,KMS 2025-26 as on 12-07-2026,Tamil Nadu Civil Supplies Corporation
TNCSC-KMS2025-26-1787,1787,Sivagangai,Manamadurai,Kattikulam,2026-02-09,2026-04-27,Closed,9.701187,78.370743,KMS 2025-26 as on 12-07-2026,Tamil Nadu Civil Supplies Corporation
TNCSC-KMS2025-26-1788,1788,Sivagangai,Manamadurai,Keelapasalai,2026-02-12,2026-04-16,Closed,9.652597,78.459905,KMS 2025-26 as on 12-07-2026,Tamil Nadu Civil Supplies Corporation
TNCSC-KMS2025-26-1789,1789,Sivagangai,Manamadurai,Kombukaranenthal,2025-09-10,,Open,9.710558,78.389425,KMS 2025-26 as on 12-07-2026,Tamil Nadu Civil Supplies Corporation
TNCSC-KMS2025-26-1790,1790,Sivagangai,Manamadurai,Kuavaliveli,2025-09-13,2026-04-09,Closed,9.701174,78.370710,KMS 2025-26 as on 12-07-2026,Tamil Nadu Civil Supplies Corporation
TNCSC-KMS2025-26-1791,1791,Sivagangai,Manamadurai,Melanetoor,2026-02-18,2026-04-16,Closed,9.626373,78.538851,KMS 2025-26 as on 12-07-2026,Tamil Nadu Civil Supplies Corporation
TNCSC-KMS2025-26-1792,1792,Sivagangai,Manamadurai,Melapasalai,2026-02-19,2026-04-01,Closed,9.649516,78.442465,KMS 2025-26 as on 12-07-2026,Tamil Nadu Civil Supplies Corporation
TNCSC-KMS2025-26-1793,1793,Sivagangai,Manamadurai,Milaganur,2026-02-13,2026-04-08,Closed,9.678320,78.387501,KMS 2025-26 as on 12-07-2026,Tamil Nadu Civil Supplies Corporation
TNCSC-KMS2025-26-1794,1794,Sivagangai,Manamadurai,Muthanenthal,2026-02-13,2026-04-25,Closed,9.746204,78.390039,KMS 2025-26 as on 12-07-2026,Tamil Nadu Civil Supplies Corporation
TNCSC-KMS2025-26-1795,1795,Sivagangai,Manamadurai,Pesarpattnam1,2025-09-11,2026-04-02,Closed,9.705528,78.429380,KMS 2025-26 as on 12-07-2026,Tamil Nadu Civil Supplies Corporation
TNCSC-KMS2025-26-1796,1796,Sivagangai,Manamadurai,Seikalathur,2026-02-07,2026-03-25,Closed,9.734290,78.441522,KMS 2025-26 as on 12-07-2026,Tamil Nadu Civil Supplies Corporation
TNCSC-KMS2025-26-1797,1797,Sivagangai,Manamadurai,Somathur,2026-02-09,2026-04-10,Closed,9.619621,78.436444,KMS 2025-26 as on 12-07-2026,Tamil Nadu Civil Supplies Corporation
TNCSC-KMS2025-26-1798,1798,Sivagangai,Manamadurai,Vagudi,2026-02-05,2026-05-06,Closed,9.743997,78.371944,KMS 2025-26 as on 12-07-2026,Tamil Nadu Civil Supplies Corporation
TNCSC-KMS2025-26-1799,1799,Sivagangai,Manamadurai,Vedhiyarendal,2026-01-29,2026-03-20,Closed,9.640518,78.478376,KMS 2025-26 as on 12-07-2026,Tamil Nadu Civil Supplies Corporation
TNCSC-KMS2025-26-1800,1800,Sivagangai,Manamadurai,Vellikuruchi,2026-02-05,2026-04-15,Closed,9.758433,78.360836,KMS 2025-26 as on 12-07-2026,Tamil Nadu Civil Supplies Corporation
TNCSC-KMS2025-26-1801,1801,Sivagangai,Manamadurai,Vilathur,2026-02-12,2026-04-18,Closed,9.692803,78.358362,KMS 2025-26 as on 12-07-2026,Tamil Nadu Civil Supplies Corporation
TNCSC-KMS2025-26-1802,1802,Sivagangai,Singampunari,Erumaipatti,2026-01-22,2026-03-06,Closed,10.085192,78.471650,KMS 2025-26 as on 12-07-2026,Tamil Nadu Civil Supplies Corporation
TNCSC-KMS2025-26-1803,1803,Sivagangai,Singampunari,S Sevalpatti,2026-01-29,2026-02-28,Closed,10.091601,78.507443,KMS 2025-26 as on 12-07-2026,Tamil Nadu Civil Supplies Corporation
TNCSC-KMS2025-26-1804,1804,Sivagangai,Sivagangai,Arasanur,2026-01-29,2026-03-04,Closed,9.502607,78.814190,KMS 2025-26 as on 12-07-2026,Tamil Nadu Civil Supplies Corporation
TNCSC-KMS2025-26-1805,1805,Sivagangai,Sivagangai,Idaikattur,2026-02-02,2026-03-23,Closed,9.759286,78.386314,KMS 2025-26 as on 12-07-2026,Tamil Nadu Civil Supplies Corporation
TNCSC-KMS2025-26-1806,1806,Sivagangai,Sivagangai,Iluppaikkudi,2026-03-17,2026-04-02,Closed,9.891732,78.348843,KMS 2025-26 as on 12-07-2026,Tamil Nadu Civil Supplies Corporation
TNCSC-KMS2025-26-1807,1807,Sivagangai,Sivagangai,Kilakandani,2026-02-11,2026-03-17,Closed,9.800573,78.474869,KMS 2025-26 as on 12-07-2026,Tamil Nadu Civil Supplies Corporation
TNCSC-KMS2025-26-1808,1808,Sivagangai,Sivagangai,Paganeri,2026-01-24,2026-03-08,Closed,9.962678,78.590483,KMS 2025-26 as on 12-07-2026,Tamil Nadu Civil Supplies Corporation
TNCSC-KMS2025-26-1809,1809,Sivagangai,Sivagangai,Paniyur,2026-01-14,2026-04-09,Closed,9.853002,78.429724,KMS 2025-26 as on 12-07-2026,Tamil Nadu Civil Supplies Corporation
TNCSC-KMS2025-26-1810,1810,Sivagangai,Sivagangai,Sakkanthi,2026-02-11,2026-03-14,Closed,9.878436,78.440201,KMS 2025-26 as on 12-07-2026,Tamil Nadu Civil Supplies Corporation
TNCSC-KMS2025-26-1811,1811,Sivagangai,Sivagangai,Samiyarpatti,2026-01-29,,Open,9.823958,78.477825,KMS 2025-26 as on 12-07-2026,Tamil Nadu Civil Supplies Corporation
TNCSC-KMS2025-26-1812,1812,Sivagangai,Sivagangai,Satharasankottai,2026-02-05,2026-03-18,Closed,9.759693,78.537394,KMS 2025-26 as on 12-07-2026,Tamil Nadu Civil Supplies Corporation
TNCSC-KMS2025-26-1813,1813,Sivagangai,Sivagangai,Sozhapuram,2026-02-14,2026-03-13,Closed,9.907674,78.499640,KMS 2025-26 as on 12-07-2026,Tamil Nadu Civil Supplies Corporation
TNCSC-KMS2025-26-1814,1814,Sivagangai,Sivagangai,Thamaraki North,2026-02-16,2026-04-21,Closed,9.934311,78.383694,KMS 2025-26 as on 12-07-2026,Tamil Nadu Civil Supplies Corporation
TNCSC-KMS2025-26-1815,1815,Sivagangai,Sivagangai,Thamaraki South,2026-03-05,2026-04-09,Closed,9.914204,78.385175,KMS 2025-26 as on 12-07-2026,Tamil Nadu Civil Supplies Corporation
TNCSC-KMS2025-26-1816,1816,Sivagangai,Sivagangai,V.Pudukulam,2026-02-09,2026-04-21,Closed,9.795485,78.401718,KMS 2025-26 as on 12-07-2026,Tamil Nadu Civil Supplies Corporation
TNCSC-KMS2025-26-1817,1817,Sivagangai,Sivagangai,Vembathu,2026-01-24,2026-05-08,Closed,9.798522,78.388406,KMS 2025-26 as on 12-07-2026,Tamil Nadu Civil Supplies Corporation
TNCSC-KMS2025-26-1818,1818,Sivagangai,Sivagangai,Vempangudi,2026-02-05,2026-03-18,Closed,8.811488,77.360420,KMS 2025-26 as on 12-07-2026,Tamil Nadu Civil Supplies Corporation
TNCSC-KMS2025-26-1819,1819,Sivagangai,Thirupattur,Kavanoor,2026-02-06,2026-03-23,Closed,9.420437,78.802667,KMS 2025-26 as on 12-07-2026,Tamil Nadu Civil Supplies Corporation
TNCSC-KMS2025-26-1820,1820,Sivagangai,Thirupattur,Nerkkuppai,2026-02-17,2026-03-04,Closed,9.619525,78.436380,KMS 2025-26 as on 12-07-2026,Tamil Nadu Civil Supplies Corporation
TNCSC-KMS2025-26-1821,1821,Sivagangai,Thirupattur,Thirukoshtiyur,2026-02-05,2026-03-09,Closed,10.066333,78.560009,KMS 2025-26 as on 12-07-2026,Tamil Nadu Civil Supplies Corporation
TNCSC-KMS2025-26-1822,1822,Sivagangai,Thiruppuvanam,Achangulam,2026-02-03,2026-05-02,Closed,9.744965,78.288555,KMS 2025-26 as on 12-07-2026,Tamil Nadu Civil Supplies Corporation
TNCSC-KMS2025-26-1823,1823,Sivagangai,Thiruppuvanam,Enathi,2026-02-03,2026-05-02,Closed,9.841616,78.307723,KMS 2025-26 as on 12-07-2026,Tamil Nadu Civil Supplies Corporation
TNCSC-KMS2025-26-1824,1824,Sivagangai,Thiruppuvanam,Keezharangiam,2026-03-05,2026-04-21,Closed,9.777230,78.250075,KMS 2025-26 as on 12-07-2026,Tamil Nadu Civil Supplies Corporation
TNCSC-KMS2025-26-1825,1825,Sivagangai,Thiruppuvanam,Kurunthankulam,2026-02-11,2026-03-28,Closed,9.748272,78.315754,KMS 2025-26 as on 12-07-2026,Tamil Nadu Civil Supplies Corporation
TNCSC-KMS2025-26-1826,1826,Sivagangai,Thiruppuvanam,Ladanendal,2026-02-10,2026-03-26,Closed,9.809598,78.299160,KMS 2025-26 as on 12-07-2026,Tamil Nadu Civil Supplies Corporation
TNCSC-KMS2025-26-1827,1827,Sivagangai,Thiruppuvanam,Melachorikulam,2026-02-09,2026-03-30,Closed,9.767185,78.299782,KMS 2025-26 as on 12-07-2026,Tamil Nadu Civil Supplies Corporation
TNCSC-KMS2025-26-1828,1828,Sivagangai,Thiruppuvanam,Nelmudikarai,2026-01-23,2026-03-25,Closed,9.829550,78.240183,KMS 2025-26 as on 12-07-2026,Tamil Nadu Civil Supplies Corporation
TNCSC-KMS2025-26-1829,1829,Sivagangai,Thiruppuvanam,Palayanur,2026-02-14,2026-04-09,Closed,9.733654,78.294596,KMS 2025-26 as on 12-07-2026,Tamil Nadu Civil Supplies Corporation
TNCSC-KMS2025-26-1830,1830,Sivagangai,Thiruppuvanam,Pappagudi,2026-03-06,2026-05-09,Closed,9.823835,78.341528,KMS 2025-26 as on 12-07-2026,Tamil Nadu Civil Supplies Corporation
TNCSC-KMS2025-26-1831,1831,Sivagangai,Thiruppuvanam,Pethanendhal,2026-02-06,2026-04-02,Closed,9.817940,78.309851,KMS 2025-26 as on 12-07-2026,Tamil Nadu Civil Supplies Corporation
TNCSC-KMS2025-26-1832,1832,Sivagangai,Thiruppuvanam,Piramanoor,2026-01-30,2026-04-12,Closed,9.790287,78.289809,KMS 2025-26 as on 12-07-2026,Tamil Nadu Civil Supplies Corporation
TNCSC-KMS2025-26-1833,1833,Sivagangai,Thiruppuvanam,Poovanthi,2026-03-06,2026-05-05,Closed,9.857498,78.281961,KMS 2025-26 as on 12-07-2026,Tamil Nadu Civil Supplies Corporation
TNCSC-KMS2025-26-1834,1834,Sivagangai,Thiruppuvanam,Sankankulam,2026-02-11,2026-04-22,Closed,9.744920,78.282777,KMS 2025-26 as on 12-07-2026,Tamil Nadu Civil Supplies Corporation
TNCSC-KMS2025-26-1835,1835,Sivagangai,Thiruppuvanam,T Alangulam,2026-02-11,2026-04-18,Closed,9.790165,78.289741,KMS 2025-26 as on 12-07-2026,Tamil Nadu Civil Supplies Corporation
TNCSC-KMS2025-26-1836,1836,Sivagangai,Thiruppuvanam,Thanjakur,2026-02-16,2026-04-22,Closed,9.728654,78.331149,KMS 2025-26 as on 12-07-2026,Tamil Nadu Civil Supplies Corporation
TNCSC-KMS2025-26-1837,1837,Sivagangai,Thiruppuvanam,Theli,2026-02-20,2026-04-08,Closed,9.835360,78.291098,KMS 2025-26 as on 12-07-2026,Tamil Nadu Civil Supplies Corporation
TNCSC-KMS2025-26-1838,1838,Sivagangai,Thiruppuvanam,Vayalseri,2026-02-07,2026-04-02,Closed,9.763629,78.254883,KMS 2025-26 as on 12-07-2026,Tamil Nadu Civil Supplies Corporation
TNCSC-KMS2025-26-1839,1839,Tenkasi,Alangulam,Alangulam,2025-09-10,2025-09-16,Closed,8.869575,77.489017,KMS 2025-26 as on 12-07-2026,Tamil Nadu Civil Supplies Corporation
TNCSC-KMS2025-26-1840,1840,Tenkasi,Alangulam,Kadanganeri,2026-03-02,2026-05-16,Closed,8.923005,77.550203,KMS 2025-26 as on 12-07-2026,Tamil Nadu Civil Supplies Corporation
TNCSC-KMS2025-26-1841,1841,Tenkasi,Alangulam,Keelapavoor,2026-03-14,2026-06-02,Closed,8.892120,77.404858,KMS 2025-26 as on 12-07-2026,Tamil Nadu Civil Supplies Corporation
TNCSC-KMS2025-26-1842,1842,Tenkasi,Alangulam,Kuthapanjan,2025-09-10,2026-05-06,Closed,8.850940,77.484393,KMS 2025-26 as on 12-07-2026,Tamil Nadu Civil Supplies Corporation
TNCSC-KMS2025-26-1843,1843,Tenkasi,Alangulam,Maranthai,2026-03-23,2026-05-02,Closed,8.823706,77.568673,KMS 2025-26 as on 12-07-2026,Tamil Nadu Civil Supplies Corporation
TNCSC-KMS2025-26-1844,1844,Tenkasi,Alangulam,Nachiyarpuram,2026-03-16,2026-05-20,Closed,8.941353,77.519591,KMS 2025-26 as on 12-07-2026,Tamil Nadu Civil Supplies Corporation
TNCSC-KMS2025-26-1845,1845,Tenkasi,Alangulam,Nettur,2026-02-13,2026-05-08,Closed,8.916420,77.532779,KMS 2025-26 as on 12-07-2026,Tamil Nadu Civil Supplies Corporation
TNCSC-KMS2025-26-1846,1846,Tenkasi,Alangulam,Thuppakudi,2025-09-12,2026-05-14,Closed,8.773751,77.445603,KMS 2025-26 as on 12-07-2026,Tamil Nadu Civil Supplies Corporation
TNCSC-KMS2025-26-1847,1847,Tenkasi,Kadayanallur,Achanpudur,2026-02-27,2026-05-11,Closed,9.034393,77.298091,KMS 2025-26 as on 12-07-2026,Tamil Nadu Civil Supplies Corporation
TNCSC-KMS2025-26-1848,1848,Tenkasi,Kadayanallur,Kadayanallur,2025-09-10,,Open,9.063746,77.347058,KMS 2025-26 as on 12-07-2026,Tamil Nadu Civil Supplies Corporation
TNCSC-KMS2025-26-1849,1849,Tenkasi,Kadayanallur,Kodikurichi,2026-02-12,2026-05-20,Closed,9.012593,77.305962,KMS 2025-26 as on 12-07-2026,Tamil Nadu Civil Supplies Corporation
TNCSC-KMS2025-26-1850,1850,Tenkasi,Kadayanallur,Sambavar Vadakarai,2026-03-03,2026-05-08,Closed,8.999532,77.388127,KMS 2025-26 as on 12-07-2026,Tamil Nadu Civil Supplies Corporation
TNCSC-KMS2025-26-1851,1851,Tenkasi,Kadayanallur,Sundaresapuram,2026-02-10,2026-05-03,Closed,9.101231,77.377091,KMS 2025-26 as on 12-07-2026,Tamil Nadu Civil Supplies Corporation
TNCSC-KMS2025-26-1852,1852,Tenkasi,Kadayanallur,Thalaivankottai,2025-09-09,,Open,9.172664,77.437305,KMS 2025-26 as on 12-07-2026,Tamil Nadu Civil Supplies Corporation
TNCSC-KMS2025-26-1853,1853,Tenkasi,Kadayanallur,Thirikoodapuram,2026-02-13,2026-04-21,Closed,9.125585,77.350408,KMS 2025-26 as on 12-07-2026,Tamil Nadu Civil Supplies Corporation
TNCSC-KMS2025-26-1854,1854,Tenkasi,Sankarankovil,Naduvakurichi Major,2026-03-25,2026-04-18,Closed,9.100184,77.491733,KMS 2025-26 as on 12-07-2026,Tamil Nadu Civil Supplies Corporation
TNCSC-KMS2025-26-1855,1855,Tenkasi,Sankarankovil,Panaiyur,2026-02-21,2026-05-02,Closed,9.260418,77.494997,KMS 2025-26 as on 12-07-2026,Tamil Nadu Civil Supplies Corporation
TNCSC-KMS2025-26-1856,1856,Tenkasi,Sankarankovil,Veerasigamani,2026-02-20,2026-04-24,Closed,9.091575,77.448595,KMS 2025-26 as on 12-07-2026,Tamil Nadu Civil Supplies Corporation
TNCSC-KMS2025-26-1857,1857,Tenkasi,Shenkottai,Karkudi,2025-10-09,2026-05-16,Closed,8.982555,77.210996,KMS 2025-26 as on 12-07-2026,Tamil Nadu Civil Supplies Corporation
TNCSC-KMS2025-26-1858,1858,Tenkasi,Shenkottai,Moondru Vaikal Dpc,2025-10-13,2026-05-18,Closed,8.969002,77.231808,KMS 2025-26 as on 12-07-2026,Tamil Nadu Civil Supplies Corporation
TNCSC-KMS2025-26-1859,1859,Tenkasi,Shenkottai,Panpoli,2025-10-06,2026-05-22,Closed,9.027949,77.239875,KMS 2025-26 as on 12-07-2026,Tamil Nadu Civil Supplies Corporation
TNCSC-KMS2025-26-1860,1860,Tenkasi,Shenkottai,Puliyarai,2025-10-07,2026-05-23,Closed,9.005639,77.189578,KMS 2025-26 as on 12-07-2026,Tamil Nadu Civil Supplies Corporation
TNCSC-KMS2025-26-1861,1861,Tenkasi,Shenkottai,Vadakarai,2025-10-17,2026-05-20,Closed,10.803136,79.776045,KMS 2025-26 as on 12-07-2026,Tamil Nadu Civil Supplies Corporation
TNCSC-KMS2025-26-1862,1862,Tenkasi,Sivagiri,Duraisamypuram,2026-07-07,,Open,9.295370,77.480293,KMS 2025-26 as on 12-07-2026,Tamil Nadu Civil Supplies Corporation
TNCSC-KMS2025-26-1863,1863,Tenkasi,Sivagiri,Gudaloor,2026-02-05,,Open,9.284784,77.450392,KMS 2025-26 as on 12-07-2026,Tamil Nadu Civil Supplies Corporation
TNCSC-KMS2025-26-1864,1864,Tenkasi,Sivagiri,Ramanathapuram,2026-01-28,,Open,9.296816,77.422765,KMS 2025-26 as on 12-07-2026,Tamil Nadu Civil Supplies Corporation
TNCSC-KMS2025-26-1865,1865,Tenkasi,Sivagiri,Rayagiri 1,2026-02-03,,Open,9.298806,77.441495,KMS 2025-26 as on 12-07-2026,Tamil Nadu Civil Supplies Corporation
TNCSC-KMS2025-26-1866,1866,Tenkasi,Sivagiri,Sivagiri 1,2026-01-27,,Open,11.130408,77.806100,KMS 2025-26 as on 12-07-2026,Tamil Nadu Civil Supplies Corporation
TNCSC-KMS2025-26-1867,1867,Tenkasi,Sivagiri,Thenmalai 1,2026-01-28,,Open,9.307373,77.509481,KMS 2025-26 as on 12-07-2026,Tamil Nadu Civil Supplies Corporation
TNCSC-KMS2025-26-1868,1868,Tenkasi,Sivagiri,Thirumalapuram,2026-02-04,,Open,9.277097,77.427982,KMS 2025-26 as on 12-07-2026,Tamil Nadu Civil Supplies Corporation
TNCSC-KMS2025-26-1869,1869,Tenkasi,Sivagiri,Vasudevanallur,2026-02-06,,Open,9.241331,77.404403,KMS 2025-26 as on 12-07-2026,Tamil Nadu Civil Supplies Corporation
TNCSC-KMS2025-26-1870,1870,Tenkasi,Sivagiri,Viswanathapperi 1,2026-01-23,,Open,9.353844,77.444633,KMS 2025-26 as on 12-07-2026,Tamil Nadu Civil Supplies Corporation
TNCSC-KMS2025-26-1871,1871,Tenkasi,Tenkasi,Adaichani,2026-03-16,2026-05-13,Closed,8.748919,77.453941,KMS 2025-26 as on 12-07-2026,Tamil Nadu Civil Supplies Corporation
TNCSC-KMS2025-26-1872,1872,Tenkasi,Tenkasi,Ayiraperi,2025-10-10,2026-04-28,Closed,8.930870,77.300990,KMS 2025-26 as on 12-07-2026,Tamil Nadu Civil Supplies Corporation
TNCSC-KMS2025-26-1873,1873,Tenkasi,Tenkasi,Ayyan Tharmapuramadam,2025-10-11,2026-05-16,Closed,8.796493,77.332351,KMS 2025-26 as on 12-07-2026,Tamil Nadu Civil Supplies Corporation
TNCSC-KMS2025-26-1874,1874,Tenkasi,Tenkasi,Chellapillayarkulam,2025-09-11,2026-05-29,Closed,8.794036,77.429856,KMS 2025-26 as on 12-07-2026,Tamil Nadu Civil Supplies Corporation
TNCSC-KMS2025-26-1875,1875,Tenkasi,Tenkasi,Ilangi,2025-10-09,2026-05-21,Closed,8.964523,77.279596,KMS 2025-26 as on 12-07-2026,Tamil Nadu Civil Supplies Corporation
TNCSC-KMS2025-26-1876,1876,Tenkasi,Tenkasi,Kadayam,2025-10-08,2026-05-24,Closed,8.825146,77.367566,KMS 2025-26 as on 12-07-2026,Tamil Nadu Civil Supplies Corporation
TNCSC-KMS2025-26-1877,1877,Tenkasi,Tenkasi,Kadayam 2 Dpc,2026-03-18,2026-05-24,Closed,8.824184,77.368079,KMS 2025-26 as on 12-07-2026,Tamil Nadu Civil Supplies Corporation
TNCSC-KMS2025-26-1878,1878,Tenkasi,Tenkasi,Karuthapillaiyur,2025-10-17,2026-05-29,Closed,8.771362,77.360968,KMS 2025-26 as on 12-07-2026,Tamil Nadu Civil Supplies Corporation
TNCSC-KMS2025-26-1879,1879,Tenkasi,Tenkasi,Keelapuliyur,2025-10-08,2026-04-12,Closed,8.959789,77.327027,KMS 2025-26 as on 12-07-2026,Tamil Nadu Civil Supplies Corporation
TNCSC-KMS2025-26-1880,1880,Tenkasi,Tenkasi,Kizha Ambur,2025-10-27,2026-05-16,Closed,8.758861,77.398141,KMS 2025-26 as on 12-07-2026,Tamil Nadu Civil Supplies Corporation
TNCSC-KMS2025-26-1881,1881,Tenkasi,Tenkasi,Manthiyoor,2025-10-21,2026-06-04,Closed,8.811393,77.360438,KMS 2025-26 as on 12-07-2026,Tamil Nadu Civil Supplies Corporation
TNCSC-KMS2025-26-1882,1882,Tenkasi,Tenkasi,Mela Ambur,2025-10-22,2026-06-01,Closed,8.756124,77.370115,KMS 2025-26 as on 12-07-2026,Tamil Nadu Civil Supplies Corporation
TNCSC-KMS2025-26-1883,1883,Tenkasi,Tenkasi,Nannagaram,2026-03-09,2026-04-17,Closed,8.944347,77.292853,KMS 2025-26 as on 12-07-2026,Tamil Nadu Civil Supplies Corporation
TNCSC-KMS2025-26-1884,1884,Tenkasi,Tenkasi,Ravanasamuthiram,2025-10-07,2026-06-01,Closed,8.798574,77.373956,KMS 2025-26 as on 12-07-2026,Tamil Nadu Civil Supplies Corporation
TNCSC-KMS2025-26-1885,1885,Tenkasi,Tenkasi,Sivasailam Pethanpillai Kudiyiruppu,2025-10-07,2026-05-14,Closed,8.787491,77.318084,KMS 2025-26 as on 12-07-2026,Tamil Nadu Civil Supplies Corporation
TNCSC-KMS2025-26-1886,1886,Tenkasi,Tenkasi,Sivasailam Puthukudiyiruppu,2025-10-07,2026-05-21,Closed,8.780439,77.345706,KMS 2025-26 as on 12-07-2026,Tamil Nadu Civil Supplies Corporation
TNCSC-KMS2025-26-1887,1887,Tenkasi,Tenkasi,Sundarapandiapuram,2026-02-27,2026-05-07,Closed,8.985478,77.395415,KMS 2025-26 as on 12-07-2026,Tamil Nadu Civil Supplies Corporation
TNCSC-KMS2025-26-1888,1888,Tenkasi,Tenkasi,Vellikulam,2025-10-15,2026-05-23,Closed,8.794852,77.404031,KMS 2025-26 as on 12-07-2026,Tamil Nadu Civil Supplies Corporation
TNCSC-KMS2025-26-1889,1889,Tenkasi,V.K.Pudur,Surandai,2026-02-27,2026-05-18,Closed,8.979099,77.437666,KMS 2025-26 as on 12-07-2026,Tamil Nadu Civil Supplies Corporation
TNCSC-KMS2025-26-1890,1890,Tenkasi,V.K.Pudur,Vadaku Kavalakurichi,2026-02-18,2026-05-17,Closed,8.957341,77.550660,KMS 2025-26 as on 12-07-2026,Tamil Nadu Civil Supplies Corporation
TNCSC-KMS2025-26-1891,1891,Tenkasi,V.K.Pudur,Veeranam,2026-03-10,2026-05-27,Closed,8.937735,77.491510,KMS 2025-26 as on 12-07-2026,Tamil Nadu Civil Supplies Corporation
TNCSC-KMS2025-26-1892,1892,Thanjavur,Budalur,Aavarampatti,2025-10-22,2026-05-26,Closed,10.757060,78.959658,KMS 2025-26 as on 12-07-2026,Tamil Nadu Civil Supplies Corporation
TNCSC-KMS2025-26-1893,1893,Thanjavur,Budalur,Adanjur,2025-10-06,2026-04-16,Closed,10.832798,78.997925,KMS 2025-26 as on 12-07-2026,Tamil Nadu Civil Supplies Corporation
TNCSC-KMS2025-26-1894,1894,Thanjavur,Budalur,Agarappettai,2025-10-19,,Open,10.845198,79.909045,KMS 2025-26 as on 12-07-2026,Tamil Nadu Civil Supplies Corporation
TNCSC-KMS2025-26-1895,1895,Thanjavur,Budalur,Alamelupuram,2026-02-02,2026-04-09,Closed,10.781000,79.133509,KMS 2025-26 as on 12-07-2026,Tamil Nadu Civil Supplies Corporation
TNCSC-KMS2025-26-1896,1896,Thanjavur,Budalur,Ammaiyagaram,2025-09-11,2026-04-21,Closed,10.838230,78.965413,KMS 2025-26 as on 12-07-2026,Tamil Nadu Civil Supplies Corporation
TNCSC-KMS2025-26-1897,1897,Thanjavur,Budalur,Ayyanarapuram,2025-10-01,2026-04-13,Closed,10.790643,78.940107,KMS 2025-26 as on 12-07-2026,Tamil Nadu Civil Supplies Corporation
TNCSC-KMS2025-26-1898,1898,Thanjavur,Budalur,Ayyasamipatti,2026-02-18,2026-04-11,Closed,10.741690,78.986580,KMS 2025-26 as on 12-07-2026,Tamil Nadu Civil Supplies Corporation
TNCSC-KMS2025-26-1899,1899,Thanjavur,Budalur,Budalur,2025-09-26,2026-04-17,Closed,10.785147,78.983378,KMS 2025-26 as on 12-07-2026,Tamil Nadu Civil Supplies Corporation
TNCSC-KMS2025-26-1900,1900,Thanjavur,Budalur,Budarayanallur,2025-10-11,2026-04-20,Closed,10.809464,78.967181,KMS 2025-26 as on 12-07-2026,Tamil Nadu Civil Supplies Corporation
TNCSC-KMS2025-26-1901,1901,Thanjavur,Budalur,Chellappanpettai,2025-09-30,,Open,10.762674,78.991966,KMS 2025-26 as on 12-07-2026,Tamil Nadu Civil Supplies Corporation
TNCSC-KMS2025-26-1902,1902,Thanjavur,Budalur,Chithirakkudi,2025-09-27,2026-04-18,Closed,10.478502,79.010020,KMS 2025-26 as on 12-07-2026,Tamil Nadu Civil Supplies Corporation
TNCSC-KMS2025-26-1903,1903,Thanjavur,Budalur,Chozhakampatti,2025-09-29,2026-05-25,Closed,10.818197,78.901259,KMS 2025-26 as on 12-07-2026,Tamil Nadu Civil Supplies Corporation
TNCSC-KMS2025-26-1904,1904,Thanjavur,Budalur,Deetcha Samuthiram,2026-02-28,2026-04-09,Closed,10.830508,78.948959,KMS 2025-26 as on 12-07-2026,Tamil Nadu Civil Supplies Corporation
TNCSC-KMS2025-26-1905,1905,Thanjavur,Budalur,Elankadu,2025-10-04,2026-04-15,Closed,10.837952,78.928468,KMS 2025-26 as on 12-07-2026,Tamil Nadu Civil Supplies Corporation
TNCSC-KMS2025-26-1906,1906,Thanjavur,Budalur,Indalur,2025-10-06,2026-04-16,Closed,10.818108,78.881718,KMS 2025-26 as on 12-07-2026,Tamil Nadu Civil Supplies Corporation
TNCSC-KMS2025-26-1907,1907,Thanjavur,Budalur,Kadambankudi,2025-09-27,2026-04-13,Closed,10.818197,78.901259,KMS 2025-26 as on 12-07-2026,Tamil Nadu Civil Supplies Corporation
TNCSC-KMS2025-26-1908,1908,Thanjavur,Budalur,Kalarpatti,2026-03-16,2026-04-22,Closed,10.818901,78.998740,KMS 2025-26 as on 12-07-2026,Tamil Nadu Civil Supplies Corporation
TNCSC-KMS2025-26-1909,1909,Thanjavur,Budalur,Kalvirayanpettai,2025-09-24,2026-04-09,Closed,10.776140,79.305590,KMS 2025-26 as on 12-07-2026,Tamil Nadu Civil Supplies Corporation
TNCSC-KMS2025-26-1910,1910,Thanjavur,Budalur,Kamachipuram Budalur,2026-02-27,2026-04-27,Closed,10.737675,78.898076,KMS 2025-26 as on 12-07-2026,Tamil Nadu Civil Supplies Corporation
TNCSC-KMS2025-26-1911,1911,Thanjavur,Budalur,Kandamangalambudalur,2026-02-17,2026-04-27,Closed,10.841049,78.977407,KMS 2025-26 as on 12-07-2026,Tamil Nadu Civil Supplies Corporation
TNCSC-KMS2025-26-1912,1912,Thanjavur,Budalur,Katchamangalam,2025-10-03,2026-04-25,Closed,10.827537,78.896947,KMS 2025-26 as on 12-07-2026,Tamil Nadu Civil Supplies Corporation
TNCSC-KMS2025-26-1913,1913,Thanjavur,Budalur,Koothur,2026-03-05,2026-04-15,Closed,10.752558,79.729343,KMS 2025-26 as on 12-07-2026,Tamil Nadu Civil Supplies Corporation
TNCSC-KMS2025-26-1914,1914,Thanjavur,Budalur,Kottrapatti,2025-09-24,2026-04-15,Closed,10.765076,78.935331,KMS 2025-26 as on 12-07-2026,Tamil Nadu Civil Supplies Corporation
TNCSC-KMS2025-26-1915,1915,Thanjavur,Budalur,Kovilpathu,2025-09-27,2026-04-17,Closed,10.795456,78.982433,KMS 2025-26 as on 12-07-2026,Tamil Nadu Civil Supplies Corporation
TNCSC-KMS2025-26-1916,1916,Thanjavur,Budalur,Kunamangalam,2026-03-16,2026-04-09,Closed,11.758768,79.691767,KMS 2025-26 as on 12-07-2026,Tamil Nadu Civil Supplies Corporation
TNCSC-KMS2025-26-1917,1917,Thanjavur,Budalur,Manaiyeripatti,2025-09-13,2026-04-10,Closed,10.736746,78.921089,KMS 2025-26 as on 12-07-2026,Tamil Nadu Civil Supplies Corporation
TNCSC-KMS2025-26-1918,1918,Thanjavur,Budalur,Maraneri,2025-09-28,2026-04-09,Closed,10.809223,78.910674,KMS 2025-26 as on 12-07-2026,Tamil Nadu Civil Supplies Corporation
TNCSC-KMS2025-26-1919,1919,Thanjavur,Budalur,Muthandipatti,2026-02-03,2026-03-27,Closed,10.727433,78.962302,KMS 2025-26 as on 12-07-2026,Tamil Nadu Civil Supplies Corporation
TNCSC-KMS2025-26-1920,1920,Thanjavur,Budalur,Nagachi,2026-02-12,2026-04-13,Closed,10.865223,78.946939,KMS 2025-26 as on 12-07-2026,Tamil Nadu Civil Supplies Corporation
TNCSC-KMS2025-26-1921,1921,Thanjavur,Budalur,Nandavanapatti,2026-02-24,2026-04-01,Closed,10.745352,78.961132,KMS 2025-26 as on 12-07-2026,Tamil Nadu Civil Supplies Corporation
TNCSC-KMS2025-26-1922,1922,Thanjavur,Budalur,Navalur,2026-03-14,2026-04-22,Closed,10.746034,78.878562,KMS 2025-26 as on 12-07-2026,Tamil Nadu Civil Supplies Corporation
TNCSC-KMS2025-26-1923,1923,Thanjavur,Budalur,Nemam,2026-02-28,2026-04-15,Closed,10.843646,78.922196,KMS 2025-26 as on 12-07-2026,Tamil Nadu Civil Supplies Corporation
TNCSC-KMS2025-26-1924,1924,Thanjavur,Budalur,Orathur,2025-09-30,2026-04-24,Closed,12.491521,79.796705,KMS 2025-26 as on 12-07-2026,Tamil Nadu Civil Supplies Corporation
TNCSC-KMS2025-26-1925,1925,Thanjavur,Budalur,Palaiya Kariyapatti,2026-02-25,2026-04-11,Closed,10.925124,78.941920,KMS 2025-26 as on 12-07-2026,Tamil Nadu Civil Supplies Corporation
TNCSC-KMS2025-26-1926,1926,Thanjavur,Budalur,Palaiyapatti,2026-02-07,,Open,10.700538,78.939608,KMS 2025-26 as on 12-07-2026,Tamil Nadu Civil Supplies Corporation
TNCSC-KMS2025-26-1927,1927,Thanjavur,Budalur,Palayapattivadakku,2026-02-16,2026-04-18,Closed,10.699932,78.945849,KMS 2025-26 as on 12-07-2026,Tamil Nadu Civil Supplies Corporation
TNCSC-KMS2025-26-1928,1928,Thanjavur,Budalur,Pavanamangalam,2026-03-14,2026-04-17,Closed,10.865126,78.959758,KMS 2025-26 as on 12-07-2026,Tamil Nadu Civil Supplies Corporation
TNCSC-KMS2025-26-1929,1929,Thanjavur,Budalur,Pazhamaneri,2026-03-02,2026-04-15,Closed,10.844757,78.940684,KMS 2025-26 as on 12-07-2026,Tamil Nadu Civil Supplies Corporation
TNCSC-KMS2025-26-1930,1930,Thanjavur,Budalur,Pazhaya Arcod,2026-03-03,2026-04-09,Closed,10.807710,78.958512,KMS 2025-26 as on 12-07-2026,Tamil Nadu Civil Supplies Corporation
TNCSC-KMS2025-26-1931,1931,Thanjavur,Budalur,Ponvilainthanpatti,2026-02-09,2026-04-13,Closed,10.804082,78.883022,KMS 2025-26 as on 12-07-2026,Tamil Nadu Civil Supplies Corporation
TNCSC-KMS2025-26-1932,1932,Thanjavur,Budalur,Prammanpettai,2025-10-12,2026-04-29,Closed,10.809580,78.987750,KMS 2025-26 as on 12-07-2026,Tamil Nadu Civil Supplies Corporation
TNCSC-KMS2025-26-1933,1933,Thanjavur,Budalur,Pudukariyapatti,2026-02-23,2026-04-01,Closed,11.159193,79.549985,KMS 2025-26 as on 12-07-2026,Tamil Nadu Civil Supplies Corporation
TNCSC-KMS2025-26-1934,1934,Thanjavur,Budalur,Pudukudi,2026-02-20,2026-04-10,Closed,10.724074,78.882658,KMS 2025-26 as on 12-07-2026,Tamil Nadu Civil Supplies Corporation
TNCSC-KMS2025-26-1935,1935,Thanjavur,Budalur,Pudupatti,2026-02-21,2026-04-09,Closed,10.722991,78.882781,KMS 2025-26 as on 12-07-2026,Tamil Nadu Civil Supplies Corporation
TNCSC-KMS2025-26-1936,1936,Thanjavur,Budalur,Rayamundanpatti,2026-02-20,2026-04-17,Closed,10.764287,78.895446,KMS 2025-26 as on 12-07-2026,Tamil Nadu Civil Supplies Corporation
TNCSC-KMS2025-26-1937,1937,Thanjavur,Budalur,Renganathapuram,2025-10-16,2026-04-09,Closed,10.834714,78.934949,KMS 2025-26 as on 12-07-2026,Tamil Nadu Civil Supplies Corporation
TNCSC-KMS2025-26-1938,1938,Thanjavur,Budalur,Sanjeevepuram,2025-10-09,2026-05-12,Closed,10.785378,78.947479,KMS 2025-26 as on 12-07-2026,Tamil Nadu Civil Supplies Corporation
TNCSC-KMS2025-26-1939,1939,Thanjavur,Budalur,Sanurapatti,2026-02-15,2026-04-15,Closed,10.725186,78.942012,KMS 2025-26 as on 12-07-2026,Tamil Nadu Civil Supplies Corporation
TNCSC-KMS2025-26-1940,1940,Thanjavur,Budalur,Sembiyankilary,2026-03-27,2026-04-24,Closed,10.817564,79.917843,KMS 2025-26 as on 12-07-2026,Tamil Nadu Civil Supplies Corporation
TNCSC-KMS2025-26-1941,1941,Thanjavur,Budalur,Sorakkudipatti,2026-03-06,2026-04-17,Closed,10.773242,78.897098,KMS 2025-26 as on 12-07-2026,Tamil Nadu Civil Supplies Corporation
TNCSC-KMS2025-26-1942,1942,Thanjavur,Budalur,Thirukkattupalli,2025-09-04,2026-04-18,Closed,10.849473,78.962650,KMS 2025-26 as on 12-07-2026,Tamil Nadu Civil Supplies Corporation
TNCSC-KMS2025-26-1943,1943,Thanjavur,Budalur,Thiruvengadaudayanpatti,2025-09-17,,Open,10.760658,78.990686,KMS 2025-26 as on 12-07-2026,Tamil Nadu Civil Supplies Corporation
TNCSC-KMS2025-26-1944,1944,Thanjavur,Budalur,Thondarayanpadi,2025-10-19,2026-04-22,Closed,10.796107,78.940528,KMS 2025-26 as on 12-07-2026,Tamil Nadu Civil Supplies Corporation
TNCSC-KMS2025-26-1945,1945,Thanjavur,Budalur,Unjini,2025-10-03,2026-04-20,Closed,10.825567,78.928006,KMS 2025-26 as on 12-07-2026,Tamil Nadu Civil Supplies Corporation
TNCSC-KMS2025-26-1946,1946,Thanjavur,Budalur,Vaira Perumalpatti,2025-09-30,2026-04-18,Closed,10.772845,79.000434,KMS 2025-26 as on 12-07-2026,Tamil Nadu Civil Supplies Corporation
TNCSC-KMS2025-26-1947,1947,Thanjavur,Budalur,Valambakudi,2026-02-10,2026-04-15,Closed,10.722665,78.916176,KMS 2025-26 as on 12-07-2026,Tamil Nadu Civil Supplies Corporation
TNCSC-KMS2025-26-1948,1948,Thanjavur,Budalur,Veeramarasanpettai,2026-03-09,2026-04-22,Closed,10.764218,78.964360,KMS 2025-26 as on 12-07-2026,Tamil Nadu Civil Supplies Corporation
TNCSC-KMS2025-26-1949,1949,Thanjavur,Budalur,Velankudi,2026-03-04,2026-04-25,Closed,10.913713,79.102455,KMS 2025-26 as on 12-07-2026,Tamil Nadu Civil Supplies Corporation
TNCSC-KMS2025-26-1950,1950,Thanjavur,Budalur,Vendayampatti,2026-03-11,2026-04-16,Closed,10.763725,78.909891,KMS 2025-26 as on 12-07-2026,Tamil Nadu Civil Supplies Corporation
TNCSC-KMS2025-26-1951,1951,Thanjavur,Budalur,Vinnamangalam,2026-03-15,2026-04-18,Closed,10.810616,78.971817,KMS 2025-26 as on 12-07-2026,Tamil Nadu Civil Supplies Corporation
TNCSC-KMS2025-26-1952,1952,Thanjavur,Budalur,Vinnanurpatti,2025-10-22,2026-04-16,Closed,10.796107,78.940528,KMS 2025-26 as on 12-07-2026,Tamil Nadu Civil Supplies Corporation
TNCSC-KMS2025-26-1953,1953,Thanjavur,Budalur,Vishnumpettai,2026-02-27,2026-04-13,Closed,10.866552,78.953963,KMS 2025-26 as on 12-07-2026,Tamil Nadu Civil Supplies Corporation
TNCSC-KMS2025-26-1954,1954,Thanjavur,Budalur,Vitlapuram,2026-03-02,2026-05-15,Closed,10.880542,78.972536,KMS 2025-26 as on 12-07-2026,Tamil Nadu Civil Supplies Corporation
TNCSC-KMS2025-26-1955,1955,Thanjavur,Kumbakonam,33 Mankudi,2026-02-03,,Open,10.970171,79.458418,KMS 2025-26 as on 12-07-2026,Tamil Nadu Civil Supplies Corporation
TNCSC-KMS2025-26-1956,1956,Thanjavur,Kumbakonam,66Kothangudi,2026-01-23,,Open,10.782053,79.271210,KMS 2025-26 as on 12-07-2026,Tamil Nadu Civil Supplies Corporation
TNCSC-KMS2025-26-1957,1957,Thanjavur,Kumbakonam,Agarathur,2026-01-23,,Open,10.965279,79.377937,KMS 2025-26 as on 12-07-2026,Tamil Nadu Civil Supplies Corporation
TNCSC-KMS2025-26-1958,1958,Thanjavur,Kumbakonam,Ammankudi,2026-01-24,,Open,10.959755,79.496104,KMS 2025-26 as on 12-07-2026,Tamil Nadu Civil Supplies Corporation
TNCSC-KMS2025-26-1959,1959,Thanjavur,Kumbakonam,Andalampettai,2026-01-28,,Open,10.974828,79.465435,KMS 2025-26 as on 12-07-2026,Tamil Nadu Civil Supplies Corporation
TNCSC-KMS2025-26-1960,1960,Thanjavur,Kumbakonam,Anthamangalam,2026-01-28,,Open,10.977898,79.471876,KMS 2025-26 as on 12-07-2026,Tamil Nadu Civil Supplies Corporation
TNCSC-KMS2025-26-1961,1961,Thanjavur,Kumbakonam,Asur,2026-01-18,,Open,10.989369,79.375392,KMS 2025-26 as on 12-07-2026,Tamil Nadu Civil Supplies Corporation
TNCSC-KMS2025-26-1962,1962,Thanjavur,Kumbakonam,Athiyur,2026-01-28,,Open,11.049697,79.392132,KMS 2025-26 as on 12-07-2026,Tamil Nadu Civil Supplies Corporation
TNCSC-KMS2025-26-1963,1963,Thanjavur,Kumbakonam,Azhagaputhur,2026-01-25,,Open,10.929539,79.429347,KMS 2025-26 as on 12-07-2026,Tamil Nadu Civil Supplies Corporation
TNCSC-KMS2025-26-1964,1964,Thanjavur,Kumbakonam,Cherukudi,2026-01-30,,Open,11.024951,79.392132,KMS 2025-26 as on 12-07-2026,Tamil Nadu Civil Supplies Corporation
TNCSC-KMS2025-26-1965,1965,Thanjavur,Kumbakonam,Chozhanmaligai,2025-09-06,,Open,10.938036,79.346093,KMS 2025-26 as on 12-07-2026,Tamil Nadu Civil Supplies Corporation
TNCSC-KMS2025-26-1966,1966,Thanjavur,Kumbakonam,Devanancheri,2026-01-28,,Open,11.031570,79.366648,KMS 2025-26 as on 12-07-2026,Tamil Nadu Civil Supplies Corporation
TNCSC-KMS2025-26-1967,1967,Thanjavur,Kumbakonam,Enanallur,2026-01-21,,Open,10.916421,79.431116,KMS 2025-26 as on 12-07-2026,Tamil Nadu Civil Supplies Corporation
TNCSC-KMS2025-26-1968,1968,Thanjavur,Kumbakonam,Erakaram,2026-01-10,,Open,10.996336,79.358105,KMS 2025-26 as on 12-07-2026,Tamil Nadu Civil Supplies Corporation
TNCSC-KMS2025-26-1969,1969,Thanjavur,Kumbakonam,Ilanthurai (Vittalur),2026-01-29,,Open,10.961901,79.492358,KMS 2025-26 as on 12-07-2026,Tamil Nadu Civil Supplies Corporation
TNCSC-KMS2025-26-1970,1970,Thanjavur,Kumbakonam,Innambur,2026-02-02,2026-03-05,Closed,10.991936,79.334542,KMS 2025-26 as on 12-07-2026,Tamil Nadu Civil Supplies Corporation
TNCSC-KMS2025-26-1971,1971,Thanjavur,Kumbakonam,Kadichampadi,2026-01-24,,Open,10.963317,79.382983,KMS 2025-26 as on 12-07-2026,Tamil Nadu Civil Supplies Corporation
TNCSC-KMS2025-26-1972,1972,Thanjavur,Kumbakonam,Kallur,2025-11-06,,Open,10.975207,79.095941,KMS 2025-26 as on 12-07-2026,Tamil Nadu Civil Supplies Corporation
TNCSC-KMS2025-26-1973,1973,Thanjavur,Kumbakonam,Kattanagaram,2026-02-08,2026-03-30,Closed,11.072158,79.451926,KMS 2025-26 as on 12-07-2026,Tamil Nadu Civil Supplies Corporation
TNCSC-KMS2025-26-1974,1974,Thanjavur,Kumbakonam,Kavarkoodam,2026-02-04,2026-03-14,Closed,10.992360,79.307647,KMS 2025-26 as on 12-07-2026,Tamil Nadu Civil Supplies Corporation
TNCSC-KMS2025-26-1975,1975,Thanjavur,Kumbakonam,Keelapazhayar,2026-02-02,2026-03-31,Closed,10.923516,79.360578,KMS 2025-26 as on 12-07-2026,Tamil Nadu Civil Supplies Corporation
TNCSC-KMS2025-26-1976,1976,Thanjavur,Kumbakonam,Keeranur,2026-02-10,2026-04-13,Closed,10.574254,78.771513,KMS 2025-26 as on 12-07-2026,Tamil Nadu Civil Supplies Corporation
TNCSC-KMS2025-26-1977,1977,Thanjavur,Kumbakonam,Koliyakudi,2026-02-02,,Open,10.922737,79.417463,KMS 2025-26 as on 12-07-2026,Tamil Nadu Civil Supplies Corporation
TNCSC-KMS2025-26-1978,1978,Thanjavur,Kumbakonam,Kondankudi,2026-01-22,2026-04-01,Closed,11.007610,79.404069,KMS 2025-26 as on 12-07-2026,Tamil Nadu Civil Supplies Corporation
TNCSC-KMS2025-26-1979,1979,Thanjavur,Kumbakonam,Koorkkai,2026-02-08,,Open,10.926166,79.385721,KMS 2025-26 as on 12-07-2026,Tamil Nadu Civil Supplies Corporation
TNCSC-KMS2025-26-1980,1980,Thanjavur,Kumbakonam,Kothankudi,2026-01-24,,Open,11.021003,79.743625,KMS 2025-26 as on 12-07-2026,Tamil Nadu Civil Supplies Corporation
TNCSC-KMS2025-26-1981,1981,Thanjavur,Kumbakonam,Kovilancheri,2026-01-28,,Open,11.032860,79.406803,KMS 2025-26 as on 12-07-2026,Tamil Nadu Civil Supplies Corporation
TNCSC-KMS2025-26-1982,1982,Thanjavur,Kumbakonam,Krishnapuram,2026-01-17,,Open,10.969209,79.409421,KMS 2025-26 as on 12-07-2026,Tamil Nadu Civil Supplies Corporation
TNCSC-KMS2025-26-1983,1983,Thanjavur,Kumbakonam,Kudithangi,2026-01-30,,Open,11.022230,79.337146,KMS 2025-26 as on 12-07-2026,Tamil Nadu Civil Supplies Corporation
TNCSC-KMS2025-26-1984,1984,Thanjavur,Kumbakonam,Kumaramangalam,2026-02-04,2026-04-04,Closed,10.966770,79.131130,KMS 2025-26 as on 12-07-2026,Tamil Nadu Civil Supplies Corporation
TNCSC-KMS2025-26-1985,1985,Thanjavur,Kumbakonam,Mallapuram,2026-01-29,,Open,10.970426,79.504581,KMS 2025-26 as on 12-07-2026,Tamil Nadu Civil Supplies Corporation
TNCSC-KMS2025-26-1986,1986,Thanjavur,Kumbakonam,Maruthanallur,2026-02-07,2026-03-26,Closed,10.924718,79.400065,KMS 2025-26 as on 12-07-2026,Tamil Nadu Civil Supplies Corporation
TNCSC-KMS2025-26-1987,1987,Thanjavur,Kumbakonam,Mattiyur,2026-01-29,,Open,10.741170,79.321170,KMS 2025-26 as on 12-07-2026,Tamil Nadu Civil Supplies Corporation
TNCSC-KMS2025-26-1988,1988,Thanjavur,Kumbakonam,Melanamadu,2026-02-08,2026-03-06,Closed,11.051518,79.394645,KMS 2025-26 as on 12-07-2026,Tamil Nadu Civil Supplies Corporation
TNCSC-KMS2025-26-1989,1989,Thanjavur,Kumbakonam,Moondramkattalai,2026-02-05,2026-03-02,Closed,10.955598,79.481405,KMS 2025-26 as on 12-07-2026,Tamil Nadu Civil Supplies Corporation
TNCSC-KMS2025-26-1990,1990,Thanjavur,Kumbakonam,Muppukovil,2026-01-29,2026-03-13,Closed,10.981466,79.360299,KMS 2025-26 as on 12-07-2026,Tamil Nadu Civil Supplies Corporation
TNCSC-KMS2025-26-1991,1991,Thanjavur,Kumbakonam,Murukkangudi,2026-01-24,,Open,10.947486,79.453552,KMS 2025-26 as on 12-07-2026,Tamil Nadu Civil Supplies Corporation
TNCSC-KMS2025-26-1992,1992,Thanjavur,Kumbakonam,Nachiyarkovil,2026-02-05,2026-03-23,Closed,10.914836,79.448090,KMS 2025-26 as on 12-07-2026,Tamil Nadu Civil Supplies Corporation
TNCSC-KMS2025-26-1993,1993,Thanjavur,Kumbakonam,Neerathanallur,2026-02-04,2026-03-28,Closed,11.034931,79.358816,KMS 2025-26 as on 12-07-2026,Tamil Nadu Civil Supplies Corporation
TNCSC-KMS2025-26-1994,1994,Thanjavur,Kumbakonam,Pambadaiyur,2025-10-29,,Open,10.927449,79.358904,KMS 2025-26 as on 12-07-2026,Tamil Nadu Civil Supplies Corporation
TNCSC-KMS2025-26-1995,1995,Thanjavur,Kumbakonam,Perappadi,2026-01-23,2026-04-13,Closed,10.900814,79.504365,KMS 2025-26 as on 12-07-2026,Tamil Nadu Civil Supplies Corporation
TNCSC-KMS2025-26-1996,1996,Thanjavur,Kumbakonam,Poundaregapuram,2026-01-21,,Open,10.958475,79.451686,KMS 2025-26 as on 12-07-2026,Tamil Nadu Civil Supplies Corporation
TNCSC-KMS2025-26-1997,1997,Thanjavur,Kumbakonam,Puliyancheri,2026-02-08,2026-02-23,Closed,10.965306,79.346168,KMS 2025-26 as on 12-07-2026,Tamil Nadu Civil Supplies Corporation
TNCSC-KMS2025-26-1998,1998,Thanjavur,Kumbakonam,Puthakaram,2026-01-25,2026-03-19,Closed,10.944858,79.478405,KMS 2025-26 as on 12-07-2026,Tamil Nadu Civil Supplies Corporation
TNCSC-KMS2025-26-1999,1999,Thanjavur,Kumbakonam,Sakkottai,2026-01-30,2026-04-01,Closed,10.927835,79.402454,KMS 2025-26 as on 12-07-2026,Tamil Nadu Civil Supplies Corporation
TNCSC-KMS2025-26-2000,2000,Thanjavur,Kumbakonam,Sembiyavarambal,2026-02-02,2026-03-25,Closed,11.007113,79.439973,KMS 2025-26 as on 12-07-2026,Tamil Nadu Civil Supplies Corporation
TNCSC-KMS2025-26-2001,2001,Thanjavur,Kumbakonam,Semmankudi,2026-02-09,2026-04-11,Closed,10.894670,79.462665,KMS 2025-26 as on 12-07-2026,Tamil Nadu Civil Supplies Corporation
TNCSC-KMS2025-26-2002,2002,Thanjavur,Kumbakonam,Sholapuram,2025-09-08,,Open,11.056922,79.411137,KMS 2025-26 as on 12-07-2026,Tamil Nadu Civil Supplies Corporation
TNCSC-KMS2025-26-2003,2003,Thanjavur,Kumbakonam,Swamimalai,2026-01-30,,Open,10.961290,79.335113,KMS 2025-26 as on 12-07-2026,Tamil Nadu Civil Supplies Corporation
TNCSC-KMS2025-26-2004,2004,Thanjavur,Kumbakonam,Thandanthottam,2026-01-30,2026-03-25,Closed,11.137875,79.557445,KMS 2025-26 as on 12-07-2026,Tamil Nadu Civil Supplies Corporation
TNCSC-KMS2025-26-2005,2005,Thanjavur,Kumbakonam,Thenaampadugai,2026-02-03,2026-03-30,Closed,10.914850,79.341250,KMS 2025-26 as on 12-07-2026,Tamil Nadu Civil Supplies Corporation
TNCSC-KMS2025-26-2006,2006,Thanjavur,Kumbakonam,Therkku Moolankudi,2026-01-29,,Open,10.955461,79.481226,KMS 2025-26 as on 12-07-2026,Tamil Nadu Civil Supplies Corporation
TNCSC-KMS2025-26-2007,2007,Thanjavur,Kumbakonam,Thippirajapuram,2026-01-31,2026-03-26,Closed,10.908028,79.408431,KMS 2025-26 as on 12-07-2026,Tamil Nadu Civil Supplies Corporation
TNCSC-KMS2025-26-2008,2008,Thanjavur,Kumbakonam,Thirucherai,2026-02-10,2026-02-26,Closed,10.879014,79.450735,KMS 2025-26 as on 12-07-2026,Tamil Nadu Civil Supplies Corporation
TNCSC-KMS2025-26-2009,2009,Thanjavur,Kumbakonam,Thirumalairajapuram,2026-01-28,,Open,10.968234,79.494792,KMS 2025-26 as on 12-07-2026,Tamil Nadu Civil Supplies Corporation
TNCSC-KMS2025-26-2010,2010,Thanjavur,Kumbakonam,Thirunageswaram,2026-01-29,,Open,10.976310,79.439315,KMS 2025-26 as on 12-07-2026,Tamil Nadu Civil Supplies Corporation
TNCSC-KMS2025-26-2011,2011,Thanjavur,Kumbakonam,Thirunallur,2026-01-23,,Open,11.013986,79.370052,KMS 2025-26 as on 12-07-2026,Tamil Nadu Civil Supplies Corporation
TNCSC-KMS2025-26-2012,2012,Thanjavur,Kumbakonam,Thirunaraiyur,2026-01-28,,Open,11.297431,79.598094,KMS 2025-26 as on 12-07-2026,Tamil Nadu Civil Supplies Corporation
TNCSC-KMS2025-26-2013,2013,Thanjavur,Kumbakonam,Thirupirambiyam,2026-01-23,,Open,10.783051,79.206593,KMS 2025-26 as on 12-07-2026,Tamil Nadu Civil Supplies Corporation
TNCSC-KMS2025-26-2014,2014,Thanjavur,Kumbakonam,Thiruppanthurai,2025-09-07,2026-03-14,Closed,10.924163,79.460247,KMS 2025-26 as on 12-07-2026,Tamil Nadu Civil Supplies Corporation
TNCSC-KMS2025-26-2015,2015,Thanjavur,Kumbakonam,Thukkatchi,2026-02-03,2026-04-04,Closed,10.941816,79.379529,KMS 2025-26 as on 12-07-2026,Tamil Nadu Civil Supplies Corporation
TNCSC-KMS2025-26-2016,2016,Thanjavur,Kumbakonam,Udaiyalur,2025-09-11,,Open,10.903293,79.366655,KMS 2025-26 as on 12-07-2026,Tamil Nadu Civil Supplies Corporation
TNCSC-KMS2025-26-2017,2017,Thanjavur,Kumbakonam,Uthamathani,2025-09-21,,Open,11.042064,79.403039,KMS 2025-26 as on 12-07-2026,Tamil Nadu Civil Supplies Corporation
TNCSC-KMS2025-26-2018,2018,Thanjavur,Kumbakonam,Valapuram,2026-02-07,2026-03-19,Closed,11.010231,79.351630,KMS 2025-26 as on 12-07-2026,Tamil Nadu Civil Supplies Corporation
TNCSC-KMS2025-26-2019,2019,Thanjavur,Kumbakonam,Vedhappanpettai,2026-01-22,,Open,10.882450,79.426045,KMS 2025-26 as on 12-07-2026,Tamil Nadu Civil Supplies Corporation
TNCSC-KMS2025-26-2020,2020,Thanjavur,Kumbakonam,Vilankudi,2026-01-24,,Open,10.944764,79.500442,KMS 2025-26 as on 12-07-2026,Tamil Nadu Civil Supplies Corporation
TNCSC-KMS2025-26-2021,2021,Thanjavur,Kumbakonam,Villiyavarambal,2026-01-27,2026-03-27,Closed,10.943844,79.437830,KMS 2025-26 as on 12-07-2026,Tamil Nadu Civil Supplies Corporation
TNCSC-KMS2025-26-2022,2022,Thanjavur,Kumbakonam,Visalur,2026-02-02,,Open,11.024345,79.780143,KMS 2025-26 as on 12-07-2026,Tamil Nadu Civil Supplies Corporation
TNCSC-KMS2025-26-2023,2023,Thanjavur,Kumbakonam,Vittalur,2026-02-09,2026-04-06,Closed,10.980145,79.480928,KMS 2025-26 as on 12-07-2026,Tamil Nadu Civil Supplies Corporation
TNCSC-KMS2025-26-2024,2024,Thanjavur,Orathanad,32 Vadakki Kottai,2025-09-21,,Open,10.615286,79.207002,KMS 2025-26 as on 12-07-2026,Tamil Nadu Civil Supplies Corporation
TNCSC-KMS2025-26-2025,2025,Thanjavur,Orathanad,Aambalapattu North,2025-10-11,,Open,10.525374,79.313064,KMS 2025-26 as on 12-07-2026,Tamil Nadu Civil Supplies Corporation
TNCSC-KMS2025-26-2026,2026,Thanjavur,Orathanad,Alivoikkal,2025-09-19,,Open,10.476415,79.205168,KMS 2025-26 as on 12-07-2026,Tamil Nadu Civil Supplies Corporation
TNCSC-KMS2025-26-2027,2027,Thanjavur,Orathanad,Ambalapattu South,2026-02-05,,Open,10.510713,79.292503,KMS 2025-26 as on 12-07-2026,Tamil Nadu Civil Supplies Corporation
TNCSC-KMS2025-26-2028,2028,Thanjavur,Orathanad,Arasapattu,2025-09-22,,Open,10.725391,79.293983,KMS 2025-26 as on 12-07-2026,Tamil Nadu Civil Supplies Corporation
TNCSC-KMS2025-26-2029,2029,Thanjavur,Orathanad,Archuthipattu,2025-09-20,,Open,10.756583,79.271673,KMS 2025-26 as on 12-07-2026,Tamil Nadu Civil Supplies Corporation
TNCSC-KMS2025-26-2030,2030,Thanjavur,Orathanad,Arumulai,2025-09-25,,Open,10.592530,79.336380,KMS 2025-26 as on 12-07-2026,Tamil Nadu Civil Supplies Corporation
TNCSC-KMS2025-26-2031,2031,Thanjavur,Orathanad,Athanakkottai,2025-09-18,,Open,10.594048,79.171941,KMS 2025-26 as on 12-07-2026,Tamil Nadu Civil Supplies Corporation
TNCSC-KMS2025-26-2032,2032,Thanjavur,Orathanad,Ayyampatti,2025-09-22,,Open,10.598498,79.155931,KMS 2025-26 as on 12-07-2026,Tamil Nadu Civil Supplies Corporation
TNCSC-KMS2025-26-2033,2033,Thanjavur,Orathanad,Balamuthoorkudikadu,2025-09-18,2026-07-04,Closed,10.601605,79.281891,KMS 2025-26 as on 12-07-2026,Tamil Nadu Civil Supplies Corporation
TNCSC-KMS2025-26-2034,2034,Thanjavur,Orathanad,Brankivettikadu,2026-02-03,,Open,10.515076,79.290949,KMS 2025-26 as on 12-07-2026,Tamil Nadu Civil Supplies Corporation
TNCSC-KMS2025-26-2035,2035,Thanjavur,Orathanad,Chinna Ponnappur,2025-09-28,,Open,10.694786,79.283718,KMS 2025-26 as on 12-07-2026,Tamil Nadu Civil Supplies Corporation
TNCSC-KMS2025-26-2036,2036,Thanjavur,Orathanad,Cholapuram,2025-09-12,2026-07-08,Closed,10.621995,79.182056,KMS 2025-26 as on 12-07-2026,Tamil Nadu Civil Supplies Corporation
TNCSC-KMS2025-26-2037,2037,Thanjavur,Orathanad,Chozhapuram East,2025-09-15,2026-07-11,Closed,10.631948,79.190790,KMS 2025-26 as on 12-07-2026,Tamil Nadu Civil Supplies Corporation
TNCSC-KMS2025-26-2038,2038,Thanjavur,Orathanad,Eachankottai,2025-09-18,2026-07-10,Closed,10.652062,79.170425,KMS 2025-26 as on 12-07-2026,Tamil Nadu Civil Supplies Corporation
TNCSC-KMS2025-26-2039,2039,Thanjavur,Orathanad,Kaavarapattu,2025-09-27,,Open,10.634038,79.345767,KMS 2025-26 as on 12-07-2026,Tamil Nadu Civil Supplies Corporation
TNCSC-KMS2025-26-2040,2040,Thanjavur,Orathanad,Kakkarai,2025-09-20,2026-07-02,Closed,10.623635,79.284007,KMS 2025-26 as on 12-07-2026,Tamil Nadu Civil Supplies Corporation
TNCSC-KMS2025-26-2041,2041,Thanjavur,Orathanad,Kakkaraikkottai,2025-10-05,,Open,10.606374,79.202515,KMS 2025-26 as on 12-07-2026,Tamil Nadu Civil Supplies Corporation
TNCSC-KMS2025-26-2042,2042,Thanjavur,Orathanad,Kannathankudi Melaiyur 1,2025-09-23,,Open,10.644866,79.261515,KMS 2025-26 as on 12-07-2026,Tamil Nadu Civil Supplies Corporation
TNCSC-KMS2025-26-2043,2043,Thanjavur,Orathanad,Kannthankudi Keelaiyur 1,2025-09-22,,Open,10.650201,79.276675,KMS 2025-26 as on 12-07-2026,Tamil Nadu Civil Supplies Corporation
TNCSC-KMS2025-26-2044,2044,Thanjavur,Orathanad,Kannukudi East,2025-09-26,,Open,10.533861,79.350362,KMS 2025-26 as on 12-07-2026,Tamil Nadu Civil Supplies Corporation
TNCSC-KMS2025-26-2045,2045,Thanjavur,Orathanad,Kannukudi West,2025-10-08,,Open,10.534732,79.339221,KMS 2025-26 as on 12-07-2026,Tamil Nadu Civil Supplies Corporation
TNCSC-KMS2025-26-2046,2046,Thanjavur,Orathanad,Karaimendarkottai,2025-09-27,,Open,10.736142,79.226651,KMS 2025-26 as on 12-07-2026,Tamil Nadu Civil Supplies Corporation
TNCSC-KMS2025-26-2047,2047,Thanjavur,Orathanad,Karukadipatti,2025-09-22,2026-07-02,Closed,10.616427,79.163442,KMS 2025-26 as on 12-07-2026,Tamil Nadu Civil Supplies Corporation
TNCSC-KMS2025-26-2048,2048,Thanjavur,Orathanad,Karukkakottai,2025-09-19,,Open,10.659982,79.183912,KMS 2025-26 as on 12-07-2026,Tamil Nadu Civil Supplies Corporation
TNCSC-KMS2025-26-2049,2049,Thanjavur,Orathanad,Karuppattipatti,2025-09-27,2026-03-27,Closed,10.479974,79.050801,KMS 2025-26 as on 12-07-2026,Tamil Nadu Civil Supplies Corporation
TNCSC-KMS2025-26-2050,2050,Thanjavur,Orathanad,Kasanadu Thekkur,2026-06-10,,Open,10.672993,79.181241,KMS 2025-26 as on 12-07-2026,Tamil Nadu Civil Supplies Corporation
TNCSC-KMS2025-26-2051,2051,Thanjavur,Orathanad,Keela Ulur,2025-09-19,2026-07-11,Closed,10.696384,79.231308,KMS 2025-26 as on 12-07-2026,Tamil Nadu Civil Supplies Corporation
TNCSC-KMS2025-26-2052,2052,Thanjavur,Orathanad,Kulamangalam,2025-09-23,,Open,10.661311,79.309064,KMS 2025-26 as on 12-07-2026,Tamil Nadu Civil Supplies Corporation
TNCSC-KMS2025-26-2053,2053,Thanjavur,Orathanad,Kv Kovilur,2025-09-12,,Open,10.694561,79.175650,KMS 2025-26 as on 12-07-2026,Tamil Nadu Civil Supplies Corporation
TNCSC-KMS2025-26-2054,2054,Thanjavur,Orathanad,Mandalakkottai,2025-09-19,,Open,10.624375,79.229377,KMS 2025-26 as on 12-07-2026,Tamil Nadu Civil Supplies Corporation
TNCSC-KMS2025-26-2055,2055,Thanjavur,Orathanad,Mela Ulur,2025-09-27,,Open,10.687413,79.219932,KMS 2025-26 as on 12-07-2026,Tamil Nadu Civil Supplies Corporation
TNCSC-KMS2025-26-2056,2056,Thanjavur,Orathanad,Muruthiyambalpuram,2025-09-20,,Open,10.775776,79.156006,KMS 2025-26 as on 12-07-2026,Tamil Nadu Civil Supplies Corporation
TNCSC-KMS2025-26-2057,2057,Thanjavur,Orathanad,Naarthevankudikadu,2025-10-01,2026-03-24,Closed,10.727251,79.267597,KMS 2025-26 as on 12-07-2026,Tamil Nadu Civil Supplies Corporation
TNCSC-KMS2025-26-2058,2058,Thanjavur,Orathanad,Neduvakottai,2025-09-17,,Open,10.616638,79.235309,KMS 2025-26 as on 12-07-2026,Tamil Nadu Civil Supplies Corporation
TNCSC-KMS2025-26-2059,2059,Thanjavur,Orathanad,Neivasal Thenpathi,2025-09-19,,Open,10.701121,79.298399,KMS 2025-26 as on 12-07-2026,Tamil Nadu Civil Supplies Corporation
TNCSC-KMS2025-26-2060,2060,Thanjavur,Orathanad,Nellupattu,2025-09-19,2026-07-11,Closed,10.684249,79.186762,KMS 2025-26 as on 12-07-2026,Tamil Nadu Civil Supplies Corporation
TNCSC-KMS2025-26-2061,2061,Thanjavur,Orathanad,Okkanadu East,2025-09-23,,Open,10.628749,79.325547,KMS 2025-26 as on 12-07-2026,Tamil Nadu Civil Supplies Corporation
TNCSC-KMS2025-26-2062,2062,Thanjavur,Orathanad,Okkanadu Keelaiyur North,2025-10-09,,Open,10.586190,79.222260,KMS 2025-26 as on 12-07-2026,Tamil Nadu Civil Supplies Corporation
TNCSC-KMS2025-26-2063,2063,Thanjavur,Orathanad,Okkanadu West,2025-09-23,,Open,10.639669,79.321448,KMS 2025-26 as on 12-07-2026,Tamil Nadu Civil Supplies Corporation
TNCSC-KMS2025-26-2064,2064,Thanjavur,Orathanad,Orathanadu,2025-09-15,,Open,10.614436,79.256409,KMS 2025-26 as on 12-07-2026,Tamil Nadu Civil Supplies Corporation
TNCSC-KMS2025-26-2065,2065,Thanjavur,Orathanad,Pachur,2025-09-17,,Open,10.609730,79.151865,KMS 2025-26 as on 12-07-2026,Tamil Nadu Civil Supplies Corporation
TNCSC-KMS2025-26-2066,2066,Thanjavur,Orathanad,Palangkondarkudikadu,2025-09-11,,Open,10.638934,79.156859,KMS 2025-26 as on 12-07-2026,Tamil Nadu Civil Supplies Corporation
TNCSC-KMS2025-26-2067,2067,Thanjavur,Orathanad,Panayakkottai,2025-09-19,,Open,10.723690,79.281673,KMS 2025-26 as on 12-07-2026,Tamil Nadu Civil Supplies Corporation
TNCSC-KMS2025-26-2068,2068,Thanjavur,Orathanad,Panchanathikottai,2025-09-15,,Open,10.673899,79.195700,KMS 2025-26 as on 12-07-2026,Tamil Nadu Civil Supplies Corporation
TNCSC-KMS2025-26-2069,2069,Thanjavur,Orathanad,Pappanadu,2025-10-04,,Open,10.540405,79.280985,KMS 2025-26 as on 12-07-2026,Tamil Nadu Civil Supplies Corporation
TNCSC-KMS2025-26-2070,2070,Thanjavur,Orathanad,Paruthikkottai,2025-09-23,2026-07-09,Closed,10.660594,79.235790,KMS 2025-26 as on 12-07-2026,Tamil Nadu Civil Supplies Corporation
TNCSC-KMS2025-26-2071,2071,Thanjavur,Orathanad,Peikkarumban Kottai,2025-09-23,,Open,10.578822,79.284977,KMS 2025-26 as on 12-07-2026,Tamil Nadu Civil Supplies Corporation
TNCSC-KMS2025-26-2072,2072,Thanjavur,Orathanad,Pinnaiyur 1,2025-09-17,2026-07-11,Closed,10.586330,79.222400,KMS 2025-26 as on 12-07-2026,Tamil Nadu Civil Supplies Corporation
TNCSC-KMS2025-26-2073,2073,Thanjavur,Orathanad,Poiyundarkottai,2025-09-15,2026-07-07,Closed,10.628851,79.163806,KMS 2025-26 as on 12-07-2026,Tamil Nadu Civil Supplies Corporation
TNCSC-KMS2025-26-2074,2074,Thanjavur,Orathanad,Poiyundarkottai West,2025-09-11,,Open,10.628871,79.163650,KMS 2025-26 as on 12-07-2026,Tamil Nadu Civil Supplies Corporation
TNCSC-KMS2025-26-2075,2075,Thanjavur,Orathanad,Ponnapur East,2025-09-20,,Open,10.701052,79.298446,KMS 2025-26 as on 12-07-2026,Tamil Nadu Civil Supplies Corporation
TNCSC-KMS2025-26-2076,2076,Thanjavur,Orathanad,Ponnapur West,2025-10-05,,Open,10.681622,79.253052,KMS 2025-26 as on 12-07-2026,Tamil Nadu Civil Supplies Corporation
TNCSC-KMS2025-26-2077,2077,Thanjavur,Orathanad,Poovathur,2025-09-26,2026-07-10,Closed,10.597542,79.293877,KMS 2025-26 as on 12-07-2026,Tamil Nadu Civil Supplies Corporation
TNCSC-KMS2025-26-2078,2078,Thanjavur,Orathanad,Poovathur Pudunagar,2025-10-28,2026-07-10,Closed,10.592761,79.294246,KMS 2025-26 as on 12-07-2026,Tamil Nadu Civil Supplies Corporation
TNCSC-KMS2025-26-2079,2079,Thanjavur,Orathanad,Pulavankadu,2025-09-26,,Open,10.598300,79.266604,KMS 2025-26 as on 12-07-2026,Tamil Nadu Civil Supplies Corporation
TNCSC-KMS2025-26-2080,2080,Thanjavur,Orathanad,Sadaiyarkoil,2025-09-20,,Open,10.713643,79.261423,KMS 2025-26 as on 12-07-2026,Tamil Nadu Civil Supplies Corporation
TNCSC-KMS2025-26-2081,2081,Thanjavur,Orathanad,Samayankudikadu,2025-10-04,,Open,10.647346,79.331608,KMS 2025-26 as on 12-07-2026,Tamil Nadu Civil Supplies Corporation
TNCSC-KMS2025-26-2082,2082,Thanjavur,Orathanad,Samypatti,2025-09-12,2026-07-10,Closed,10.639491,79.128152,KMS 2025-26 as on 12-07-2026,Tamil Nadu Civil Supplies Corporation
TNCSC-KMS2025-26-2083,2083,Thanjavur,Orathanad,Sellampatti,2025-09-17,2026-07-04,Closed,10.620275,79.172423,KMS 2025-26 as on 12-07-2026,Tamil Nadu Civil Supplies Corporation
TNCSC-KMS2025-26-2084,2084,Thanjavur,Orathanad,Sethurayankudikadu,2025-09-23,,Open,10.639858,79.203316,KMS 2025-26 as on 12-07-2026,Tamil Nadu Civil Supplies Corporation
TNCSC-KMS2025-26-2085,2085,Thanjavur,Orathanad,Thalaiyamangalam,2025-09-22,,Open,10.686395,79.282252,KMS 2025-26 as on 12-07-2026,Tamil Nadu Civil Supplies Corporation
TNCSC-KMS2025-26-2086,2086,Thanjavur,Orathanad,Thanthoni,2025-09-23,,Open,10.639669,79.321448,KMS 2025-26 as on 12-07-2026,Tamil Nadu Civil Supplies Corporation
TNCSC-KMS2025-26-2087,2087,Thanjavur,Orathanad,Thekkur,2025-09-15,2026-07-04,Closed,10.600325,79.182649,KMS 2025-26 as on 12-07-2026,Tamil Nadu Civil Supplies Corporation
TNCSC-KMS2025-26-2088,2088,Thanjavur,Orathanad,Thelunkankudikadu,2025-09-26,,Open,10.590582,79.266434,KMS 2025-26 as on 12-07-2026,Tamil Nadu Civil Supplies Corporation
TNCSC-KMS2025-26-2089,2089,Thanjavur,Orathanad,Thennamanadu,2025-09-19,,Open,10.643652,79.215947,KMS 2025-26 as on 12-07-2026,Tamil Nadu Civil Supplies Corporation
TNCSC-KMS2025-26-2090,2090,Thanjavur,Orathanad,Therkunatham,2025-09-19,,Open,10.657210,79.196903,KMS 2025-26 as on 12-07-2026,Tamil Nadu Civil Supplies Corporation
TNCSC-KMS2025-26-2091,2091,Thanjavur,Orathanad,Thippiyakudi,2026-01-29,2026-02-20,Closed,10.544809,79.271069,KMS 2025-26 as on 12-07-2026,Tamil Nadu Civil Supplies Corporation
TNCSC-KMS2025-26-2092,2092,Thanjavur,Orathanad,Thirumangalakottai Nadu Theru,2026-02-03,,Open,10.580691,79.327208,KMS 2025-26 as on 12-07-2026,Tamil Nadu Civil Supplies Corporation
TNCSC-KMS2025-26-2093,2093,Thanjavur,Orathanad,Thondarampattu,2025-09-30,,Open,10.561007,79.319403,KMS 2025-26 as on 12-07-2026,Tamil Nadu Civil Supplies Corporation
TNCSC-KMS2025-26-2094,2094,Thanjavur,Orathanad,Thumbathikottai,2025-09-27,,Open,10.831335,79.114800,KMS 2025-26 as on 12-07-2026,Tamil Nadu Civil Supplies Corporation
TNCSC-KMS2025-26-2095,2095,Thanjavur,Orathanad,Tm Kottai East,2025-09-26,,Open,10.579335,79.341591,KMS 2025-26 as on 12-07-2026,Tamil Nadu Civil Supplies Corporation
TNCSC-KMS2025-26-2096,2096,Thanjavur,Orathanad,Tm Kottai Keezhakalani,2025-10-07,,Open,10.567641,79.351330,KMS 2025-26 as on 12-07-2026,Tamil Nadu Civil Supplies Corporation
TNCSC-KMS2025-26-2097,2097,Thanjavur,Orathanad,Tm Kottai West,2025-09-27,,Open,10.588773,79.235817,KMS 2025-26 as on 12-07-2026,Tamil Nadu Civil Supplies Corporation
TNCSC-KMS2025-26-2098,2098,Thanjavur,Orathanad,Vadakkur,2025-09-22,2026-07-01,Closed,10.640410,79.167093,KMS 2025-26 as on 12-07-2026,Tamil Nadu Civil Supplies Corporation
TNCSC-KMS2025-26-2099,2099,Thanjavur,Orathanad,Vadaseri North,2025-09-26,,Open,10.883557,79.117011,KMS 2025-26 as on 12-07-2026,Tamil Nadu Civil Supplies Corporation
TNCSC-KMS2025-26-2100,2100,Thanjavur,Orathanad,Vandaiyar Irruppu,2025-10-03,,Open,10.509685,79.309141,KMS 2025-26 as on 12-07-2026,Tamil Nadu Civil Supplies Corporation
TNCSC-KMS2025-26-2101,2101,Thanjavur,Orathanad,Vellur,2025-09-26,,Open,10.564668,79.297858,KMS 2025-26 as on 12-07-2026,Tamil Nadu Civil Supplies Corporation
TNCSC-KMS2025-26-2102,2102,Thanjavur,Papanasam,Akaramangudi,2026-01-31,,Open,10.987573,79.488304,KMS 2025-26 as on 12-07-2026,Tamil Nadu Civil Supplies Corporation
TNCSC-KMS2025-26-2103,2103,Thanjavur,Papanasam,Alavanthipuram,2026-02-05,,Open,10.877343,79.270859,KMS 2025-26 as on 12-07-2026,Tamil Nadu Civil Supplies Corporation
TNCSC-KMS2025-26-2104,2104,Thanjavur,Papanasam,Ammapetai,2025-09-30,,Open,10.799371,79.321433,KMS 2025-26 as on 12-07-2026,Tamil Nadu Civil Supplies Corporation
TNCSC-KMS2025-26-2105,2105,Thanjavur,Papanasam,Annappanpettai,2026-01-23,,Open,10.839719,79.205685,KMS 2025-26 as on 12-07-2026,Tamil Nadu Civil Supplies Corporation
TNCSC-KMS2025-26-2106,2106,Thanjavur,Papanasam,Arulmozhipettai,2025-09-10,,Open,10.782860,79.206552,KMS 2025-26 as on 12-07-2026,Tamil Nadu Civil Supplies Corporation
TNCSC-KMS2025-26-2107,2107,Thanjavur,Papanasam,Arumalaikottai,2025-09-24,2026-04-10,Closed,10.730485,79.253591,KMS 2025-26 as on 12-07-2026,Tamil Nadu Civil Supplies Corporation
TNCSC-KMS2025-26-2108,2108,Thanjavur,Papanasam,Arunthavapuram - 1,2025-09-26,2026-07-06,Closed,10.954613,79.396220,KMS 2025-26 as on 12-07-2026,Tamil Nadu Civil Supplies Corporation
TNCSC-KMS2025-26-2109,2109,Thanjavur,Papanasam,Athiyamnallur,2026-01-30,2026-03-13,Closed,10.996686,79.312906,KMS 2025-26 as on 12-07-2026,Tamil Nadu Civil Supplies Corporation
TNCSC-KMS2025-26-2110,2110,Thanjavur,Papanasam,Athuvanampatti,2026-01-22,,Open,10.742410,78.987810,KMS 2025-26 as on 12-07-2026,Tamil Nadu Civil Supplies Corporation
TNCSC-KMS2025-26-2111,2111,Thanjavur,Papanasam,Chikkapattu,2025-09-22,2026-07-10,Closed,10.789653,79.303176,KMS 2025-26 as on 12-07-2026,Tamil Nadu Civil Supplies Corporation
TNCSC-KMS2025-26-2112,2112,Thanjavur,Papanasam,Deebambalpuram,2025-10-05,,Open,10.803615,79.307810,KMS 2025-26 as on 12-07-2026,Tamil Nadu Civil Supplies Corporation
TNCSC-KMS2025-26-2113,2113,Thanjavur,Papanasam,Devannodai,2026-02-03,,Open,10.998843,79.304841,KMS 2025-26 as on 12-07-2026,Tamil Nadu Civil Supplies Corporation
TNCSC-KMS2025-26-2114,2114,Thanjavur,Papanasam,Devarayanpettai,2026-01-31,,Open,10.966580,79.294178,KMS 2025-26 as on 12-07-2026,Tamil Nadu Civil Supplies Corporation
TNCSC-KMS2025-26-2115,2115,Thanjavur,Papanasam,Earvadi,2026-01-19,,Open,10.836912,79.283903,KMS 2025-26 as on 12-07-2026,Tamil Nadu Civil Supplies Corporation
TNCSC-KMS2025-26-2116,2116,Thanjavur,Papanasam,Edavakkudi,2025-09-18,,Open,10.798938,79.244686,KMS 2025-26 as on 12-07-2026,Tamil Nadu Civil Supplies Corporation
TNCSC-KMS2025-26-2117,2117,Thanjavur,Papanasam,Ganapathi Agrakaram,2025-09-09,,Open,10.921118,79.194281,KMS 2025-26 as on 12-07-2026,Tamil Nadu Civil Supplies Corporation
TNCSC-KMS2025-26-2118,2118,Thanjavur,Papanasam,Ganapathipuram,2026-06-30,,Open,10.841920,79.269700,KMS 2025-26 as on 12-07-2026,Tamil Nadu Civil Supplies Corporation
TNCSC-KMS2025-26-2119,2119,Thanjavur,Papanasam,Gopurajapuram,2026-02-04,2026-03-10,Closed,10.821228,79.795668,KMS 2025-26 as on 12-07-2026,Tamil Nadu Civil Supplies Corporation
TNCSC-KMS2025-26-2120,2120,Thanjavur,Papanasam,Idaiyirruppu,2026-01-28,,Open,11.159272,79.550114,KMS 2025-26 as on 12-07-2026,Tamil Nadu Civil Supplies Corporation
TNCSC-KMS2025-26-2121,2121,Thanjavur,Papanasam,Irumbuthalai,2026-01-21,,Open,10.825704,79.268093,KMS 2025-26 as on 12-07-2026,Tamil Nadu Civil Supplies Corporation
TNCSC-KMS2025-26-2122,2122,Thanjavur,Papanasam,Kabisthalam,2025-09-12,2026-04-09,Closed,10.751966,79.298168,KMS 2025-26 as on 12-07-2026,Tamil Nadu Civil Supplies Corporation
TNCSC-KMS2025-26-2123,2123,Thanjavur,Papanasam,Kalancheri,2025-09-26,,Open,10.814151,79.268656,KMS 2025-26 as on 12-07-2026,Tamil Nadu Civil Supplies Corporation
TNCSC-KMS2025-26-2124,2124,Thanjavur,Papanasam,Kambayanatham,2025-09-09,2026-07-11,Closed,10.753816,79.294149,KMS 2025-26 as on 12-07-2026,Tamil Nadu Civil Supplies Corporation
TNCSC-KMS2025-26-2125,2125,Thanjavur,Papanasam,Kanthaavanam,2026-01-29,,Open,10.818155,79.244691,KMS 2025-26 as on 12-07-2026,Tamil Nadu Civil Supplies Corporation
TNCSC-KMS2025-26-2126,2126,Thanjavur,Papanasam,Karambai,2026-01-23,,Open,11.143795,79.538741,KMS 2025-26 as on 12-07-2026,Tamil Nadu Civil Supplies Corporation
TNCSC-KMS2025-26-2127,2127,Thanjavur,Papanasam,Katturkurichi,2026-01-27,,Open,11.149863,79.483813,KMS 2025-26 as on 12-07-2026,Tamil Nadu Civil Supplies Corporation
TNCSC-KMS2025-26-2128,2128,Thanjavur,Papanasam,Kavalur,2026-01-27,,Open,10.845000,79.222275,KMS 2025-26 as on 12-07-2026,Tamil Nadu Civil Supplies Corporation
TNCSC-KMS2025-26-2129,2129,Thanjavur,Papanasam,Keelakorukkupattu,2025-09-20,,Open,10.971096,79.445130,KMS 2025-26 as on 12-07-2026,Tamil Nadu Civil Supplies Corporation
TNCSC-KMS2025-26-2130,2130,Thanjavur,Papanasam,Keezhakovilpathu,2025-09-30,,Open,10.789640,79.303184,KMS 2025-26 as on 12-07-2026,Tamil Nadu Civil Supplies Corporation
TNCSC-KMS2025-26-2131,2131,Thanjavur,Papanasam,Km Kottai,2025-09-15,,Open,10.743450,79.337656,KMS 2025-26 as on 12-07-2026,Tamil Nadu Civil Supplies Corporation
TNCSC-KMS2025-26-2132,2132,Thanjavur,Papanasam,Kokkeri,2025-10-07,,Open,10.787648,79.320250,KMS 2025-26 as on 12-07-2026,Tamil Nadu Civil Supplies Corporation
TNCSC-KMS2025-26-2133,2133,Thanjavur,Papanasam,Koonancheri,2026-02-11,2026-03-23,Closed,10.972758,79.296695,KMS 2025-26 as on 12-07-2026,Tamil Nadu Civil Supplies Corporation
TNCSC-KMS2025-26-2134,2134,Thanjavur,Papanasam,Kothankudi,2025-09-27,,Open,11.021003,79.743625,KMS 2025-26 as on 12-07-2026,Tamil Nadu Civil Supplies Corporation
TNCSC-KMS2025-26-2135,2135,Thanjavur,Papanasam,Kovathakudi,2025-10-06,,Open,10.832151,79.234105,KMS 2025-26 as on 12-07-2026,Tamil Nadu Civil Supplies Corporation
TNCSC-KMS2025-26-2136,2136,Thanjavur,Papanasam,Kovilur,2025-09-24,,Open,10.979487,79.180915,KMS 2025-26 as on 12-07-2026,Tamil Nadu Civil Supplies Corporation
TNCSC-KMS2025-26-2137,2137,Thanjavur,Papanasam,Kundur,2026-01-22,,Open,10.826028,79.193140,KMS 2025-26 as on 12-07-2026,Tamil Nadu Civil Supplies Corporation
TNCSC-KMS2025-26-2138,2138,Thanjavur,Papanasam,Malayarnatham,2025-09-22,,Open,10.764047,79.254998,KMS 2025-26 as on 12-07-2026,Tamil Nadu Civil Supplies Corporation
TNCSC-KMS2025-26-2139,2139,Thanjavur,Papanasam,Manapadugai,2026-01-23,,Open,11.154011,79.505238,KMS 2025-26 as on 12-07-2026,Tamil Nadu Civil Supplies Corporation
TNCSC-KMS2025-26-2140,2140,Thanjavur,Papanasam,Maruthuvakkudi,2025-09-23,,Open,10.888809,79.223791,KMS 2025-26 as on 12-07-2026,Tamil Nadu Civil Supplies Corporation
TNCSC-KMS2025-26-2141,2141,Thanjavur,Papanasam,Melakalakkudi,2025-09-29,,Open,10.808060,79.211970,KMS 2025-26 as on 12-07-2026,Tamil Nadu Civil Supplies Corporation
TNCSC-KMS2025-26-2142,2142,Thanjavur,Papanasam,Melakorukkapattu,2025-09-27,,Open,10.750885,79.225553,KMS 2025-26 as on 12-07-2026,Tamil Nadu Civil Supplies Corporation
TNCSC-KMS2025-26-2143,2143,Thanjavur,Papanasam,Melasemmankudi,2026-01-29,,Open,10.855558,79.274783,KMS 2025-26 as on 12-07-2026,Tamil Nadu Civil Supplies Corporation
TNCSC-KMS2025-26-2144,2144,Thanjavur,Papanasam,Melattur,2026-01-23,,Open,10.834791,79.228176,KMS 2025-26 as on 12-07-2026,Tamil Nadu Civil Supplies Corporation
TNCSC-KMS2025-26-2145,2145,Thanjavur,Papanasam,Nadupatty,2025-09-27,,Open,10.740808,79.320936,KMS 2025-26 as on 12-07-2026,Tamil Nadu Civil Supplies Corporation
TNCSC-KMS2025-26-2146,2146,Thanjavur,Papanasam,Nagakudi,2026-02-04,,Open,10.976601,79.325251,KMS 2025-26 as on 12-07-2026,Tamil Nadu Civil Supplies Corporation
TNCSC-KMS2025-26-2147,2147,Thanjavur,Papanasam,Nagalur,2026-01-19,,Open,10.847300,79.214463,KMS 2025-26 as on 12-07-2026,Tamil Nadu Civil Supplies Corporation
TNCSC-KMS2025-26-2148,2148,Thanjavur,Papanasam,Nalla Vanniyan Kudikkadu,2025-09-28,,Open,10.766623,79.235317,KMS 2025-26 as on 12-07-2026,Tamil Nadu Civil Supplies Corporation
TNCSC-KMS2025-26-2149,2149,Thanjavur,Papanasam,Nariyanur,2025-10-29,,Open,11.152736,79.540084,KMS 2025-26 as on 12-07-2026,Tamil Nadu Civil Supplies Corporation
TNCSC-KMS2025-26-2150,2150,Thanjavur,Papanasam,Neduncherry,2026-01-27,,Open,11.168508,79.536633,KMS 2025-26 as on 12-07-2026,Tamil Nadu Civil Supplies Corporation
TNCSC-KMS2025-26-2151,2151,Thanjavur,Papanasam,Neduvasal,2025-09-30,,Open,11.042702,79.765110,KMS 2025-26 as on 12-07-2026,Tamil Nadu Civil Supplies Corporation
TNCSC-KMS2025-26-2152,2152,Thanjavur,Papanasam,Neithalur,2026-01-30,2026-03-28,Closed,11.149806,79.534945,KMS 2025-26 as on 12-07-2026,Tamil Nadu Civil Supplies Corporation
TNCSC-KMS2025-26-2153,2153,Thanjavur,Papanasam,Nellithoppu,2026-01-28,,Open,10.808980,79.227705,KMS 2025-26 as on 12-07-2026,Tamil Nadu Civil Supplies Corporation
TNCSC-KMS2025-26-2154,2154,Thanjavur,Papanasam,Nemmeli,2026-01-24,,Open,10.816918,79.251160,KMS 2025-26 as on 12-07-2026,Tamil Nadu Civil Supplies Corporation
TNCSC-KMS2025-26-2155,2155,Thanjavur,Papanasam,Olaipadi,2026-02-13,2026-03-09,Closed,10.921303,79.275170,KMS 2025-26 as on 12-07-2026,Tamil Nadu Civil Supplies Corporation
TNCSC-KMS2025-26-2156,2156,Thanjavur,Papanasam,Pallavarayanpettai,2025-10-03,2025-11-24,Closed,10.792101,79.347803,KMS 2025-26 as on 12-07-2026,Tamil Nadu Civil Supplies Corporation
TNCSC-KMS2025-26-2157,2157,Thanjavur,Papanasam,Palliyur,2025-10-12,,Open,10.811669,79.278610,KMS 2025-26 as on 12-07-2026,Tamil Nadu Civil Supplies Corporation
TNCSC-KMS2025-26-2158,2158,Thanjavur,Papanasam,Papanasam,2026-02-05,2026-03-20,Closed,10.859005,79.204887,KMS 2025-26 as on 12-07-2026,Tamil Nadu Civil Supplies Corporation
TNCSC-KMS2025-26-2159,2159,Thanjavur,Papanasam,Pasupathikoil 1,2025-09-06,2026-04-20,Closed,10.883667,79.182518,KMS 2025-26 as on 12-07-2026,Tamil Nadu Civil Supplies Corporation
TNCSC-KMS2025-26-2160,2160,Thanjavur,Papanasam,Pathirimedu,2026-02-04,,Open,10.986810,79.310965,KMS 2025-26 as on 12-07-2026,Tamil Nadu Civil Supplies Corporation
TNCSC-KMS2025-26-2161,2161,Thanjavur,Papanasam,Pattavarthy,2026-02-05,,Open,10.981303,79.291901,KMS 2025-26 as on 12-07-2026,Tamil Nadu Civil Supplies Corporation
TNCSC-KMS2025-26-2162,2162,Thanjavur,Papanasam,Perumakkanallur,2026-01-29,2026-03-14,Closed,10.840251,79.187895,KMS 2025-26 as on 12-07-2026,Tamil Nadu Civil Supplies Corporation
TNCSC-KMS2025-26-2163,2163,Thanjavur,Papanasam,Ponthiyakulam,2026-01-28,,Open,10.834081,79.212458,KMS 2025-26 as on 12-07-2026,Tamil Nadu Civil Supplies Corporation
TNCSC-KMS2025-26-2164,2164,Thanjavur,Papanasam,Poondi - 1,2025-10-15,,Open,11.434179,79.395852,KMS 2025-26 as on 12-07-2026,Tamil Nadu Civil Supplies Corporation
TNCSC-KMS2025-26-2165,2165,Thanjavur,Papanasam,Pulavarnatham,2026-02-03,,Open,10.791407,79.217169,KMS 2025-26 as on 12-07-2026,Tamil Nadu Civil Supplies Corporation
TNCSC-KMS2025-26-2166,2166,Thanjavur,Papanasam,Puliyakkudi - 1,2025-09-23,,Open,10.476903,79.471215,KMS 2025-26 as on 12-07-2026,Tamil Nadu Civil Supplies Corporation
TNCSC-KMS2025-26-2167,2167,Thanjavur,Papanasam,Purasakudi,2026-02-04,2026-03-20,Closed,10.857690,79.249205,KMS 2025-26 as on 12-07-2026,Tamil Nadu Civil Supplies Corporation
TNCSC-KMS2025-26-2168,2168,Thanjavur,Papanasam,Purasankadu,2026-01-30,2026-03-12,Closed,10.857357,79.241388,KMS 2025-26 as on 12-07-2026,Tamil Nadu Civil Supplies Corporation
TNCSC-KMS2025-26-2169,2169,Thanjavur,Papanasam,Puthur,2025-09-24,,Open,11.294178,79.716628,KMS 2025-26 as on 12-07-2026,Tamil Nadu Civil Supplies Corporation
TNCSC-KMS2025-26-2170,2170,Thanjavur,Papanasam,Rajagiri,2026-01-29,2026-04-04,Closed,10.918238,79.251598,KMS 2025-26 as on 12-07-2026,Tamil Nadu Civil Supplies Corporation
TNCSC-KMS2025-26-2171,2171,Thanjavur,Papanasam,Raramuthirakkottai,2025-09-21,,Open,10.770458,79.216220,KMS 2025-26 as on 12-07-2026,Tamil Nadu Civil Supplies Corporation
TNCSC-KMS2025-26-2172,2172,Thanjavur,Papanasam,Regunathapuram,2026-01-23,,Open,10.560780,79.126213,KMS 2025-26 as on 12-07-2026,Tamil Nadu Civil Supplies Corporation
TNCSC-KMS2025-26-2173,2173,Thanjavur,Papanasam,Saliyamangalam,2025-10-04,,Open,10.782053,79.271210,KMS 2025-26 as on 12-07-2026,Tamil Nadu Civil Supplies Corporation
TNCSC-KMS2025-26-2174,2174,Thanjavur,Papanasam,Senbagapuram,2025-09-25,,Open,10.742785,79.237728,KMS 2025-26 as on 12-07-2026,Tamil Nadu Civil Supplies Corporation
TNCSC-KMS2025-26-2175,2175,Thanjavur,Papanasam,Serbojirajapuram,2026-02-06,2026-03-13,Closed,10.909540,79.217588,KMS 2025-26 as on 12-07-2026,Tamil Nadu Civil Supplies Corporation
TNCSC-KMS2025-26-2176,2176,Thanjavur,Papanasam,Serumakkanallur,2026-02-13,2026-03-16,Closed,10.855334,79.270897,KMS 2025-26 as on 12-07-2026,Tamil Nadu Civil Supplies Corporation
TNCSC-KMS2025-26-2177,2177,Thanjavur,Papanasam,Shermanallur,2025-10-07,,Open,10.802455,79.357803,KMS 2025-26 as on 12-07-2026,Tamil Nadu Civil Supplies Corporation
TNCSC-KMS2025-26-2178,2178,Thanjavur,Papanasam,Someshwarapuram,2025-09-24,2026-04-28,Closed,10.915391,79.158908,KMS 2025-26 as on 12-07-2026,Tamil Nadu Civil Supplies Corporation
TNCSC-KMS2025-26-2179,2179,Thanjavur,Papanasam,Sooliyakottai - Kambarnatham,2025-09-25,,Open,10.762106,79.290030,KMS 2025-26 as on 12-07-2026,Tamil Nadu Civil Supplies Corporation
TNCSC-KMS2025-26-2180,2180,Thanjavur,Papanasam,Sulamangalam 1St Sethi,2025-09-05,2026-03-26,Closed,10.852394,79.286294,KMS 2025-26 as on 12-07-2026,Tamil Nadu Civil Supplies Corporation
TNCSC-KMS2025-26-2181,2181,Thanjavur,Papanasam,Thalavapalayam,2025-09-15,,Open,10.769006,79.184400,KMS 2025-26 as on 12-07-2026,Tamil Nadu Civil Supplies Corporation
TNCSC-KMS2025-26-2182,2182,Thanjavur,Papanasam,Thirukkarukavur,2026-01-22,,Open,10.753765,79.294316,KMS 2025-26 as on 12-07-2026,Tamil Nadu Civil Supplies Corporation
TNCSC-KMS2025-26-2183,2183,Thanjavur,Papanasam,Thirumandankudi,2026-02-08,2026-03-23,Closed,10.890149,79.271718,KMS 2025-26 as on 12-07-2026,Tamil Nadu Civil Supplies Corporation
TNCSC-KMS2025-26-2184,2184,Thanjavur,Papanasam,Thirunairuppu,2026-02-22,2026-03-23,Closed,10.744819,79.226232,KMS 2025-26 as on 12-07-2026,Tamil Nadu Civil Supplies Corporation
TNCSC-KMS2025-26-2185,2185,Thanjavur,Papanasam,Thirupuvanam,2025-09-22,,Open,10.786403,79.119500,KMS 2025-26 as on 12-07-2026,Tamil Nadu Civil Supplies Corporation
TNCSC-KMS2025-26-2186,2186,Thanjavur,Papanasam,Thiruvaikavur,2026-01-23,2026-04-08,Closed,10.892543,79.212138,KMS 2025-26 as on 12-07-2026,Tamil Nadu Civil Supplies Corporation
TNCSC-KMS2025-26-2187,2187,Thanjavur,Papanasam,Thoppu Theru New,2025-10-04,,Open,10.751368,79.316285,KMS 2025-26 as on 12-07-2026,Tamil Nadu Civil Supplies Corporation
TNCSC-KMS2025-26-2188,2188,Thanjavur,Papanasam,Thurumbur,2026-01-31,,Open,10.989025,79.310527,KMS 2025-26 as on 12-07-2026,Tamil Nadu Civil Supplies Corporation
TNCSC-KMS2025-26-2189,2189,Thanjavur,Papanasam,Ukkadai,2025-09-25,,Open,10.803058,79.349685,KMS 2025-26 as on 12-07-2026,Tamil Nadu Civil Supplies Corporation
TNCSC-KMS2025-26-2190,2190,Thanjavur,Papanasam,Umayalpuram - 1,2026-01-29,,Open,10.950142,79.284651,KMS 2025-26 as on 12-07-2026,Tamil Nadu Civil Supplies Corporation
TNCSC-KMS2025-26-2191,2191,Thanjavur,Papanasam,Uthamarkudi,2025-09-18,,Open,10.752461,79.329128,KMS 2025-26 as on 12-07-2026,Tamil Nadu Civil Supplies Corporation
TNCSC-KMS2025-26-2192,2192,Thanjavur,Papanasam,Vadakkumangudi,2026-01-22,2026-03-13,Closed,11.339580,79.699183,KMS 2025-26 as on 12-07-2026,Tamil Nadu Civil Supplies Corporation
TNCSC-KMS2025-26-2193,2193,Thanjavur,Papanasam,Vadasarukkai,2026-02-03,2026-03-24,Closed,10.950822,79.239589,KMS 2025-26 as on 12-07-2026,Tamil Nadu Civil Supplies Corporation
TNCSC-KMS2025-26-2194,2194,Thanjavur,Papanasam,Vaiyacheri,2025-09-08,2026-04-13,Closed,10.952796,79.321815,KMS 2025-26 as on 12-07-2026,Tamil Nadu Civil Supplies Corporation
TNCSC-KMS2025-26-2195,2195,Thanjavur,Papanasam,Valathamangalam,2026-01-22,,Open,10.766485,79.100682,KMS 2025-26 as on 12-07-2026,Tamil Nadu Civil Supplies Corporation
TNCSC-KMS2025-26-2196,2196,Thanjavur,Papanasam,Vazhkkai,2026-02-02,2026-03-14,Closed,10.892543,79.212138,KMS 2025-26 as on 12-07-2026,Tamil Nadu Civil Supplies Corporation
TNCSC-KMS2025-26-2197,2197,Thanjavur,Papanasam,Veppankulam,2026-01-23,,Open,10.833090,79.222503,KMS 2025-26 as on 12-07-2026,Tamil Nadu Civil Supplies Corporation
TNCSC-KMS2025-26-2198,2198,Thanjavur,Papanasam,Viluthiyur,2025-10-14,,Open,11.146166,79.533657,KMS 2025-26 as on 12-07-2026,Tamil Nadu Civil Supplies Corporation
TNCSC-KMS2025-26-2199,2199,Thanjavur,Pattukottai,Alivalam,2025-09-08,,Open,10.413555,79.268922,KMS 2025-26 as on 12-07-2026,Tamil Nadu Civil Supplies Corporation
TNCSC-KMS2025-26-2200,2200,Thanjavur,Pattukottai,Anaikkadu,2026-02-04,2026-04-04,Closed,10.405711,79.349503,KMS 2025-26 as on 12-07-2026,Tamil Nadu Civil Supplies Corporation
TNCSC-KMS2025-26-2201,2201,Thanjavur,Pattukottai,Athambai,2026-01-23,,Open,10.459859,79.253574,KMS 2025-26 as on 12-07-2026,Tamil Nadu Civil Supplies Corporation
TNCSC-KMS2025-26-2202,2202,Thanjavur,Pattukottai,Athivetti,2026-01-22,2026-03-15,Closed,10.417720,79.426572,KMS 2025-26 as on 12-07-2026,Tamil Nadu Civil Supplies Corporation
TNCSC-KMS2025-26-2203,2203,Thanjavur,Pattukottai,Chithukadu,2026-01-31,,Open,10.349693,79.183108,KMS 2025-26 as on 12-07-2026,Tamil Nadu Civil Supplies Corporation
TNCSC-KMS2025-26-2204,2204,Thanjavur,Pattukottai,Chokkanathapuram,2026-01-29,2026-04-13,Closed,10.343752,79.290875,KMS 2025-26 as on 12-07-2026,Tamil Nadu Civil Supplies Corporation
TNCSC-KMS2025-26-2205,2205,Thanjavur,Pattukottai,Chokkanavur,2025-09-18,2026-04-27,Closed,10.481782,79.471056,KMS 2025-26 as on 12-07-2026,Tamil Nadu Civil Supplies Corporation
TNCSC-KMS2025-26-2206,2206,Thanjavur,Pattukottai,Enathi,2026-02-14,2026-03-20,Closed,9.841616,78.307723,KMS 2025-26 as on 12-07-2026,Tamil Nadu Civil Supplies Corporation
TNCSC-KMS2025-26-2207,2207,Thanjavur,Pattukottai,Kadanthankudi,2026-06-27,,Open,10.461825,79.440929,KMS 2025-26 as on 12-07-2026,Tamil Nadu Civil Supplies Corporation
TNCSC-KMS2025-26-2208,2208,Thanjavur,Pattukottai,Kalathur,2026-01-27,2026-03-11,Closed,12.873233,79.540062,KMS 2025-26 as on 12-07-2026,Tamil Nadu Civil Supplies Corporation
TNCSC-KMS2025-26-2209,2209,Thanjavur,Pattukottai,Kamukapulikkadu,2026-02-09,2026-04-11,Closed,10.403764,79.291853,KMS 2025-26 as on 12-07-2026,Tamil Nadu Civil Supplies Corporation
TNCSC-KMS2025-26-2210,2210,Thanjavur,Pattukottai,Kanniyakurichi,2025-09-23,,Open,10.505791,79.456890,KMS 2025-26 as on 12-07-2026,Tamil Nadu Civil Supplies Corporation
TNCSC-KMS2025-26-2211,2211,Thanjavur,Pattukottai,Karambiam,2026-02-19,2026-03-12,Closed,10.495472,79.289334,KMS 2025-26 as on 12-07-2026,Tamil Nadu Civil Supplies Corporation
TNCSC-KMS2025-26-2212,2212,Thanjavur,Pattukottai,Karkavayal,2025-09-06,2026-04-15,Closed,10.365584,79.308725,KMS 2025-26 as on 12-07-2026,Tamil Nadu Civil Supplies Corporation
TNCSC-KMS2025-26-2213,2213,Thanjavur,Pattukottai,Karuppur,2026-01-27,,Open,11.319225,79.677820,KMS 2025-26 as on 12-07-2026,Tamil Nadu Civil Supplies Corporation
TNCSC-KMS2025-26-2214,2214,Thanjavur,Pattukottai,Kattayankadu,2026-01-23,,Open,10.358806,79.268691,KMS 2025-26 as on 12-07-2026,Tamil Nadu Civil Supplies Corporation
TNCSC-KMS2025-26-2215,2215,Thanjavur,Pattukottai,Kayavur,2026-01-19,,Open,10.424589,79.229216,KMS 2025-26 as on 12-07-2026,Tamil Nadu Civil Supplies Corporation
TNCSC-KMS2025-26-2216,2216,Thanjavur,Pattukottai,Keelakurichi East,2025-09-26,,Open,10.540014,79.418344,KMS 2025-26 as on 12-07-2026,Tamil Nadu Civil Supplies Corporation
TNCSC-KMS2025-26-2217,2217,Thanjavur,Pattukottai,Keelakurichi West,2025-10-03,,Open,10.551976,79.392305,KMS 2025-26 as on 12-07-2026,Tamil Nadu Civil Supplies Corporation
TNCSC-KMS2025-26-2218,2218,Thanjavur,Pattukottai,Kondikulam,2025-09-07,,Open,10.423920,79.276327,KMS 2025-26 as on 12-07-2026,Tamil Nadu Civil Supplies Corporation
TNCSC-KMS2025-26-2219,2219,Thanjavur,Pattukottai,Kurichi Pkt,2026-01-30,,Open,10.391835,79.242328,KMS 2025-26 as on 12-07-2026,Tamil Nadu Civil Supplies Corporation
TNCSC-KMS2025-26-2220,2220,Thanjavur,Pattukottai,Kuruvikarambai,2026-02-22,2026-03-31,Closed,10.282442,79.251699,KMS 2025-26 as on 12-07-2026,Tamil Nadu Civil Supplies Corporation
TNCSC-KMS2025-26-2221,2221,Thanjavur,Pattukottai,Madukkur,2025-09-25,,Open,10.499154,79.400026,KMS 2025-26 as on 12-07-2026,Tamil Nadu Civil Supplies Corporation
TNCSC-KMS2025-26-2222,2222,Thanjavur,Pattukottai,Maruthangavayal,2026-01-28,2026-04-02,Closed,10.316926,79.332656,KMS 2025-26 as on 12-07-2026,Tamil Nadu Civil Supplies Corporation
TNCSC-KMS2025-26-2223,2223,Thanjavur,Pattukottai,Naduvikkottai,2025-09-08,2026-04-10,Closed,10.435854,79.262523,KMS 2025-26 as on 12-07-2026,Tamil Nadu Civil Supplies Corporation
TNCSC-KMS2025-26-2224,2224,Thanjavur,Pattukottai,Nainankulam,2026-03-04,2026-04-11,Closed,10.646510,79.339150,KMS 2025-26 as on 12-07-2026,Tamil Nadu Civil Supplies Corporation
TNCSC-KMS2025-26-2225,2225,Thanjavur,Pattukottai,Nambivayal,2026-01-24,,Open,10.484808,79.247052,KMS 2025-26 as on 12-07-2026,Tamil Nadu Civil Supplies Corporation
TNCSC-KMS2025-26-2226,2226,Thanjavur,Pattukottai,Nattusaalai,2026-01-24,,Open,10.445190,79.352364,KMS 2025-26 as on 12-07-2026,Tamil Nadu Civil Supplies Corporation
TNCSC-KMS2025-26-2227,2227,Thanjavur,Pattukottai,Olaiyakkunnam,2026-01-14,,Open,10.511298,79.433076,KMS 2025-26 as on 12-07-2026,Tamil Nadu Civil Supplies Corporation
TNCSC-KMS2025-26-2228,2228,Thanjavur,Pattukottai,Ottankadu,2026-01-30,,Open,10.347528,79.249194,KMS 2025-26 as on 12-07-2026,Tamil Nadu Civil Supplies Corporation
TNCSC-KMS2025-26-2229,2229,Thanjavur,Pattukottai,Paalathali,2026-02-03,,Open,10.387230,79.262857,KMS 2025-26 as on 12-07-2026,Tamil Nadu Civil Supplies Corporation
TNCSC-KMS2025-26-2230,2230,Thanjavur,Pattukottai,Pallathur,2026-01-22,,Open,10.328095,79.307839,KMS 2025-26 as on 12-07-2026,Tamil Nadu Civil Supplies Corporation
TNCSC-KMS2025-26-2231,2231,Thanjavur,Pattukottai,Pannavayal,2026-01-23,2026-03-31,Closed,10.383571,79.293874,KMS 2025-26 as on 12-07-2026,Tamil Nadu Civil Supplies Corporation
TNCSC-KMS2025-26-2232,2232,Thanjavur,Pattukottai,Pathirankottai North,2026-01-07,,Open,10.464967,79.221498,KMS 2025-26 as on 12-07-2026,Tamil Nadu Civil Supplies Corporation
TNCSC-KMS2025-26-2233,2233,Thanjavur,Pattukottai,Pattukkottai,2025-09-15,,Open,10.425554,79.328255,KMS 2025-26 as on 12-07-2026,Tamil Nadu Civil Supplies Corporation
TNCSC-KMS2025-26-2234,2234,Thanjavur,Pattukottai,Periyakkottai,2026-01-27,,Open,10.484499,79.440192,KMS 2025-26 as on 12-07-2026,Tamil Nadu Civil Supplies Corporation
TNCSC-KMS2025-26-2235,2235,Thanjavur,Pattukottai,Pookollai,2026-02-09,2026-04-10,Closed,10.279928,79.222783,KMS 2025-26 as on 12-07-2026,Tamil Nadu Civil Supplies Corporation
TNCSC-KMS2025-26-2236,2236,Thanjavur,Pattukottai,Poovalur,2026-01-08,,Open,10.409650,79.218148,KMS 2025-26 as on 12-07-2026,Tamil Nadu Civil Supplies Corporation
TNCSC-KMS2025-26-2237,2237,Thanjavur,Pattukottai,Poovanam,2026-02-23,2026-04-04,Closed,10.857610,79.141120,KMS 2025-26 as on 12-07-2026,Tamil Nadu Civil Supplies Corporation
TNCSC-KMS2025-26-2238,2238,Thanjavur,Pattukottai,Pudukkottai Ullur,2025-09-03,,Open,10.379516,79.366404,KMS 2025-26 as on 12-07-2026,Tamil Nadu Civil Supplies Corporation
TNCSC-KMS2025-26-2239,2239,Thanjavur,Pattukottai,Puliyakkudi,2025-09-26,2026-04-29,Closed,10.476903,79.471215,KMS 2025-26 as on 12-07-2026,Tamil Nadu Civil Supplies Corporation
TNCSC-KMS2025-26-2240,2240,Thanjavur,Pattukottai,Punalvasal,2026-01-23,2026-03-20,Closed,10.366572,79.220771,KMS 2025-26 as on 12-07-2026,Tamil Nadu Civil Supplies Corporation
TNCSC-KMS2025-26-2241,2241,Thanjavur,Pattukottai,Rajamadam,2026-01-22,2026-03-23,Closed,10.318655,79.353388,KMS 2025-26 as on 12-07-2026,Tamil Nadu Civil Supplies Corporation
TNCSC-KMS2025-26-2242,2242,Thanjavur,Pattukottai,Rendampulikkadu,2026-01-28,2026-04-04,Closed,10.302430,79.302906,KMS 2025-26 as on 12-07-2026,Tamil Nadu Civil Supplies Corporation
TNCSC-KMS2025-26-2243,2243,Thanjavur,Pattukottai,Sendaakottai,2026-01-29,2026-04-15,Closed,10.355409,79.344088,KMS 2025-26 as on 12-07-2026,Tamil Nadu Civil Supplies Corporation
TNCSC-KMS2025-26-2244,2244,Thanjavur,Pattukottai,Sentankkadu,2026-01-24,,Open,10.467930,79.333692,KMS 2025-26 as on 12-07-2026,Tamil Nadu Civil Supplies Corporation
TNCSC-KMS2025-26-2245,2245,Thanjavur,Pattukottai,Seruvaviduthi North,2026-01-21,,Open,10.379818,79.175395,KMS 2025-26 as on 12-07-2026,Tamil Nadu Civil Supplies Corporation
TNCSC-KMS2025-26-2246,2246,Thanjavur,Pattukottai,Seruvaviduthi South,2026-01-27,,Open,10.357523,79.176557,KMS 2025-26 as on 12-07-2026,Tamil Nadu Civil Supplies Corporation
TNCSC-KMS2025-26-2247,2247,Thanjavur,Pattukottai,Siramelkudi,2025-09-23,,Open,10.440339,79.450839,KMS 2025-26 as on 12-07-2026,Tamil Nadu Civil Supplies Corporation
TNCSC-KMS2025-26-2248,2248,Thanjavur,Pattukottai,Sundaram,2026-01-22,2026-03-11,Closed,10.385057,79.459708,KMS 2025-26 as on 12-07-2026,Tamil Nadu Civil Supplies Corporation
TNCSC-KMS2025-26-2249,2249,Thanjavur,Pattukottai,Thamarankottai North,2026-01-24,,Open,10.398370,79.399485,KMS 2025-26 as on 12-07-2026,Tamil Nadu Civil Supplies Corporation
TNCSC-KMS2025-26-2250,2250,Thanjavur,Pattukottai,Thambikkottai Melakkadu,2026-01-22,,Open,10.380047,79.445658,KMS 2025-26 as on 12-07-2026,Tamil Nadu Civil Supplies Corporation
TNCSC-KMS2025-26-2251,2251,Thanjavur,Pattukottai,Thiruchitrambalam East,2026-01-22,,Open,10.356348,79.203404,KMS 2025-26 as on 12-07-2026,Tamil Nadu Civil Supplies Corporation
TNCSC-KMS2025-26-2252,2252,Thanjavur,Pattukottai,Thittakkudi,2026-02-06,,Open,10.480005,79.324526,KMS 2025-26 as on 12-07-2026,Tamil Nadu Civil Supplies Corporation
TNCSC-KMS2025-26-2253,2253,Thanjavur,Pattukottai,Thuvarankurichi,2026-01-29,,Open,10.398554,79.378970,KMS 2025-26 as on 12-07-2026,Tamil Nadu Civil Supplies Corporation
TNCSC-KMS2025-26-2254,2254,Thanjavur,Pattukottai,Vazhuthalai Vattam,2026-06-24,,Open,10.399338,79.198282,KMS 2025-26 as on 12-07-2026,Tamil Nadu Civil Supplies Corporation
TNCSC-KMS2025-26-2255,2255,Thanjavur,Pattukottai,Veppankulam,2026-02-02,2026-03-27,Closed,10.833090,79.222503,KMS 2025-26 as on 12-07-2026,Tamil Nadu Civil Supplies Corporation
TNCSC-KMS2025-26-2256,2256,Thanjavur,Pattukottai,Vikramam,2026-01-13,,Open,10.473613,79.417676,KMS 2025-26 as on 12-07-2026,Tamil Nadu Civil Supplies Corporation
TNCSC-KMS2025-26-2257,2257,Thanjavur,Pattukottai,Vudaiyanadu,2026-02-02,2026-04-17,Closed,10.245049,79.250145,KMS 2025-26 as on 12-07-2026,Tamil Nadu Civil Supplies Corporation
TNCSC-KMS2025-26-2258,2258,Thanjavur,Peravurani,Aathanur,2026-02-23,2026-04-08,Closed,10.268085,79.187513,KMS 2025-26 as on 12-07-2026,Tamil Nadu Civil Supplies Corporation
TNCSC-KMS2025-26-2259,2259,Thanjavur,Peravurani,Aavanam,2026-01-21,,Open,10.332157,79.143876,KMS 2025-26 as on 12-07-2026,Tamil Nadu Civil Supplies Corporation
TNCSC-KMS2025-26-2260,2260,Thanjavur,Peravurani,Ammaiyandi,2026-01-22,,Open,10.305316,79.156855,KMS 2025-26 as on 12-07-2026,Tamil Nadu Civil Supplies Corporation
TNCSC-KMS2025-26-2261,2261,Thanjavur,Peravurani,Kaalakam - 1,2026-02-02,2026-03-23,Closed,10.324526,79.236151,KMS 2025-26 as on 12-07-2026,Tamil Nadu Civil Supplies Corporation
TNCSC-KMS2025-26-2262,2262,Thanjavur,Peravurani,Kalyanaramanathapuram,2026-02-08,2026-04-18,Closed,10.171586,79.180862,KMS 2025-26 as on 12-07-2026,Tamil Nadu Civil Supplies Corporation
TNCSC-KMS2025-26-2263,2263,Thanjavur,Peravurani,Kolakkudi,2026-01-30,,Open,10.200410,79.167385,KMS 2025-26 as on 12-07-2026,Tamil Nadu Civil Supplies Corporation
TNCSC-KMS2025-26-2264,2264,Thanjavur,Peravurani,Manakkadu,2026-01-24,2026-04-09,Closed,10.220982,79.169727,KMS 2025-26 as on 12-07-2026,Tamil Nadu Civil Supplies Corporation
TNCSC-KMS2025-26-2265,2265,Thanjavur,Peravurani,Mavadukurichi,2026-01-27,,Open,10.312821,79.183950,KMS 2025-26 as on 12-07-2026,Tamil Nadu Civil Supplies Corporation
TNCSC-KMS2025-26-2266,2266,Thanjavur,Peravurani,Mudachikadu,2025-09-10,,Open,10.258527,79.222359,KMS 2025-26 as on 12-07-2026,Tamil Nadu Civil Supplies Corporation
TNCSC-KMS2025-26-2267,2267,Thanjavur,Peravurani,Mudhukadu,2026-02-09,2026-03-26,Closed,10.184141,79.165318,KMS 2025-26 as on 12-07-2026,Tamil Nadu Civil Supplies Corporation
TNCSC-KMS2025-26-2268,2268,Thanjavur,Peravurani,Nadiam,2026-03-04,2026-04-28,Closed,10.273695,79.272984,KMS 2025-26 as on 12-07-2026,Tamil Nadu Civil Supplies Corporation
TNCSC-KMS2025-26-2269,2269,Thanjavur,Peravurani,Paingal,2026-01-21,2026-03-27,Closed,10.282814,79.141414,KMS 2025-26 as on 12-07-2026,Tamil Nadu Civil Supplies Corporation
TNCSC-KMS2025-26-2270,2270,Thanjavur,Peravurani,Palukkadu,2026-02-03,2026-04-06,Closed,10.212422,79.211353,KMS 2025-26 as on 12-07-2026,Tamil Nadu Civil Supplies Corporation
TNCSC-KMS2025-26-2271,2271,Thanjavur,Peravurani,Pazhaiya Peravurani,2026-02-02,,Open,10.279416,79.184224,KMS 2025-26 as on 12-07-2026,Tamil Nadu Civil Supplies Corporation
TNCSC-KMS2025-26-2272,2272,Thanjavur,Peravurani,Pearavurani,2025-09-08,,Open,10.300531,79.213398,KMS 2025-26 as on 12-07-2026,Tamil Nadu Civil Supplies Corporation
TNCSC-KMS2025-26-2273,2273,Thanjavur,Peravurani,Perumagalur,2025-09-07,,Open,10.181283,79.198204,KMS 2025-26 as on 12-07-2026,Tamil Nadu Civil Supplies Corporation
TNCSC-KMS2025-26-2274,2274,Thanjavur,Peravurani,Renganayakipuram,2026-02-02,,Open,10.297474,79.171020,KMS 2025-26 as on 12-07-2026,Tamil Nadu Civil Supplies Corporation
TNCSC-KMS2025-26-2275,2275,Thanjavur,Peravurani,Rettavayal,2025-09-07,2026-03-31,Closed,10.213519,79.185825,KMS 2025-26 as on 12-07-2026,Tamil Nadu Civil Supplies Corporation
TNCSC-KMS2025-26-2276,2276,Thanjavur,Peravurani,Sithathikkadu,2026-02-07,2026-04-03,Closed,10.334656,79.191380,KMS 2025-26 as on 12-07-2026,Tamil Nadu Civil Supplies Corporation
TNCSC-KMS2025-26-2277,2277,Thanjavur,Peravurani,Solaikkadu,2026-02-08,2026-04-11,Closed,10.216898,79.194177,KMS 2025-26 as on 12-07-2026,Tamil Nadu Civil Supplies Corporation
TNCSC-KMS2025-26-2278,2278,Thanjavur,Peravurani,Sornakkadu,2026-01-23,,Open,10.249191,79.131281,KMS 2025-26 as on 12-07-2026,Tamil Nadu Civil Supplies Corporation
TNCSC-KMS2025-26-2279,2279,Thanjavur,Peravurani,Thiruvathevan,2026-01-29,2026-04-06,Closed,10.174672,79.295200,KMS 2025-26 as on 12-07-2026,Tamil Nadu Civil Supplies Corporation
TNCSC-KMS2025-26-2280,2280,Thanjavur,Peravurani,Vathalaikadu,2026-02-24,2026-04-06,Closed,10.287540,79.229804,KMS 2025-26 as on 12-07-2026,Tamil Nadu Civil Supplies Corporation
TNCSC-KMS2025-26-2281,2281,Thanjavur,Peravurani,Vilankulam,2026-02-14,2026-04-10,Closed,10.198814,79.231516,KMS 2025-26 as on 12-07-2026,Tamil Nadu Civil Supplies Corporation
TNCSC-KMS2025-26-2282,2282,Thanjavur,Peravurani,Vumathanadu,2026-02-04,2026-04-11,Closed,10.236055,79.235505,KMS 2025-26 as on 12-07-2026,Tamil Nadu Civil Supplies Corporation
TNCSC-KMS2025-26-2283,2283,Thanjavur,Thanjavur,Aalakkudi Chief,2025-10-05,2026-04-11,Closed,10.771782,79.052954,KMS 2025-26 as on 12-07-2026,Tamil Nadu Civil Supplies Corporation
TNCSC-KMS2025-26-2284,2284,Thanjavur,Thanjavur,Arputhapuram,2025-09-30,,Open,11.056087,79.435129,KMS 2025-26 as on 12-07-2026,Tamil Nadu Civil Supplies Corporation
TNCSC-KMS2025-26-2285,2285,Thanjavur,Thanjavur,Chakkarasamantham,2025-10-11,2026-04-13,Closed,10.807917,79.094391,KMS 2025-26 as on 12-07-2026,Tamil Nadu Civil Supplies Corporation
TNCSC-KMS2025-26-2286,2286,Thanjavur,Thanjavur,Chithaayal,2025-09-24,2026-04-20,Closed,10.801044,79.001006,KMS 2025-26 as on 12-07-2026,Tamil Nadu Civil Supplies Corporation
TNCSC-KMS2025-26-2287,2287,Thanjavur,Thanjavur,K V Thidal,2025-09-08,2026-04-06,Closed,10.845879,79.199448,KMS 2025-26 as on 12-07-2026,Tamil Nadu Civil Supplies Corporation
TNCSC-KMS2025-26-2288,2288,Thanjavur,Thanjavur,Kadakadabai,2026-01-31,,Open,10.800470,79.186800,KMS 2025-26 as on 12-07-2026,Tamil Nadu Civil Supplies Corporation
TNCSC-KMS2025-26-2289,2289,Thanjavur,Thanjavur,Kalimedu,2025-10-10,2026-04-15,Closed,10.797415,79.112248,KMS 2025-26 as on 12-07-2026,Tamil Nadu Civil Supplies Corporation
TNCSC-KMS2025-26-2290,2290,Thanjavur,Thanjavur,Kallaperambur,2025-09-22,2026-04-15,Closed,10.812069,79.046437,KMS 2025-26 as on 12-07-2026,Tamil Nadu Civil Supplies Corporation
TNCSC-KMS2025-26-2291,2291,Thanjavur,Thanjavur,Kandithapattu,2025-09-09,2026-07-08,Closed,11.072306,79.463777,KMS 2025-26 as on 12-07-2026,Tamil Nadu Civil Supplies Corporation
TNCSC-KMS2025-26-2292,2292,Thanjavur,Thanjavur,Karanthai,2025-09-16,2026-04-21,Closed,10.803394,79.134456,KMS 2025-26 as on 12-07-2026,Tamil Nadu Civil Supplies Corporation
TNCSC-KMS2025-26-2293,2293,Thanjavur,Thanjavur,Kasanadu Pudur,2025-09-24,,Open,11.066720,79.517465,KMS 2025-26 as on 12-07-2026,Tamil Nadu Civil Supplies Corporation
TNCSC-KMS2025-26-2294,2294,Thanjavur,Thanjavur,Kattukurichi,2025-09-22,,Open,11.070453,79.534445,KMS 2025-26 as on 12-07-2026,Tamil Nadu Civil Supplies Corporation
TNCSC-KMS2025-26-2295,2295,Thanjavur,Thanjavur,Kattur,2025-09-18,,Open,11.074915,79.499931,KMS 2025-26 as on 12-07-2026,Tamil Nadu Civil Supplies Corporation
TNCSC-KMS2025-26-2296,2296,Thanjavur,Thanjavur,Kodikallur,2026-02-16,2026-03-24,Closed,10.799747,79.158172,KMS 2025-26 as on 12-07-2026,Tamil Nadu Civil Supplies Corporation
TNCSC-KMS2025-26-2297,2297,Thanjavur,Thanjavur,Kollankarai,2025-09-05,,Open,11.071520,79.434598,KMS 2025-26 as on 12-07-2026,Tamil Nadu Civil Supplies Corporation
TNCSC-KMS2025-26-2298,2298,Thanjavur,Thanjavur,Kudalur,2025-09-03,2026-03-26,Closed,10.811388,79.167984,KMS 2025-26 as on 12-07-2026,Tamil Nadu Civil Supplies Corporation
TNCSC-KMS2025-26-2299,2299,Thanjavur,Thanjavur,Kulamangalam Tnj,2025-09-05,2026-03-30,Closed,10.819654,79.157713,KMS 2025-26 as on 12-07-2026,Tamil Nadu Civil Supplies Corporation
TNCSC-KMS2025-26-2300,2300,Thanjavur,Thanjavur,Kulichappattu,2025-09-18,,Open,11.077735,79.486846,KMS 2025-26 as on 12-07-2026,Tamil Nadu Civil Supplies Corporation
TNCSC-KMS2025-26-2301,2301,Thanjavur,Thanjavur,Kurungalur,2026-01-27,,Open,10.809425,79.177362,KMS 2025-26 as on 12-07-2026,Tamil Nadu Civil Supplies Corporation
TNCSC-KMS2025-26-2302,2302,Thanjavur,Thanjavur,Kurunkulam,2025-09-18,2026-03-12,Closed,10.656175,79.097977,KMS 2025-26 as on 12-07-2026,Tamil Nadu Civil Supplies Corporation
TNCSC-KMS2025-26-2303,2303,Thanjavur,Thanjavur,Kurunkulam West,2025-09-19,,Open,11.054165,79.471685,KMS 2025-26 as on 12-07-2026,Tamil Nadu Civil Supplies Corporation
TNCSC-KMS2025-26-2304,2304,Thanjavur,Thanjavur,Kuruvadipatti,2025-10-09,2026-04-18,Closed,10.756411,79.047026,KMS 2025-26 as on 12-07-2026,Tamil Nadu Civil Supplies Corporation
TNCSC-KMS2025-26-2305,2305,Thanjavur,Thanjavur,Madikai,2025-09-25,,Open,11.071796,79.464526,KMS 2025-26 as on 12-07-2026,Tamil Nadu Civil Supplies Corporation
TNCSC-KMS2025-26-2306,2306,Thanjavur,Thanjavur,Manankorai,2025-09-05,2026-04-10,Closed,10.862780,79.155391,KMS 2025-26 as on 12-07-2026,Tamil Nadu Civil Supplies Corporation
TNCSC-KMS2025-26-2307,2307,Thanjavur,Thanjavur,Manojipatti,2025-10-16,2026-05-05,Closed,10.764594,79.097780,KMS 2025-26 as on 12-07-2026,Tamil Nadu Civil Supplies Corporation
TNCSC-KMS2025-26-2308,2308,Thanjavur,Thanjavur,Mariyammankovil,2025-09-16,2026-04-16,Closed,10.661311,79.309064,KMS 2025-26 as on 12-07-2026,Tamil Nadu Civil Supplies Corporation
TNCSC-KMS2025-26-2309,2309,Thanjavur,Thanjavur,Marunkulam,2025-09-10,,Open,11.061147,79.420277,KMS 2025-26 as on 12-07-2026,Tamil Nadu Civil Supplies Corporation
TNCSC-KMS2025-26-2310,2310,Thanjavur,Thanjavur,Mathur,2025-10-14,2026-04-18,Closed,11.516333,79.326297,KMS 2025-26 as on 12-07-2026,Tamil Nadu Civil Supplies Corporation
TNCSC-KMS2025-26-2311,2311,Thanjavur,Thanjavur,Nallicheri,2025-09-09,2026-05-22,Closed,10.872381,79.177310,KMS 2025-26 as on 12-07-2026,Tamil Nadu Civil Supplies Corporation
TNCSC-KMS2025-26-2312,2312,Thanjavur,Thanjavur,Needar,2025-09-06,2026-04-09,Closed,10.582226,79.155074,KMS 2025-26 as on 12-07-2026,Tamil Nadu Civil Supplies Corporation
TNCSC-KMS2025-26-2313,2313,Thanjavur,Thanjavur,Palliyakrakaram,2025-09-13,2026-04-16,Closed,10.831573,79.136691,KMS 2025-26 as on 12-07-2026,Tamil Nadu Civil Supplies Corporation
TNCSC-KMS2025-26-2314,2314,Thanjavur,Thanjavur,Palliyeri,2025-10-10,2026-04-22,Closed,10.808772,79.111814,KMS 2025-26 as on 12-07-2026,Tamil Nadu Civil Supplies Corporation
TNCSC-KMS2025-26-2315,2315,Thanjavur,Thanjavur,Pillaiyarnatham,2025-10-01,2026-04-07,Closed,10.808877,79.070824,KMS 2025-26 as on 12-07-2026,Tamil Nadu Civil Supplies Corporation
TNCSC-KMS2025-26-2316,2316,Thanjavur,Thanjavur,Ramanathapuram,2025-10-08,2026-04-17,Closed,9.296816,77.422765,KMS 2025-26 as on 12-07-2026,Tamil Nadu Civil Supplies Corporation
TNCSC-KMS2025-26-2317,2317,Thanjavur,Thanjavur,Ramapuram,2026-01-30,2026-04-09,Closed,10.841044,79.156416,KMS 2025-26 as on 12-07-2026,Tamil Nadu Civil Supplies Corporation
TNCSC-KMS2025-26-2318,2318,Thanjavur,Thanjavur,Rayanthur,2025-10-03,2026-04-21,Closed,10.807274,79.019053,KMS 2025-26 as on 12-07-2026,Tamil Nadu Civil Supplies Corporation
TNCSC-KMS2025-26-2319,2319,Thanjavur,Thanjavur,Rettipalayam,2025-09-29,2026-04-13,Closed,10.782996,79.105681,KMS 2025-26 as on 12-07-2026,Tamil Nadu Civil Supplies Corporation
TNCSC-KMS2025-26-2320,2320,Thanjavur,Thanjavur,Seeralur,2025-10-14,2026-04-11,Closed,10.810095,79.078433,KMS 2025-26 as on 12-07-2026,Tamil Nadu Civil Supplies Corporation
TNCSC-KMS2025-26-2321,2321,Thanjavur,Thanjavur,Soorakkottai,2025-09-29,2025-11-19,Closed,10.735140,79.195017,KMS 2025-26 as on 12-07-2026,Tamil Nadu Civil Supplies Corporation
TNCSC-KMS2025-26-2322,2322,Thanjavur,Thanjavur,Thandankorai,2025-09-05,2026-03-20,Closed,10.867964,79.166742,KMS 2025-26 as on 12-07-2026,Tamil Nadu Civil Supplies Corporation
TNCSC-KMS2025-26-2323,2323,Thanjavur,Thanjavur,Thennan Gudi,2025-09-18,2026-04-15,Closed,10.810471,79.063757,KMS 2025-26 as on 12-07-2026,Tamil Nadu Civil Supplies Corporation
TNCSC-KMS2025-26-2324,2324,Thanjavur,Thanjavur,Thirupazhanam,2026-02-23,2026-04-18,Closed,11.050508,79.448411,KMS 2025-26 as on 12-07-2026,Tamil Nadu Civil Supplies Corporation
TNCSC-KMS2025-26-2325,2325,Thanjavur,Thanjavur,Thiruvethikudi,2025-09-05,2026-05-05,Closed,10.501561,79.166903,KMS 2025-26 as on 12-07-2026,Tamil Nadu Civil Supplies Corporation
TNCSC-KMS2025-26-2326,2326,Thanjavur,Thanjavur,Thittai,2026-01-23,,Open,11.226052,79.756765,KMS 2025-26 as on 12-07-2026,Tamil Nadu Civil Supplies Corporation
TNCSC-KMS2025-26-2327,2327,Thanjavur,Thanjavur,Thottakkadu,2026-02-17,2026-02-28,Closed,10.848877,79.169738,KMS 2025-26 as on 12-07-2026,Tamil Nadu Civil Supplies Corporation
TNCSC-KMS2025-26-2328,2328,Thanjavur,Thanjavur,Thuraiyur,2025-10-08,2026-07-11,Closed,10.700306,79.215593,KMS 2025-26 as on 12-07-2026,Tamil Nadu Civil Supplies Corporation
TNCSC-KMS2025-26-2329,2329,Thanjavur,Thanjavur,Vadakkal,2026-02-24,2026-03-30,Closed,10.814043,79.097474,KMS 2025-26 as on 12-07-2026,Tamil Nadu Civil Supplies Corporation
TNCSC-KMS2025-26-2330,2330,Thanjavur,Thanjavur,Valamirankottai,2025-09-22,,Open,11.076424,79.460548,KMS 2025-26 as on 12-07-2026,Tamil Nadu Civil Supplies Corporation
TNCSC-KMS2025-26-2331,2331,Thanjavur,Thanjavur,Vallam,2025-09-30,2026-04-21,Closed,11.001052,79.772737,KMS 2025-26 as on 12-07-2026,Tamil Nadu Civil Supplies Corporation
TNCSC-KMS2025-26-2332,2332,Thanjavur,Thanjavur,Vannarapettai Chief,2025-10-01,2026-04-13,Closed,10.764454,79.068199,KMS 2025-26 as on 12-07-2026,Tamil Nadu Civil Supplies Corporation
TNCSC-KMS2025-26-2333,2333,Thanjavur,Thanjavur,Vayalur,2025-09-12,2026-03-30,Closed,11.547767,79.318040,KMS 2025-26 as on 12-07-2026,Tamil Nadu Civil Supplies Corporation
TNCSC-KMS2025-26-2334,2334,Thanjavur,Thanjavur,Vellamperambur,2025-09-05,2026-04-15,Closed,10.841114,79.055767,KMS 2025-26 as on 12-07-2026,Tamil Nadu Civil Supplies Corporation
TNCSC-KMS2025-26-2335,2335,Thanjavur,Thanjavur,Vengarayankudikadu,2025-09-15,,Open,10.701236,79.133344,KMS 2025-26 as on 12-07-2026,Tamil Nadu Civil Supplies Corporation
TNCSC-KMS2025-26-2336,2336,Thanjavur,Thanjavur,Vennalodai,2025-10-30,2026-04-08,Closed,10.819314,79.101588,KMS 2025-26 as on 12-07-2026,Tamil Nadu Civil Supplies Corporation
TNCSC-KMS2025-26-2337,2337,Thanjavur,Thiruvaiyaru,Anthili,2025-10-14,2026-04-22,Closed,10.993949,79.505025,KMS 2025-26 as on 12-07-2026,Tamil Nadu Civil Supplies Corporation
TNCSC-KMS2025-26-2338,2338,Thanjavur,Thiruvaiyaru,Allur,2025-09-05,2026-04-21,Closed,10.829718,79.030352,KMS 2025-26 as on 12-07-2026,Tamil Nadu Civil Supplies Corporation
TNCSC-KMS2025-26-2339,2339,Thanjavur,Thiruvaiyaru,Ammanpettai,2025-09-12,2026-04-11,Closed,11.031913,79.429075,KMS 2025-26 as on 12-07-2026,Tamil Nadu Civil Supplies Corporation
TNCSC-KMS2025-26-2340,2340,Thanjavur,Thiruvaiyaru,Ampathumel Nagaram,2025-09-06,2026-04-28,Closed,10.843333,79.040933,KMS 2025-26 as on 12-07-2026,Tamil Nadu Civil Supplies Corporation
TNCSC-KMS2025-26-2341,2341,Thanjavur,Thiruvaiyaru,Arasakudi,2025-09-08,2026-04-21,Closed,10.829718,79.030352,KMS 2025-26 as on 12-07-2026,Tamil Nadu Civil Supplies Corporation
TNCSC-KMS2025-26-2342,2342,Thanjavur,Thiruvaiyaru,Arasur,2025-09-29,2026-04-11,Closed,12.284502,79.867165,KMS 2025-26 as on 12-07-2026,Tamil Nadu Civil Supplies Corporation
TNCSC-KMS2025-26-2343,2343,Thanjavur,Thiruvaiyaru,Kadambakudi,2025-09-22,2026-04-21,Closed,10.910518,79.420660,KMS 2025-26 as on 12-07-2026,Tamil Nadu Civil Supplies Corporation
TNCSC-KMS2025-26-2344,2344,Thanjavur,Thiruvaiyaru,Kandiyur,2025-09-30,2025-11-15,Closed,10.992565,79.451273,KMS 2025-26 as on 12-07-2026,Tamil Nadu Civil Supplies Corporation
TNCSC-KMS2025-26-2345,2345,Thanjavur,Thiruvaiyaru,Karuppur,2025-10-25,2026-04-18,Closed,11.319225,79.677820,KMS 2025-26 as on 12-07-2026,Tamil Nadu Civil Supplies Corporation
TNCSC-KMS2025-26-2346,2346,Thanjavur,Thiruvaiyaru,Karur,2025-09-10,2026-04-17,Closed,12.860914,79.779831,KMS 2025-26 as on 12-07-2026,Tamil Nadu Civil Supplies Corporation
TNCSC-KMS2025-26-2347,2347,Thanjavur,Thiruvaiyaru,Kattukottai,2026-03-30,2026-04-22,Closed,10.817613,78.917796,KMS 2025-26 as on 12-07-2026,Tamil Nadu Civil Supplies Corporation
TNCSC-KMS2025-26-2348,2348,Thanjavur,Thiruvaiyaru,Kazhumangalam,2025-10-04,2026-04-21,Closed,10.824617,79.027190,KMS 2025-26 as on 12-07-2026,Tamil Nadu Civil Supplies Corporation
TNCSC-KMS2025-26-2349,2349,Thanjavur,Thiruvaiyaru,Keelathiruppoonthuruthi,2025-09-17,2026-04-20,Closed,11.020003,79.465415,KMS 2025-26 as on 12-07-2026,Tamil Nadu Civil Supplies Corporation
TNCSC-KMS2025-26-2350,2350,Thanjavur,Thiruvaiyaru,Konerirajapuram,2026-03-02,2026-04-24,Closed,11.009433,79.506145,KMS 2025-26 as on 12-07-2026,Tamil Nadu Civil Supplies Corporation
TNCSC-KMS2025-26-2351,2351,Thanjavur,Thiruvaiyaru,Kuzhimathur,2025-09-10,2026-04-16,Closed,10.988079,79.493764,KMS 2025-26 as on 12-07-2026,Tamil Nadu Civil Supplies Corporation
TNCSC-KMS2025-26-2352,2352,Thanjavur,Thiruvaiyaru,Maharajapuram,2025-09-27,2026-04-18,Closed,11.118888,79.613203,KMS 2025-26 as on 12-07-2026,Tamil Nadu Civil Supplies Corporation
TNCSC-KMS2025-26-2353,2353,Thanjavur,Thiruvaiyaru,Mannarsamuthiram,2026-02-28,2026-05-26,Closed,11.003239,79.432189,KMS 2025-26 as on 12-07-2026,Tamil Nadu Civil Supplies Corporation
TNCSC-KMS2025-26-2354,2354,Thanjavur,Thiruvaiyaru,Melathiruppoonthuruthi Chief,2025-09-29,2026-04-13,Closed,11.034398,79.468664,KMS 2025-26 as on 12-07-2026,Tamil Nadu Civil Supplies Corporation
TNCSC-KMS2025-26-2355,2355,Thanjavur,Thiruvaiyaru,Nadukaveri,2025-09-24,2026-04-17,Closed,11.007436,79.422453,KMS 2025-26 as on 12-07-2026,Tamil Nadu Civil Supplies Corporation
TNCSC-KMS2025-26-2356,2356,Thanjavur,Thiruvaiyaru,Nagathi,2025-09-10,2026-04-10,Closed,10.838396,79.087841,KMS 2025-26 as on 12-07-2026,Tamil Nadu Civil Supplies Corporation
TNCSC-KMS2025-26-2357,2357,Thanjavur,Thiruvaiyaru,Olathevarayanpettai,2026-03-05,2026-04-22,Closed,10.911845,79.138269,KMS 2025-26 as on 12-07-2026,Tamil Nadu Civil Supplies Corporation
TNCSC-KMS2025-26-2358,2358,Thanjavur,Thiruvaiyaru,Panaiyur,2025-09-27,2025-11-12,Closed,9.260418,77.494997,KMS 2025-26 as on 12-07-2026,Tamil Nadu Civil Supplies Corporation
TNCSC-KMS2025-26-2359,2359,Thanjavur,Thiruvaiyaru,Panaveli,2025-09-03,2026-04-17,Closed,10.825987,79.070575,KMS 2025-26 as on 12-07-2026,Tamil Nadu Civil Supplies Corporation
TNCSC-KMS2025-26-2360,2360,Thanjavur,Thiruvaiyaru,Pancharam,2025-09-22,2026-03-28,Closed,10.969263,79.409726,KMS 2025-26 as on 12-07-2026,Tamil Nadu Civil Supplies Corporation
TNCSC-KMS2025-26-2361,2361,Thanjavur,Thiruvaiyaru,Paruthikudi,2025-09-28,2026-04-22,Closed,10.892748,79.111137,KMS 2025-26 as on 12-07-2026,Tamil Nadu Civil Supplies Corporation
TNCSC-KMS2025-26-2362,2362,Thanjavur,Thiruvaiyaru,Pasaar,2025-10-09,2026-04-21,Closed,11.007401,79.528328,KMS 2025-26 as on 12-07-2026,Tamil Nadu Civil Supplies Corporation
TNCSC-KMS2025-26-2363,2363,Thanjavur,Thiruvaiyaru,Peramur,2025-09-22,2026-04-25,Closed,10.903157,79.138285,KMS 2025-26 as on 12-07-2026,Tamil Nadu Civil Supplies Corporation
TNCSC-KMS2025-26-2364,2364,Thanjavur,Thiruvaiyaru,Perumpuliyur,2025-09-24,2026-04-20,Closed,10.897459,79.087494,KMS 2025-26 as on 12-07-2026,Tamil Nadu Civil Supplies Corporation
TNCSC-KMS2025-26-2365,2365,Thanjavur,Thiruvaiyaru,Punavasal,2025-09-18,2026-04-29,Closed,10.906410,79.083041,KMS 2025-26 as on 12-07-2026,Tamil Nadu Civil Supplies Corporation
TNCSC-KMS2025-26-2366,2366,Thanjavur,Thiruvaiyaru,Sathanur,2026-03-07,,Open,11.647410,79.026293,KMS 2025-26 as on 12-07-2026,Tamil Nadu Civil Supplies Corporation
TNCSC-KMS2025-26-2367,2367,Thanjavur,Thiruvaiyaru,Sirupuliyur,2025-09-09,2026-04-21,Closed,10.901462,79.126268,KMS 2025-26 as on 12-07-2026,Tamil Nadu Civil Supplies Corporation
TNCSC-KMS2025-26-2368,2368,Thanjavur,Thiruvaiyaru,Thenperambur,2025-09-05,2026-04-21,Closed,10.825987,79.070575,KMS 2025-26 as on 12-07-2026,Tamil Nadu Civil Supplies Corporation
TNCSC-KMS2025-26-2369,2369,Thanjavur,Thiruvaiyaru,Thingalur,2025-09-06,2026-04-25,Closed,10.896517,79.126268,KMS 2025-26 as on 12-07-2026,Tamil Nadu Civil Supplies Corporation
TNCSC-KMS2025-26-2370,2370,Thanjavur,Thiruvaiyaru,Thiruchidaivalanthaai,2025-09-25,2026-04-20,Closed,11.038439,79.495812,KMS 2025-26 as on 12-07-2026,Tamil Nadu Civil Supplies Corporation
TNCSC-KMS2025-26-2371,2371,Thanjavur,Thiruvaiyaru,Thiruchotruthurai,2025-10-21,2026-04-24,Closed,11.038439,79.495812,KMS 2025-26 as on 12-07-2026,Tamil Nadu Civil Supplies Corporation
TNCSC-KMS2025-26-2372,2372,Thanjavur,Thiruvaiyaru,Thiruvaiyaru East,2025-09-05,2026-04-22,Closed,11.046453,79.464658,KMS 2025-26 as on 12-07-2026,Tamil Nadu Civil Supplies Corporation
TNCSC-KMS2025-26-2373,2373,Thanjavur,Thiruvaiyaru,Thiruvazhampolil,2026-03-13,2026-04-21,Closed,11.031986,79.424945,KMS 2025-26 as on 12-07-2026,Tamil Nadu Civil Supplies Corporation
TNCSC-KMS2025-26-2374,2374,Thanjavur,Thiruvaiyaru,Thiruvedhikudi,2025-09-03,2025-11-28,Closed,11.031913,79.429075,KMS 2025-26 as on 12-07-2026,Tamil Nadu Civil Supplies Corporation
TNCSC-KMS2025-26-2375,2375,Thanjavur,Thiruvaiyaru,Umayavalarcot,2025-09-13,2026-04-16,Closed,10.839974,79.077479,KMS 2025-26 as on 12-07-2026,Tamil Nadu Civil Supplies Corporation
TNCSC-KMS2025-26-2376,2376,Thanjavur,Thiruvaiyaru,Varahur,2026-03-03,2026-04-13,Closed,11.004379,79.490014,KMS 2025-26 as on 12-07-2026,Tamil Nadu Civil Supplies Corporation
TNCSC-KMS2025-26-2377,2377,Thanjavur,Thiruvaiyaru,Verasingampettai,2026-02-18,2026-04-17,Closed,11.034544,79.447007,KMS 2025-26 as on 12-07-2026,Tamil Nadu Civil Supplies Corporation
TNCSC-KMS2025-26-2378,2378,Thanjavur,Thiruvaiyaru,Vilangudi Chief,2025-09-11,2026-05-02,Closed,10.913713,79.102455,KMS 2025-26 as on 12-07-2026,Tamil Nadu Civil Supplies Corporation
TNCSC-KMS2025-26-2379,2379,Thanjavur,Thiruvaiyaru,Villiyanallur Tnj,2025-09-18,2026-04-22,Closed,10.911558,79.114800,KMS 2025-26 as on 12-07-2026,Tamil Nadu Civil Supplies Corporation
TNCSC-KMS2025-26-2380,2380,Thanjavur,Thiruvidaimaruthur,Aaralur,2025-09-11,,Open,11.098679,79.519904,KMS 2025-26 as on 12-07-2026,Tamil Nadu Civil Supplies Corporation
TNCSC-KMS2025-26-2381,2381,Thanjavur,Thiruvidaimaruthur,Aduthurai,2025-09-06,2026-03-16,Closed,11.004379,79.490014,KMS 2025-26 as on 12-07-2026,Tamil Nadu Civil Supplies Corporation
TNCSC-KMS2025-26-2382,2382,Thanjavur,Thiruvidaimaruthur,Ammanpettai,2025-09-08,,Open,11.031913,79.429075,KMS 2025-26 as on 12-07-2026,Tamil Nadu Civil Supplies Corporation
TNCSC-KMS2025-26-2383,2383,Thanjavur,Thiruvidaimaruthur,Anakkudi,2026-01-31,2026-02-27,Closed,10.878234,79.680897,KMS 2025-26 as on 12-07-2026,Tamil Nadu Civil Supplies Corporation
TNCSC-KMS2025-26-2384,2384,Thanjavur,Thiruvidaimaruthur,Athipakkam,2025-09-20,,Open,11.121725,79.491595,KMS 2025-26 as on 12-07-2026,Tamil Nadu Civil Supplies Corporation
TNCSC-KMS2025-26-2385,2385,Thanjavur,Thiruvidaimaruthur,Balakudi,2026-02-09,2026-03-26,Closed,11.050508,79.448411,KMS 2025-26 as on 12-07-2026,Tamil Nadu Civil Supplies Corporation
TNCSC-KMS2025-26-2386,2386,Thanjavur,Thiruvidaimaruthur,Chitridaiyanallur,2026-01-29,2026-03-26,Closed,11.054165,79.471685,KMS 2025-26 as on 12-07-2026,Tamil Nadu Civil Supplies Corporation
TNCSC-KMS2025-26-2387,2387,Thanjavur,Thiruvidaimaruthur,Gunathalapaadi,2026-01-28,2026-03-09,Closed,10.910518,79.420660,KMS 2025-26 as on 12-07-2026,Tamil Nadu Civil Supplies Corporation
TNCSC-KMS2025-26-2388,2388,Thanjavur,Thiruvidaimaruthur,K Sathanur,2026-01-30,,Open,11.003239,79.432189,KMS 2025-26 as on 12-07-2026,Tamil Nadu Civil Supplies Corporation
TNCSC-KMS2025-26-2389,2389,Thanjavur,Thiruvidaimaruthur,Kagithapatrai,2026-02-11,2026-03-25,Closed,11.119803,79.500995,KMS 2025-26 as on 12-07-2026,Tamil Nadu Civil Supplies Corporation
TNCSC-KMS2025-26-2390,2390,Thanjavur,Thiruvidaimaruthur,Kamatchipuram,2026-02-03,2026-04-03,Closed,11.119798,79.501139,KMS 2025-26 as on 12-07-2026,Tamil Nadu Civil Supplies Corporation
TNCSC-KMS2025-26-2391,2391,Thanjavur,Thiruvidaimaruthur,Kannarakkudi,2026-01-28,,Open,11.098857,79.486004,KMS 2025-26 as on 12-07-2026,Tamil Nadu Civil Supplies Corporation
TNCSC-KMS2025-26-2392,2392,Thanjavur,Thiruvidaimaruthur,Kathiramangalam,2025-09-12,2026-03-07,Closed,11.180216,79.709436,KMS 2025-26 as on 12-07-2026,Tamil Nadu Civil Supplies Corporation
TNCSC-KMS2025-26-2393,2393,Thanjavur,Thiruvidaimaruthur,Kavanur,2026-01-23,2026-07-08,Closed,12.401837,79.877227,KMS 2025-26 as on 12-07-2026,Tamil Nadu Civil Supplies Corporation
TNCSC-KMS2025-26-2394,2394,Thanjavur,Thiruvidaimaruthur,Kayalur,2025-09-15,2026-04-20,Closed,11.109995,79.524029,KMS 2025-26 as on 12-07-2026,Tamil Nadu Civil Supplies Corporation
TNCSC-KMS2025-26-2395,2395,Thanjavur,Thiruvidaimaruthur,Keelamanakkudi,2026-01-23,2026-03-25,Closed,11.095487,79.502279,KMS 2025-26 as on 12-07-2026,Tamil Nadu Civil Supplies Corporation
TNCSC-KMS2025-26-2396,2396,Thanjavur,Thiruvidaimaruthur,Keelasuriyamoolai,2026-02-02,2026-03-25,Closed,11.074915,79.499931,KMS 2025-26 as on 12-07-2026,Tamil Nadu Civil Supplies Corporation
TNCSC-KMS2025-26-2397,2397,Thanjavur,Thiruvidaimaruthur,Keezhlmanthur,2025-09-08,2026-03-28,Closed,11.123846,79.515731,KMS 2025-26 as on 12-07-2026,Tamil Nadu Civil Supplies Corporation
TNCSC-KMS2025-26-2398,2398,Thanjavur,Thiruvidaimaruthur,Kohoor,2025-09-12,2026-04-11,Closed,10.906915,79.484298,KMS 2025-26 as on 12-07-2026,Tamil Nadu Civil Supplies Corporation
TNCSC-KMS2025-26-2399,2399,Thanjavur,Thiruvidaimaruthur,Kondasamuthiram,2026-01-31,,Open,11.396825,79.766700,KMS 2025-26 as on 12-07-2026,Tamil Nadu Civil Supplies Corporation
TNCSC-KMS2025-26-2400,2400,Thanjavur,Thiruvidaimaruthur,Kovil Ramapuram,2026-01-20,2026-03-10,Closed,10.954479,79.395748,KMS 2025-26 as on 12-07-2026,Tamil Nadu Civil Supplies Corporation
TNCSC-KMS2025-26-2401,2401,Thanjavur,Thiruvidaimaruthur,Kurichi,2025-09-09,,Open,11.117157,79.469538,KMS 2025-26 as on 12-07-2026,Tamil Nadu Civil Supplies Corporation
TNCSC-KMS2025-26-2402,2402,Thanjavur,Thiruvidaimaruthur,Maharajapuram,2026-01-28,2026-03-09,Closed,11.118888,79.613203,KMS 2025-26 as on 12-07-2026,Tamil Nadu Civil Supplies Corporation
TNCSC-KMS2025-26-2403,2403,Thanjavur,Thiruvidaimaruthur,Manakunnam,2026-01-18,,Open,11.137161,79.471016,KMS 2025-26 as on 12-07-2026,Tamil Nadu Civil Supplies Corporation
TNCSC-KMS2025-26-2404,2404,Thanjavur,Thiruvidaimaruthur,Manalur,2026-02-06,2026-03-19,Closed,10.070066,79.145152,KMS 2025-26 as on 12-07-2026,Tamil Nadu Civil Supplies Corporation
TNCSC-KMS2025-26-2405,2405,Thanjavur,Thiruvidaimaruthur,Manambadi,2025-09-05,2026-03-18,Closed,11.061147,79.420277,KMS 2025-26 as on 12-07-2026,Tamil Nadu Civil Supplies Corporation
TNCSC-KMS2025-26-2406,2406,Thanjavur,Thiruvidaimaruthur,Manchamalli,2025-09-06,,Open,11.009433,79.506145,KMS 2025-26 as on 12-07-2026,Tamil Nadu Civil Supplies Corporation
TNCSC-KMS2025-26-2407,2407,Thanjavur,Thiruvidaimaruthur,Manikkudi,2026-01-23,2026-03-19,Closed,11.072306,79.463777,KMS 2025-26 as on 12-07-2026,Tamil Nadu Civil Supplies Corporation
TNCSC-KMS2025-26-2408,2408,Thanjavur,Thiruvidaimaruthur,Marathurai,2026-01-31,2026-04-06,Closed,11.149806,79.534945,KMS 2025-26 as on 12-07-2026,Tamil Nadu Civil Supplies Corporation
TNCSC-KMS2025-26-2409,2409,Thanjavur,Thiruvidaimaruthur,Maruthuvakkudi -1,2026-01-23,,Open,10.888809,79.223791,KMS 2025-26 as on 12-07-2026,Tamil Nadu Civil Supplies Corporation
TNCSC-KMS2025-26-2410,2410,Thanjavur,Thiruvidaimaruthur,Melaiyur,2026-01-18,,Open,11.044530,79.575258,KMS 2025-26 as on 12-07-2026,Tamil Nadu Civil Supplies Corporation
TNCSC-KMS2025-26-2411,2411,Thanjavur,Thiruvidaimaruthur,Melakattur,2026-01-27,,Open,11.113185,79.484221,KMS 2025-26 as on 12-07-2026,Tamil Nadu Civil Supplies Corporation
TNCSC-KMS2025-26-2412,2412,Thanjavur,Thiruvidaimaruthur,Molaiyur,2025-09-10,2026-03-11,Closed,11.137886,79.557421,KMS 2025-26 as on 12-07-2026,Tamil Nadu Civil Supplies Corporation
TNCSC-KMS2025-26-2413,2413,Thanjavur,Thiruvidaimaruthur,Mullankudi,2025-09-12,,Open,11.149863,79.483813,KMS 2025-26 as on 12-07-2026,Tamil Nadu Civil Supplies Corporation
TNCSC-KMS2025-26-2414,2414,Thanjavur,Thiruvidaimaruthur,Mullukkudi,2025-09-13,2026-03-26,Closed,11.093133,79.534841,KMS 2025-26 as on 12-07-2026,Tamil Nadu Civil Supplies Corporation
TNCSC-KMS2025-26-2415,2415,Thanjavur,Thiruvidaimaruthur,Mullukudi Velur,2026-01-28,2026-03-26,Closed,11.085056,79.524740,KMS 2025-26 as on 12-07-2026,Tamil Nadu Civil Supplies Corporation
TNCSC-KMS2025-26-2416,2416,Thanjavur,Thiruvidaimaruthur,Nallur,2026-02-11,2026-03-30,Closed,12.860376,79.733154,KMS 2025-26 as on 12-07-2026,Tamil Nadu Civil Supplies Corporation
TNCSC-KMS2025-26-2417,2417,Thanjavur,Thiruvidaimaruthur,Neikunnam,2026-01-23,,Open,11.154011,79.505238,KMS 2025-26 as on 12-07-2026,Tamil Nadu Civil Supplies Corporation
TNCSC-KMS2025-26-2418,2418,Thanjavur,Thiruvidaimaruthur,Neikuppai,2025-09-10,,Open,11.146166,79.533657,KMS 2025-26 as on 12-07-2026,Tamil Nadu Civil Supplies Corporation
TNCSC-KMS2025-26-2419,2419,Thanjavur,Thiruvidaimaruthur,Neivasal,2025-09-07,,Open,11.152736,79.540084,KMS 2025-26 as on 12-07-2026,Tamil Nadu Civil Supplies Corporation
TNCSC-KMS2025-26-2420,2420,Thanjavur,Thiruvidaimaruthur,Padaithalaivankudi,2026-01-28,,Open,11.034544,79.447007,KMS 2025-26 as on 12-07-2026,Tamil Nadu Civil Supplies Corporation
TNCSC-KMS2025-26-2421,2421,Thanjavur,Thiruvidaimaruthur,Panthanallur,2025-09-08,,Open,11.131773,79.517078,KMS 2025-26 as on 12-07-2026,Tamil Nadu Civil Supplies Corporation
TNCSC-KMS2025-26-2422,2422,Thanjavur,Thiruvidaimaruthur,Paruthicherri,2026-01-21,,Open,10.874286,79.481138,KMS 2025-26 as on 12-07-2026,Tamil Nadu Civil Supplies Corporation
TNCSC-KMS2025-26-2423,2423,Thanjavur,Thiruvidaimaruthur,Pattam,2026-02-04,2026-03-26,Closed,11.102359,79.450249,KMS 2025-26 as on 12-07-2026,Tamil Nadu Civil Supplies Corporation
TNCSC-KMS2025-26-2424,2424,Thanjavur,Thiruvidaimaruthur,Periya Kattanagaram,2026-01-24,,Open,11.076424,79.460548,KMS 2025-26 as on 12-07-2026,Tamil Nadu Civil Supplies Corporation
TNCSC-KMS2025-26-2425,2425,Thanjavur,Thiruvidaimaruthur,Puththur,2026-01-29,2026-03-19,Closed,11.056087,79.435129,KMS 2025-26 as on 12-07-2026,Tamil Nadu Civil Supplies Corporation
TNCSC-KMS2025-26-2426,2426,Thanjavur,Thiruvidaimaruthur,S.Pudur,2025-09-06,2026-03-31,Closed,11.007401,79.528328,KMS 2025-26 as on 12-07-2026,Tamil Nadu Civil Supplies Corporation
TNCSC-KMS2025-26-2427,2427,Thanjavur,Thiruvidaimaruthur,Sathanur,2026-01-30,,Open,11.647410,79.026293,KMS 2025-26 as on 12-07-2026,Tamil Nadu Civil Supplies Corporation
TNCSC-KMS2025-26-2428,2428,Thanjavur,Thiruvidaimaruthur,Sathanur,2026-01-27,,Open,11.647410,79.026293,KMS 2025-26 as on 12-07-2026,Tamil Nadu Civil Supplies Corporation
TNCSC-KMS2025-26-2429,2429,Thanjavur,Thiruvidaimaruthur,Sayanapuram,2025-09-15,,Open,12.989026,79.651283,KMS 2025-26 as on 12-07-2026,Tamil Nadu Civil Supplies Corporation
TNCSC-KMS2025-26-2430,2430,Thanjavur,Thiruvidaimaruthur,Senkanur,2026-02-07,2026-03-25,Closed,11.071520,79.434598,KMS 2025-26 as on 12-07-2026,Tamil Nadu Civil Supplies Corporation
TNCSC-KMS2025-26-2431,2431,Thanjavur,Thiruvidaimaruthur,Serukadambur,2025-09-15,2026-04-11,Closed,11.098882,79.510168,KMS 2025-26 as on 12-07-2026,Tamil Nadu Civil Supplies Corporation
TNCSC-KMS2025-26-2432,2432,Thanjavur,Thiruvidaimaruthur,Serukudi,2026-01-22,,Open,11.111779,79.499369,KMS 2025-26 as on 12-07-2026,Tamil Nadu Civil Supplies Corporation
TNCSC-KMS2025-26-2433,2433,Thanjavur,Thiruvidaimaruthur,Sooriyanarkovil,2026-02-05,2026-03-04,Closed,11.039531,79.470823,KMS 2025-26 as on 12-07-2026,Tamil Nadu Civil Supplies Corporation
TNCSC-KMS2025-26-2434,2434,Thanjavur,Thiruvidaimaruthur,Sozhiyavilagam,2025-09-18,2026-04-06,Closed,11.159272,79.550114,KMS 2025-26 as on 12-07-2026,Tamil Nadu Civil Supplies Corporation
TNCSC-KMS2025-26-2435,2435,Thanjavur,Thiruvidaimaruthur,Thepperumanallur,2026-01-28,,Open,10.969263,79.409726,KMS 2025-26 as on 12-07-2026,Tamil Nadu Civil Supplies Corporation
TNCSC-KMS2025-26-2436,2436,Thanjavur,Thiruvidaimaruthur,Thirukalithattai,2026-01-24,,Open,11.025673,79.447846,KMS 2025-26 as on 12-07-2026,Tamil Nadu Civil Supplies Corporation
TNCSC-KMS2025-26-2437,2437,Thanjavur,Thiruvidaimaruthur,Thirukodikkaval,2026-02-02,2026-03-07,Closed,11.046773,79.511756,KMS 2025-26 as on 12-07-2026,Tamil Nadu Civil Supplies Corporation
TNCSC-KMS2025-26-2438,2438,Thanjavur,Thiruvidaimaruthur,Thiruloki,2025-09-16,2026-04-05,Closed,11.077735,79.486846,KMS 2025-26 as on 12-07-2026,Tamil Nadu Civil Supplies Corporation
TNCSC-KMS2025-26-2439,2439,Thanjavur,Thiruvidaimaruthur,Thirumangalakkudi,2026-01-27,,Open,11.020003,79.465415,KMS 2025-26 as on 12-07-2026,Tamil Nadu Civil Supplies Corporation
TNCSC-KMS2025-26-2440,2440,Thanjavur,Thiruvidaimaruthur,Thiruneelakkudi,2026-01-30,2026-03-02,Closed,10.988079,79.493764,KMS 2025-26 as on 12-07-2026,Tamil Nadu Civil Supplies Corporation
TNCSC-KMS2025-26-2441,2441,Thanjavur,Thiruvidaimaruthur,Thiruppanandal East,2025-09-11,,Open,11.088778,79.456925,KMS 2025-26 as on 12-07-2026,Tamil Nadu Civil Supplies Corporation
TNCSC-KMS2025-26-2442,2442,Thanjavur,Thiruvidaimaruthur,Thiruvaaipaadi,2025-09-16,,Open,11.082765,79.440752,KMS 2025-26 as on 12-07-2026,Tamil Nadu Civil Supplies Corporation
TNCSC-KMS2025-26-2443,2443,Thanjavur,Thiruvidaimaruthur,Thiruvelliyankudi,2026-02-03,2026-03-27,Closed,11.115646,79.504836,KMS 2025-26 as on 12-07-2026,Tamil Nadu Civil Supplies Corporation
TNCSC-KMS2025-26-2444,2444,Thanjavur,Thiruvidaimaruthur,Thiruvidaimaruthur,2025-09-08,,Open,10.992565,79.451273,KMS 2025-26 as on 12-07-2026,Tamil Nadu Civil Supplies Corporation
TNCSC-KMS2025-26-2445,2445,Thanjavur,Thiruvidaimaruthur,Thiruvisanallur,2026-02-02,2026-03-04,Closed,11.007436,79.422453,KMS 2025-26 as on 12-07-2026,Tamil Nadu Civil Supplies Corporation
TNCSC-KMS2025-26-2446,2446,Thanjavur,Thiruvidaimaruthur,Thittacheri,2026-01-23,,Open,11.071796,79.464526,KMS 2025-26 as on 12-07-2026,Tamil Nadu Civil Supplies Corporation
TNCSC-KMS2025-26-2447,2447,Thanjavur,Thiruvidaimaruthur,Thukili,2025-09-06,,Open,11.038439,79.495812,KMS 2025-26 as on 12-07-2026,Tamil Nadu Civil Supplies Corporation
TNCSC-KMS2025-26-2448,2448,Thanjavur,Thiruvidaimaruthur,Ukkarai,2026-01-23,2026-03-26,Closed,11.038439,79.495812,KMS 2025-26 as on 12-07-2026,Tamil Nadu Civil Supplies Corporation
TNCSC-KMS2025-26-2449,2449,Thanjavur,Thiruvidaimaruthur,Vannakudi,2026-02-04,,Open,11.001399,79.467407,KMS 2025-26 as on 12-07-2026,Tamil Nadu Civil Supplies Corporation
TNCSC-KMS2025-26-2450,2450,Thanjavur,Thiruvidaimaruthur,Vannikkudi,2025-09-13,,Open,11.134420,79.557101,KMS 2025-26 as on 12-07-2026,Tamil Nadu Civil Supplies Corporation
TNCSC-KMS2025-26-2451,2451,Thanjavur,Thiruvidaimaruthur,Velur,2025-09-06,2026-04-03,Closed,11.117027,79.545515,KMS 2025-26 as on 12-07-2026,Tamil Nadu Civil Supplies Corporation
TNCSC-KMS2025-26-2452,2452,Thanjavur,Thiruvidaimaruthur,Vepathur -1,2026-01-24,,Open,11.017453,79.436796,KMS 2025-26 as on 12-07-2026,Tamil Nadu Civil Supplies Corporation
TNCSC-KMS2025-26-2453,2453,Thanjavur,Thiruvidaimaruthur,Vilathotti,2026-01-30,2026-03-23,Closed,11.168508,79.536633,KMS 2025-26 as on 12-07-2026,Tamil Nadu Civil Supplies Corporation
TNCSC-KMS2025-26-2454,2454,Thanjavur,Thiruvonam,Akkaraivattam,2025-09-30,,Open,10.522821,79.253187,KMS 2025-26 as on 12-07-2026,Tamil Nadu Civil Supplies Corporation
TNCSC-KMS2025-26-2455,2455,Thanjavur,Thiruvonam,Anathagopalapuram,2026-01-07,,Open,10.460882,79.218956,KMS 2025-26 as on 12-07-2026,Tamil Nadu Civil Supplies Corporation
TNCSC-KMS2025-26-2456,2456,Thanjavur,Thiruvonam,Chenniyaviduthi,2026-01-10,,Open,10.443106,79.177701,KMS 2025-26 as on 12-07-2026,Tamil Nadu Civil Supplies Corporation
TNCSC-KMS2025-26-2457,2457,Thanjavur,Thiruvonam,Chinna Ammankudi,2025-09-29,,Open,10.524610,79.206100,KMS 2025-26 as on 12-07-2026,Tamil Nadu Civil Supplies Corporation
TNCSC-KMS2025-26-2458,2458,Thanjavur,Thiruvonam,Dpc Akkarai Vattam West,2025-09-24,,Open,10.445390,79.194180,KMS 2025-26 as on 12-07-2026,Tamil Nadu Civil Supplies Corporation
TNCSC-KMS2025-26-2459,2459,Thanjavur,Thiruvonam,Edaiyangkadu East,2026-06-19,,Open,10.416946,79.335067,KMS 2025-26 as on 12-07-2026,Tamil Nadu Civil Supplies Corporation
TNCSC-KMS2025-26-2460,2460,Thanjavur,Thiruvonam,Edaiyangkadu West,2026-06-13,,Open,10.447589,79.195499,KMS 2025-26 as on 12-07-2026,Tamil Nadu Civil Supplies Corporation
TNCSC-KMS2025-26-2461,2461,Thanjavur,Thiruvonam,Edaiyankadu,2025-10-17,2026-03-12,Closed,10.447560,79.195590,KMS 2025-26 as on 12-07-2026,Tamil Nadu Civil Supplies Corporation
TNCSC-KMS2025-26-2462,2462,Thanjavur,Thiruvonam,Edaiyathi,2025-09-27,,Open,10.408776,79.178689,KMS 2025-26 as on 12-07-2026,Tamil Nadu Civil Supplies Corporation
TNCSC-KMS2025-26-2463,2463,Thanjavur,Thiruvonam,Edaiyathi West,2026-02-14,,Open,10.408408,79.167641,KMS 2025-26 as on 12-07-2026,Tamil Nadu Civil Supplies Corporation
TNCSC-KMS2025-26-2464,2464,Thanjavur,Thiruvonam,Illuppaividuthi,2026-01-03,2026-03-27,Closed,10.531531,79.150420,KMS 2025-26 as on 12-07-2026,Tamil Nadu Civil Supplies Corporation
TNCSC-KMS2025-26-2465,2465,Thanjavur,Thiruvonam,Kanchiraankadai,2026-01-14,,Open,10.514208,79.218661,KMS 2025-26 as on 12-07-2026,Tamil Nadu Civil Supplies Corporation
TNCSC-KMS2025-26-2466,2466,Thanjavur,Thiruvonam,Kariyaviduthi,2025-09-27,,Open,10.512949,79.207901,KMS 2025-26 as on 12-07-2026,Tamil Nadu Civil Supplies Corporation
TNCSC-KMS2025-26-2467,2467,Thanjavur,Thiruvonam,Kavalipatti,2026-01-28,,Open,10.482006,79.154789,KMS 2025-26 as on 12-07-2026,Tamil Nadu Civil Supplies Corporation
TNCSC-KMS2025-26-2468,2468,Thanjavur,Thiruvonam,Kavalipatti South Dpc,2025-09-23,,Open,10.504566,79.156816,KMS 2025-26 as on 12-07-2026,Tamil Nadu Civil Supplies Corporation
TNCSC-KMS2025-26-2469,2469,Thanjavur,Thiruvonam,Kilamangalam,2025-10-10,,Open,10.504436,79.269098,KMS 2025-26 as on 12-07-2026,Tamil Nadu Civil Supplies Corporation
TNCSC-KMS2025-26-2470,2470,Thanjavur,Thiruvonam,Kilamangalam North,2025-10-10,,Open,10.514820,79.264073,KMS 2025-26 as on 12-07-2026,Tamil Nadu Civil Supplies Corporation
TNCSC-KMS2025-26-2471,2471,Thanjavur,Thiruvonam,Krishnapuram,2025-09-23,,Open,10.969209,79.409421,KMS 2025-26 as on 12-07-2026,Tamil Nadu Civil Supplies Corporation
TNCSC-KMS2025-26-2472,2472,Thanjavur,Thiruvonam,Neiveli Thenpathi,2025-10-09,,Open,10.413812,79.150904,KMS 2025-26 as on 12-07-2026,Tamil Nadu Civil Supplies Corporation
TNCSC-KMS2025-26-2473,2473,Thanjavur,Thiruvonam,Panikondanviduthi,2025-09-17,,Open,10.499782,79.178385,KMS 2025-26 as on 12-07-2026,Tamil Nadu Civil Supplies Corporation
TNCSC-KMS2025-26-2474,2474,Thanjavur,Thiruvonam,Patharamkottai,2026-01-09,,Open,10.446582,79.237632,KMS 2025-26 as on 12-07-2026,Tamil Nadu Civil Supplies Corporation
TNCSC-KMS2025-26-2475,2475,Thanjavur,Thiruvonam,Pattuviduthi,2025-09-07,,Open,10.500458,79.204615,KMS 2025-26 as on 12-07-2026,Tamil Nadu Civil Supplies Corporation
TNCSC-KMS2025-26-2476,2476,Thanjavur,Thiruvonam,Periya Ammankudi,2025-09-25,,Open,10.521945,79.180467,KMS 2025-26 as on 12-07-2026,Tamil Nadu Civil Supplies Corporation
TNCSC-KMS2025-26-2477,2477,Thanjavur,Thiruvonam,Periyakottaikadu,2025-09-23,,Open,10.510329,79.156975,KMS 2025-26 as on 12-07-2026,Tamil Nadu Civil Supplies Corporation
TNCSC-KMS2025-26-2478,2478,Thanjavur,Thiruvonam,Sankaranarkudikadu,2025-09-26,,Open,10.540575,79.255035,KMS 2025-26 as on 12-07-2026,Tamil Nadu Civil Supplies Corporation
TNCSC-KMS2025-26-2479,2479,Thanjavur,Thiruvonam,Sillathur,2025-09-22,,Open,10.550202,79.211785,KMS 2025-26 as on 12-07-2026,Tamil Nadu Civil Supplies Corporation
TNCSC-KMS2025-26-2480,2480,Thanjavur,Thiruvonam,Thalikaividuthi,2025-10-03,,Open,10.504958,79.222521,KMS 2025-26 as on 12-07-2026,Tamil Nadu Civil Supplies Corporation
TNCSC-KMS2025-26-2481,2481,Thanjavur,Thiruvonam,Therkkukottai,2025-09-27,,Open,10.534645,79.237288,KMS 2025-26 as on 12-07-2026,Tamil Nadu Civil Supplies Corporation
TNCSC-KMS2025-26-2482,2482,Thanjavur,Thiruvonam,Thippanviduthi,2026-01-27,,Open,10.439977,79.210274,KMS 2025-26 as on 12-07-2026,Tamil Nadu Civil Supplies Corporation
TNCSC-KMS2025-26-2483,2483,Thanjavur,Thiruvonam,Thippanviduthi North,2025-10-22,,Open,10.454286,79.184778,KMS 2025-26 as on 12-07-2026,Tamil Nadu Civil Supplies Corporation
TNCSC-KMS2025-26-2484,2484,Thanjavur,Thiruvonam,Thirunallur Dpc,2025-09-24,,Open,10.550711,79.238612,KMS 2025-26 as on 12-07-2026,Tamil Nadu Civil Supplies Corporation
TNCSC-KMS2025-26-2485,2485,Thanjavur,Thiruvonam,Thirunallur Orathanad,2025-09-26,,Open,10.549550,79.238620,KMS 2025-26 as on 12-07-2026,Tamil Nadu Civil Supplies Corporation
TNCSC-KMS2025-26-2486,2486,Thanjavur,Thiruvonam,Thiruvonam,2025-09-16,,Open,10.814520,78.970860,KMS 2025-26 as on 12-07-2026,Tamil Nadu Civil Supplies Corporation
TNCSC-KMS2025-26-2487,2487,Thanjavur,Thiruvonam,Thoppuviduthi,2025-09-23,,Open,10.527647,79.157475,KMS 2025-26 as on 12-07-2026,Tamil Nadu Civil Supplies Corporation
TNCSC-KMS2025-26-2488,2488,Thanjavur,Thiruvonam,Unchiyaviduthi,2025-09-24,,Open,10.515607,79.193211,KMS 2025-26 as on 12-07-2026,Tamil Nadu Civil Supplies Corporation
TNCSC-KMS2025-26-2489,2489,Thanjavur,Thiruvonam,Uranipuram,2025-09-27,,Open,10.492240,79.194218,KMS 2025-26 as on 12-07-2026,Tamil Nadu Civil Supplies Corporation
TNCSC-KMS2025-26-2490,2490,Thanjavur,Thiruvonam,Vadakukottai Thirunallur,2025-09-29,,Open,10.534600,79.237220,KMS 2025-26 as on 12-07-2026,Tamil Nadu Civil Supplies Corporation
TNCSC-KMS2025-26-2491,2491,Thanjavur,Thiruvonam,Vattathikollaikadu,2026-01-08,,Open,10.400492,79.191037,KMS 2025-26 as on 12-07-2026,Tamil Nadu Civil Supplies Corporation
TNCSC-KMS2025-26-2492,2492,Thanjavur,Thiruvonam,Venkarai,2025-09-18,,Open,10.776679,79.131116,KMS 2025-26 as on 12-07-2026,Tamil Nadu Civil Supplies Corporation
TNCSC-KMS2025-26-2493,2493,Thanjavur,Thiruvonam,Vettikadu,2025-09-12,,Open,10.685098,79.120130,KMS 2025-26 as on 12-07-2026,Tamil Nadu Civil Supplies Corporation
TNCSC-KMS2025-26-2494,2494,Thanjavur,Thiruvonam,Vettuvakkottai,2025-10-07,,Open,10.776713,79.131084,KMS 2025-26 as on 12-07-2026,Tamil Nadu Civil Supplies Corporation
TNCSC-KMS2025-26-2495,2495,Thanjavur,Thiruvonam,Vettuvakottai Ramapuram,2026-01-22,,Open,10.473476,79.197532,KMS 2025-26 as on 12-07-2026,Tamil Nadu Civil Supplies Corporation
TNCSC-KMS2025-26-2496,2496,Theni,Aundipatti,Kunnur,2026-03-25,2026-04-25,Closed,10.003553,77.526656,KMS 2025-26 as on 12-07-2026,Tamil Nadu Civil Supplies Corporation
TNCSC-KMS2025-26-2497,2497,Theni,Periyakulam,Genguvarpatti,2025-09-10,2026-06-29,Closed,10.155782,77.693159,KMS 2025-26 as on 12-07-2026,Tamil Nadu Civil Supplies Corporation
TNCSC-KMS2025-26-2498,2498,Theni,Periyakulam,Jeyamangalam,2025-09-09,,Open,10.096899,77.619520,KMS 2025-26 as on 12-07-2026,Tamil Nadu Civil Supplies Corporation
TNCSC-KMS2025-26-2499,2499,Theni,Periyakulam,Keelavadagarai,2026-02-12,2026-03-22,Closed,10.139490,77.552456,KMS 2025-26 as on 12-07-2026,Tamil Nadu Civil Supplies Corporation
TNCSC-KMS2025-26-2500,2500,Theni,Periyakulam,Kullappuram,2025-09-10,2026-05-28,Closed,10.066685,77.642637,KMS 2025-26 as on 12-07-2026,Tamil Nadu Civil Supplies Corporation
TNCSC-KMS2025-26-2501,2501,Theni,Periyakulam,Melmangalam,2026-02-12,2026-04-09,Closed,10.099700,77.584731,KMS 2025-26 as on 12-07-2026,Tamil Nadu Civil Supplies Corporation
TNCSC-KMS2025-26-2502,2502,Theni,Periyakulam,Thamaraikulam,2025-09-09,2026-05-30,Closed,10.118689,77.568644,KMS 2025-26 as on 12-07-2026,Tamil Nadu Civil Supplies Corporation
TNCSC-KMS2025-26-2503,2503,Theni,Theni,Kottur,2026-04-08,2026-06-08,Closed,10.542367,76.983238,KMS 2025-26 as on 12-07-2026,Tamil Nadu Civil Supplies Corporation
TNCSC-KMS2025-26-2504,2504,Theni,Uthamapalayam,Chinnamanur,2025-10-30,2025-12-06,Closed,9.843810,77.384990,KMS 2025-26 as on 12-07-2026,Tamil Nadu Civil Supplies Corporation
TNCSC-KMS2025-26-2505,2505,Theni,Uthamapalayam,Cumbum,2025-10-31,2026-06-16,Closed,9.750450,77.291970,KMS 2025-26 as on 12-07-2026,Tamil Nadu Civil Supplies Corporation
TNCSC-KMS2025-26-2506,2506,Theni,Uthamapalayam,Gudalur,2025-10-30,2026-06-21,Closed,9.729870,78.853704,KMS 2025-26 as on 12-07-2026,Tamil Nadu Civil Supplies Corporation
TNCSC-KMS2025-26-2507,2507,Theni,Uthamapalayam,Uthamapalayam,2025-10-30,2026-06-19,Closed,9.828463,77.365000,KMS 2025-26 as on 12-07-2026,Tamil Nadu Civil Supplies Corporation
TNCSC-KMS2025-26-2508,2508,Thiruchirappalli,Lalgudi,Adhikudi,2025-09-30,2026-05-05,Closed,10.871943,78.860381,KMS 2025-26 as on 12-07-2026,Tamil Nadu Civil Supplies Corporation
TNCSC-KMS2025-26-2509,2509,Thiruchirappalli,Lalgudi,Alambadi Mettur,2025-10-03,2026-05-13,Closed,10.917695,78.993751,KMS 2025-26 as on 12-07-2026,Tamil Nadu Civil Supplies Corporation
TNCSC-KMS2025-26-2510,2510,Thiruchirappalli,Lalgudi,Alambakkam,2026-03-25,2026-05-07,Closed,10.930237,78.957234,KMS 2025-26 as on 12-07-2026,Tamil Nadu Civil Supplies Corporation
TNCSC-KMS2025-26-2511,2511,Thiruchirappalli,Lalgudi,Ariyur,2025-09-04,2026-04-22,Closed,10.876818,78.910497,KMS 2025-26 as on 12-07-2026,Tamil Nadu Civil Supplies Corporation
TNCSC-KMS2025-26-2512,2512,Thiruchirappalli,Lalgudi,Jengamarajapuram,2025-09-02,2026-05-05,Closed,10.869537,78.870642,KMS 2025-26 as on 12-07-2026,Tamil Nadu Civil Supplies Corporation
TNCSC-KMS2025-26-2513,2513,Thiruchirappalli,Lalgudi,Kalathilvendrar Pettai,2025-09-25,2026-04-30,Closed,10.888630,78.937020,KMS 2025-26 as on 12-07-2026,Tamil Nadu Civil Supplies Corporation
TNCSC-KMS2025-26-2514,2514,Thiruchirappalli,Lalgudi,Keelanbil,2026-02-24,2026-05-13,Closed,10.865087,78.888871,KMS 2025-26 as on 12-07-2026,Tamil Nadu Civil Supplies Corporation
TNCSC-KMS2025-26-2515,2515,Thiruchirappalli,Lalgudi,Komakudi,2025-09-25,2026-05-07,Closed,10.899146,78.881775,KMS 2025-26 as on 12-07-2026,Tamil Nadu Civil Supplies Corporation
TNCSC-KMS2025-26-2516,2516,Thiruchirappalli,Lalgudi,Koohur,2025-09-26,2026-05-03,Closed,10.851894,78.824981,KMS 2025-26 as on 12-07-2026,Tamil Nadu Civil Supplies Corporation
TNCSC-KMS2025-26-2517,2517,Thiruchirappalli,Lalgudi,Koppavali,2025-10-08,2026-05-05,Closed,10.873673,78.853047,KMS 2025-26 as on 12-07-2026,Tamil Nadu Civil Supplies Corporation
TNCSC-KMS2025-26-2518,2518,Thiruchirappalli,Lalgudi,Kovandakurichi,2026-03-17,2026-04-30,Closed,10.944564,78.941424,KMS 2025-26 as on 12-07-2026,Tamil Nadu Civil Supplies Corporation
TNCSC-KMS2025-26-2519,2519,Thiruchirappalli,Lalgudi,Kumulur,2025-09-16,2026-05-05,Closed,9.974021,79.020889,KMS 2025-26 as on 12-07-2026,Tamil Nadu Civil Supplies Corporation
TNCSC-KMS2025-26-2520,2520,Thiruchirappalli,Lalgudi,L.Abisekapuiram,2025-09-10,,Open,10.868508,78.822201,KMS 2025-26 as on 12-07-2026,Tamil Nadu Civil Supplies Corporation
TNCSC-KMS2025-26-2521,2521,Thiruchirappalli,Lalgudi,Mahilampadi,2026-03-01,2026-04-24,Closed,10.930171,78.779899,KMS 2025-26 as on 12-07-2026,Tamil Nadu Civil Supplies Corporation
TNCSC-KMS2025-26-2522,2522,Thiruchirappalli,Lalgudi,Mangammalpuram,2025-09-03,2026-05-01,Closed,10.858195,78.879910,KMS 2025-26 as on 12-07-2026,Tamil Nadu Civil Supplies Corporation
TNCSC-KMS2025-26-2523,2523,Thiruchirappalli,Lalgudi,Maruthur,2026-03-02,2026-04-15,Closed,10.912331,78.768352,KMS 2025-26 as on 12-07-2026,Tamil Nadu Civil Supplies Corporation
TNCSC-KMS2025-26-2524,2524,Thiruchirappalli,Lalgudi,Mettupatti,2025-09-20,2026-04-17,Closed,10.891813,78.871703,KMS 2025-26 as on 12-07-2026,Tamil Nadu Civil Supplies Corporation
TNCSC-KMS2025-26-2525,2525,Thiruchirappalli,Lalgudi,Mullal,2025-09-27,2026-05-02,Closed,10.904765,78.912381,KMS 2025-26 as on 12-07-2026,Tamil Nadu Civil Supplies Corporation
TNCSC-KMS2025-26-2526,2526,Thiruchirappalli,Lalgudi,Nagar,2025-09-22,2026-04-29,Closed,10.891414,78.787706,KMS 2025-26 as on 12-07-2026,Tamil Nadu Civil Supplies Corporation
TNCSC-KMS2025-26-2527,2527,Thiruchirappalli,Lalgudi,Natham,2025-09-08,2026-05-05,Closed,11.797382,79.480056,KMS 2025-26 as on 12-07-2026,Tamil Nadu Civil Supplies Corporation
TNCSC-KMS2025-26-2528,2528,Thiruchirappalli,Lalgudi,Nathamangudi,2025-09-27,2026-05-05,Closed,10.905306,78.940354,KMS 2025-26 as on 12-07-2026,Tamil Nadu Civil Supplies Corporation
TNCSC-KMS2025-26-2529,2529,Thiruchirappalli,Lalgudi,Neikuppai (North),2025-11-01,2025-11-15,Closed,10.939891,78.892483,KMS 2025-26 as on 12-07-2026,Tamil Nadu Civil Supplies Corporation
TNCSC-KMS2025-26-2530,2530,Thiruchirappalli,Lalgudi,Neikuppai (South),2025-10-10,2026-04-30,Closed,10.939891,78.792483,KMS 2025-26 as on 12-07-2026,Tamil Nadu Civil Supplies Corporation
TNCSC-KMS2025-26-2531,2531,Thiruchirappalli,Lalgudi,Periyavarseeli,2025-10-04,2026-05-08,Closed,10.857533,78.799359,KMS 2025-26 as on 12-07-2026,Tamil Nadu Civil Supplies Corporation
TNCSC-KMS2025-26-2532,2532,Thiruchirappalli,Lalgudi,Peruvalanallur (East),2025-09-11,2026-05-16,Closed,10.932779,78.845481,KMS 2025-26 as on 12-07-2026,Tamil Nadu Civil Supplies Corporation
TNCSC-KMS2025-26-2533,2533,Thiruchirappalli,Lalgudi,Poovalur(East),2025-09-10,2025-11-23,Closed,10.897701,78.827785,KMS 2025-26 as on 12-07-2026,Tamil Nadu Civil Supplies Corporation
TNCSC-KMS2025-26-2534,2534,Thiruchirappalli,Lalgudi,Poovalur(West),2025-10-07,2026-05-13,Closed,10.897701,78.827785,KMS 2025-26 as on 12-07-2026,Tamil Nadu Civil Supplies Corporation
TNCSC-KMS2025-26-2535,2535,Thiruchirappalli,Lalgudi,Pudur Uthamanur,2026-02-20,2026-04-28,Closed,10.928810,78.807284,KMS 2025-26 as on 12-07-2026,Tamil Nadu Civil Supplies Corporation
TNCSC-KMS2025-26-2536,2536,Thiruchirappalli,Lalgudi,Pullambadi,2026-03-05,2026-04-24,Closed,10.940571,78.906873,KMS 2025-26 as on 12-07-2026,Tamil Nadu Civil Supplies Corporation
TNCSC-KMS2025-26-2537,2537,Thiruchirappalli,Lalgudi,Pullambadi(North),2026-04-11,2026-04-25,Closed,10.940555,78.906788,KMS 2025-26 as on 12-07-2026,Tamil Nadu Civil Supplies Corporation
TNCSC-KMS2025-26-2538,2538,Thiruchirappalli,Lalgudi,Pullambadi(South),2026-04-11,2026-04-27,Closed,10.940555,78.906788,KMS 2025-26 as on 12-07-2026,Tamil Nadu Civil Supplies Corporation
TNCSC-KMS2025-26-2539,2539,Thiruchirappalli,Lalgudi,Punjai Sangenthi,2026-03-01,2026-04-22,Closed,10.917916,78.863212,KMS 2025-26 as on 12-07-2026,Tamil Nadu Civil Supplies Corporation
TNCSC-KMS2025-26-2540,2540,Thiruchirappalli,Lalgudi,Ramanathapuram,2025-09-25,2026-05-05,Closed,9.296816,77.422765,KMS 2025-26 as on 12-07-2026,Tamil Nadu Civil Supplies Corporation
TNCSC-KMS2025-26-2541,2541,Thiruchirappalli,Lalgudi,Rathinankudi,2026-02-06,2026-03-26,Closed,10.926566,78.766200,KMS 2025-26 as on 12-07-2026,Tamil Nadu Civil Supplies Corporation
TNCSC-KMS2025-26-2542,2542,Thiruchirappalli,Lalgudi,Sembarai,2025-09-15,2026-05-05,Closed,10.900865,78.892279,KMS 2025-26 as on 12-07-2026,Tamil Nadu Civil Supplies Corporation
TNCSC-KMS2025-26-2543,2543,Thiruchirappalli,Lalgudi,Sengaraiyur,2025-09-04,2026-05-05,Closed,10.879974,78.932084,KMS 2025-26 as on 12-07-2026,Tamil Nadu Civil Supplies Corporation
TNCSC-KMS2025-26-2544,2544,Thiruchirappalli,Lalgudi,Sirumayangudi (East),2026-03-05,2026-05-18,Closed,10.903577,78.870288,KMS 2025-26 as on 12-07-2026,Tamil Nadu Civil Supplies Corporation
TNCSC-KMS2025-26-2545,2545,Thiruchirappalli,Lalgudi,T.Kallikudi,2025-09-04,2026-04-27,Closed,10.885489,78.929687,KMS 2025-26 as on 12-07-2026,Tamil Nadu Civil Supplies Corporation
TNCSC-KMS2025-26-2546,2546,Thiruchirappalli,Lalgudi,Thinnakkulam,2026-03-18,2026-05-16,Closed,10.911372,78.975415,KMS 2025-26 as on 12-07-2026,Tamil Nadu Civil Supplies Corporation
TNCSC-KMS2025-26-2547,2547,Thiruchirappalli,Lalgudi,Thinniyam,2025-09-03,2026-05-05,Closed,10.885019,78.904601,KMS 2025-26 as on 12-07-2026,Tamil Nadu Civil Supplies Corporation
TNCSC-KMS2025-26-2548,2548,Thiruchirappalli,Lalgudi,Thirumanamedu (East),2025-10-06,2026-05-09,Closed,10.869878,78.765211,KMS 2025-26 as on 12-07-2026,Tamil Nadu Civil Supplies Corporation
TNCSC-KMS2025-26-2549,2549,Thiruchirappalli,Lalgudi,V.Thuraiyur,2025-09-24,2026-04-01,Closed,10.899183,78.750451,KMS 2025-26 as on 12-07-2026,Tamil Nadu Civil Supplies Corporation
TNCSC-KMS2025-26-2550,2550,Thiruchirappalli,Lalgudi,Valadi,2025-10-04,,Open,10.873280,78.772591,KMS 2025-26 as on 12-07-2026,Tamil Nadu Civil Supplies Corporation
TNCSC-KMS2025-26-2551,2551,Thiruchirappalli,Lalgudi,Vanathirayanpalayam,2026-03-18,2026-05-11,Closed,10.936248,78.958714,KMS 2025-26 as on 12-07-2026,Tamil Nadu Civil Supplies Corporation
TNCSC-KMS2025-26-2552,2552,Thiruchirappalli,Lalgudi,Vandalai Koodalur,2026-03-14,2026-05-05,Closed,10.965833,78.890556,KMS 2025-26 as on 12-07-2026,Tamil Nadu Civil Supplies Corporation
TNCSC-KMS2025-26-2553,2553,Thiruchirappalli,Lalgudi,Vellanur,2026-03-03,2026-04-29,Closed,10.919810,78.867458,KMS 2025-26 as on 12-07-2026,Tamil Nadu Civil Supplies Corporation
TNCSC-KMS2025-26-2554,2554,Thiruchirappalli,Lalgudi,Venkadachalapuram 1,2026-03-16,2026-05-04,Closed,10.931089,78.921310,KMS 2025-26 as on 12-07-2026,Tamil Nadu Civil Supplies Corporation
TNCSC-KMS2025-26-2555,2555,Thiruchirappalli,Lalgudi,Viragalur,2025-09-05,2026-05-16,Closed,10.909534,78.976723,KMS 2025-26 as on 12-07-2026,Tamil Nadu Civil Supplies Corporation
TNCSC-KMS2025-26-2556,2556,Thiruchirappalli,Manapparai,Alampatty Pudhur,2026-01-28,2026-07-11,Closed,10.687345,78.536358,KMS 2025-26 as on 12-07-2026,Tamil Nadu Civil Supplies Corporation
TNCSC-KMS2025-26-2557,2557,Thiruchirappalli,Manapparai,Chathirapatty,2026-02-19,2026-05-15,Closed,10.647671,78.467202,KMS 2025-26 as on 12-07-2026,Tamil Nadu Civil Supplies Corporation
TNCSC-KMS2025-26-2558,2558,Thiruchirappalli,Manapparai,Chithanatham,2026-02-05,2026-07-10,Closed,10.686937,78.514875,KMS 2025-26 as on 12-07-2026,Tamil Nadu Civil Supplies Corporation
TNCSC-KMS2025-26-2559,2559,Thiruchirappalli,Manapparai,Elamanam,2026-01-24,2026-07-10,Closed,10.493784,78.266766,KMS 2025-26 as on 12-07-2026,Tamil Nadu Civil Supplies Corporation
TNCSC-KMS2025-26-2560,2560,Thiruchirappalli,Manapparai,Idaiyapatti,2026-01-31,2026-07-06,Closed,10.419085,78.446137,KMS 2025-26 as on 12-07-2026,Tamil Nadu Civil Supplies Corporation
TNCSC-KMS2025-26-2561,2561,Thiruchirappalli,Manapparai,K.Periyapatty(South),2026-02-04,2026-03-07,Closed,10.674249,78.470570,KMS 2025-26 as on 12-07-2026,Tamil Nadu Civil Supplies Corporation
TNCSC-KMS2025-26-2562,2562,Thiruchirappalli,Manapparai,Kavalkaranpatty,2026-06-16,2026-07-08,Closed,10.513044,78.380802,KMS 2025-26 as on 12-07-2026,Tamil Nadu Civil Supplies Corporation
TNCSC-KMS2025-26-2563,2563,Thiruchirappalli,Manapparai,Maravanur Serpatti South,2026-02-03,2026-07-06,Closed,10.645152,78.457910,KMS 2025-26 as on 12-07-2026,Tamil Nadu Civil Supplies Corporation
TNCSC-KMS2025-26-2564,2564,Thiruchirappalli,Manapparai,Nallampillai,2026-01-27,,Open,10.661406,78.362000,KMS 2025-26 as on 12-07-2026,Tamil Nadu Civil Supplies Corporation
TNCSC-KMS2025-26-2565,2565,Thiruchirappalli,Manapparai,Pannapatty,2026-01-29,2026-03-02,Closed,10.513149,78.380502,KMS 2025-26 as on 12-07-2026,Tamil Nadu Civil Supplies Corporation
TNCSC-KMS2025-26-2566,2566,Thiruchirappalli,Manapparai,Poigaipatty,2026-01-22,2026-02-27,Closed,10.575743,78.393643,KMS 2025-26 as on 12-07-2026,Tamil Nadu Civil Supplies Corporation
TNCSC-KMS2025-26-2567,2567,Thiruchirappalli,Manapparai,Puthanatham,2026-02-04,,Open,10.462475,78.369484,KMS 2025-26 as on 12-07-2026,Tamil Nadu Civil Supplies Corporation
TNCSC-KMS2025-26-2568,2568,Thiruchirappalli,Manapparai,Rayampatty,2026-01-23,2026-07-11,Closed,10.572792,78.388666,KMS 2025-26 as on 12-07-2026,Tamil Nadu Civil Supplies Corporation
TNCSC-KMS2025-26-2569,2569,Thiruchirappalli,Manapparai,Samuthiram,2026-01-29,2026-07-10,Closed,10.845779,78.679830,KMS 2025-26 as on 12-07-2026,Tamil Nadu Civil Supplies Corporation
TNCSC-KMS2025-26-2570,2570,Thiruchirappalli,Manapparai,Vaiyampatty,2026-01-24,2026-03-03,Closed,10.542920,78.310426,KMS 2025-26 as on 12-07-2026,Tamil Nadu Civil Supplies Corporation
TNCSC-KMS2025-26-2571,2571,Thiruchirappalli,Mannachanallur,Kovathakudi,2026-01-29,2026-03-03,Closed,10.832151,79.234105,KMS 2025-26 as on 12-07-2026,Tamil Nadu Civil Supplies Corporation
TNCSC-KMS2025-26-2572,2572,Thiruchirappalli,Mannachanallur,Pitchandarkoil,2026-01-28,2026-03-30,Closed,10.880569,78.703173,KMS 2025-26 as on 12-07-2026,Tamil Nadu Civil Supplies Corporation
TNCSC-KMS2025-26-2573,2573,Thiruchirappalli,Marungapuri,Kallappatti,2026-01-30,2026-03-10,Closed,10.424866,78.431348,KMS 2025-26 as on 12-07-2026,Tamil Nadu Civil Supplies Corporation
TNCSC-KMS2025-26-2574,2574,Thiruchirappalli,Marungapuri,Palakuruchi,2026-06-16,2026-07-11,Closed,10.403895,78.506286,KMS 2025-26 as on 12-07-2026,Tamil Nadu Civil Supplies Corporation
TNCSC-KMS2025-26-2575,2575,Thiruchirappalli,Marungapuri,Pirampatti(North),2026-06-17,,Open,10.499929,78.478429,KMS 2025-26 as on 12-07-2026,Tamil Nadu Civil Supplies Corporation
TNCSC-KMS2025-26-2576,2576,Thiruchirappalli,Marungapuri,Pirampatty(South),2026-01-23,2026-07-11,Closed,10.486796,78.493088,KMS 2025-26 as on 12-07-2026,Tamil Nadu Civil Supplies Corporation
TNCSC-KMS2025-26-2577,2577,Thiruchirappalli,Marungapuri,Thenur,2026-01-23,2026-03-02,Closed,10.490744,78.523063,KMS 2025-26 as on 12-07-2026,Tamil Nadu Civil Supplies Corporation
TNCSC-KMS2025-26-2578,2578,Thiruchirappalli,Marungapuri,Thuvarankuruchi,2026-06-12,,Open,10.434166,78.339951,KMS 2025-26 as on 12-07-2026,Tamil Nadu Civil Supplies Corporation
TNCSC-KMS2025-26-2579,2579,Thiruchirappalli,Marungapuri,Yanaikkal,2026-01-22,2026-02-21,Closed,10.425596,78.448561,KMS 2025-26 as on 12-07-2026,Tamil Nadu Civil Supplies Corporation
TNCSC-KMS2025-26-2580,2580,Thiruchirappalli,Musiri,Evoor,2026-02-25,2026-04-12,Closed,10.927087,78.517569,KMS 2025-26 as on 12-07-2026,Tamil Nadu Civil Supplies Corporation
TNCSC-KMS2025-26-2581,2581,Thiruchirappalli,Musiri,Gunaseelam,2026-02-19,2026-04-15,Closed,10.902183,78.565598,KMS 2025-26 as on 12-07-2026,Tamil Nadu Civil Supplies Corporation
TNCSC-KMS2025-26-2582,2582,Thiruchirappalli,Musiri,Kallur,2026-02-16,2026-04-30,Closed,10.975207,79.095941,KMS 2025-26 as on 12-07-2026,Tamil Nadu Civil Supplies Corporation
TNCSC-KMS2025-26-2583,2583,Thiruchirappalli,Musiri,Karigali,2026-01-30,2026-03-28,Closed,11.172870,78.468468,KMS 2025-26 as on 12-07-2026,Tamil Nadu Civil Supplies Corporation
TNCSC-KMS2025-26-2584,2584,Thiruchirappalli,Musiri,Musiri,2025-09-04,2026-04-07,Closed,10.969115,78.439980,KMS 2025-26 as on 12-07-2026,Tamil Nadu Civil Supplies Corporation
TNCSC-KMS2025-26-2585,2585,Thiruchirappalli,Musiri,Neyvali,2026-02-14,2026-03-29,Closed,10.966469,78.546326,KMS 2025-26 as on 12-07-2026,Tamil Nadu Civil Supplies Corporation
TNCSC-KMS2025-26-2586,2586,Thiruchirappalli,Musiri,Thathiengarpattai,2026-02-09,2026-03-03,Closed,11.079897,78.466759,KMS 2025-26 as on 12-07-2026,Tamil Nadu Civil Supplies Corporation
TNCSC-KMS2025-26-2587,2587,Thiruchirappalli,Musiri,Thinnanoor,2026-01-28,,Open,11.043919,78.637419,KMS 2025-26 as on 12-07-2026,Tamil Nadu Civil Supplies Corporation
TNCSC-KMS2025-26-2588,2588,Thiruchirappalli,Musiri,Thiruthalayr,2026-02-07,2026-04-08,Closed,11.031772,78.545322,KMS 2025-26 as on 12-07-2026,Tamil Nadu Civil Supplies Corporation
TNCSC-KMS2025-26-2589,2589,Thiruchirappalli,Musiri,Thulayanatham,2026-02-04,2026-03-25,Closed,11.063927,78.516937,KMS 2025-26 as on 12-07-2026,Tamil Nadu Civil Supplies Corporation
TNCSC-KMS2025-26-2590,2590,Thiruchirappalli,Musiri,Vellakalpatti,2026-01-28,2026-04-02,Closed,11.053251,78.704450,KMS 2025-26 as on 12-07-2026,Tamil Nadu Civil Supplies Corporation
TNCSC-KMS2025-26-2591,2591,Thiruchirappalli,Srirangam,Athavathur East,2026-02-02,,Open,10.786197,78.601999,KMS 2025-26 as on 12-07-2026,Tamil Nadu Civil Supplies Corporation
TNCSC-KMS2025-26-2592,2592,Thiruchirappalli,Srirangam,Inampuliyur,2026-02-04,2026-03-17,Closed,10.803203,78.562589,KMS 2025-26 as on 12-07-2026,Tamil Nadu Civil Supplies Corporation
TNCSC-KMS2025-26-2593,2593,Thiruchirappalli,Srirangam,Kodiyalam,2026-02-02,2026-04-07,Closed,10.867169,78.582510,KMS 2025-26 as on 12-07-2026,Tamil Nadu Civil Supplies Corporation
TNCSC-KMS2025-26-2594,2594,Thiruchirappalli,Srirangam,Kulumani,2026-02-07,2026-03-26,Closed,10.847091,78.592127,KMS 2025-26 as on 12-07-2026,Tamil Nadu Civil Supplies Corporation
TNCSC-KMS2025-26-2595,2595,Thiruchirappalli,Srirangam,Manikandam,2026-01-27,,Open,10.728715,78.631611,KMS 2025-26 as on 12-07-2026,Tamil Nadu Civil Supplies Corporation
TNCSC-KMS2025-26-2596,2596,Thiruchirappalli,Srirangam,Mathur,2026-02-13,,Open,11.516333,79.326297,KMS 2025-26 as on 12-07-2026,Tamil Nadu Civil Supplies Corporation
TNCSC-KMS2025-26-2597,2597,Thiruchirappalli,Srirangam,Navalurkottapattu,2026-01-29,,Open,10.764541,78.593712,KMS 2025-26 as on 12-07-2026,Tamil Nadu Civil Supplies Corporation
TNCSC-KMS2025-26-2598,2598,Thiruchirappalli,Srirangam,Olayur,2026-01-24,,Open,10.720592,78.683443,KMS 2025-26 as on 12-07-2026,Tamil Nadu Civil Supplies Corporation
TNCSC-KMS2025-26-2599,2599,Thiruchirappalli,Srirangam,Paganoor,2026-01-31,,Open,10.740102,78.605502,KMS 2025-26 as on 12-07-2026,Tamil Nadu Civil Supplies Corporation
TNCSC-KMS2025-26-2600,2600,Thiruchirappalli,Srirangam,Palur,2026-02-18,2026-04-01,Closed,10.866844,78.638664,KMS 2025-26 as on 12-07-2026,Tamil Nadu Civil Supplies Corporation
TNCSC-KMS2025-26-2601,2601,Thiruchirappalli,Srirangam,Panayapuram,2025-10-09,2026-03-31,Closed,10.840628,78.758837,KMS 2025-26 as on 12-07-2026,Tamil Nadu Civil Supplies Corporation
TNCSC-KMS2025-26-2602,2602,Thiruchirappalli,Srirangam,Pettavaithalai,2026-02-07,2026-02-20,Closed,10.897359,78.482019,KMS 2025-26 as on 12-07-2026,Tamil Nadu Civil Supplies Corporation
TNCSC-KMS2025-26-2603,2603,Thiruchirappalli,Srirangam,Poongudi,2026-01-30,2026-07-08,Closed,10.455464,78.815458,KMS 2025-26 as on 12-07-2026,Tamil Nadu Civil Supplies Corporation
TNCSC-KMS2025-26-2604,2604,Thiruchirappalli,Srirangam,Punganoor,2026-02-06,2026-03-18,Closed,11.207895,79.701343,KMS 2025-26 as on 12-07-2026,Tamil Nadu Civil Supplies Corporation
TNCSC-KMS2025-26-2605,2605,Thiruchirappalli,Srirangam,Sethurappatti,2026-01-22,,Open,10.672590,78.588388,KMS 2025-26 as on 12-07-2026,Tamil Nadu Civil Supplies Corporation
TNCSC-KMS2025-26-2606,2606,Thiruchirappalli,Srirangam,Sirugamani East,2026-01-22,2026-02-28,Closed,10.894446,78.535365,KMS 2025-26 as on 12-07-2026,Tamil Nadu Civil Supplies Corporation
TNCSC-KMS2025-26-2607,2607,Thiruchirappalli,Srirangam,Thayanoor,2026-02-09,,Open,10.786299,78.602715,KMS 2025-26 as on 12-07-2026,Tamil Nadu Civil Supplies Corporation
TNCSC-KMS2025-26-2608,2608,Thiruchirappalli,Srirangam,Thirumalaisamuthiram,2026-02-02,2026-07-10,Closed,10.731391,79.001466,KMS 2025-26 as on 12-07-2026,Tamil Nadu Civil Supplies Corporation
TNCSC-KMS2025-26-2609,2609,Thiruchirappalli,Srirangam,Uththamarseeli,2026-02-20,2026-03-29,Closed,10.837941,78.774854,KMS 2025-26 as on 12-07-2026,Tamil Nadu Civil Supplies Corporation
TNCSC-KMS2025-26-2610,2610,Thiruchirappalli,Srirangam,Yagappudaiyanpatti,2026-01-22,2026-07-11,Closed,10.702770,78.604733,KMS 2025-26 as on 12-07-2026,Tamil Nadu Civil Supplies Corporation
TNCSC-KMS2025-26-2611,2611,Thiruchirappalli,Thiruverumbur,Arasankudi,2026-02-09,2026-04-22,Closed,10.818675,78.816461,KMS 2025-26 as on 12-07-2026,Tamil Nadu Civil Supplies Corporation
TNCSC-KMS2025-26-2612,2612,Thiruchirappalli,Thiruverumbur,Asoor,2026-02-12,2026-04-07,Closed,10.723204,78.847704,KMS 2025-26 as on 12-07-2026,Tamil Nadu Civil Supplies Corporation
TNCSC-KMS2025-26-2613,2613,Thiruchirappalli,Thiruverumbur,Ayyampatty,2026-02-26,,Open,10.823890,78.852052,KMS 2025-26 as on 12-07-2026,Tamil Nadu Civil Supplies Corporation
TNCSC-KMS2025-26-2614,2614,Thiruchirappalli,Thiruverumbur,Chinna Sooriyur,2026-01-23,,Open,10.673226,78.754211,KMS 2025-26 as on 12-07-2026,Tamil Nadu Civil Supplies Corporation
TNCSC-KMS2025-26-2615,2615,Thiruchirappalli,Thiruverumbur,Devarayaneri,2025-11-11,2026-04-15,Closed,10.737054,78.846641,KMS 2025-26 as on 12-07-2026,Tamil Nadu Civil Supplies Corporation
TNCSC-KMS2025-26-2616,2616,Thiruchirappalli,Thiruverumbur,Ellakudi,2026-02-20,2026-03-14,Closed,10.805549,78.751500,KMS 2025-26 as on 12-07-2026,Tamil Nadu Civil Supplies Corporation
TNCSC-KMS2025-26-2617,2617,Thiruchirappalli,Thiruverumbur,Gundur,2026-01-30,,Open,10.736787,78.731313,KMS 2025-26 as on 12-07-2026,Tamil Nadu Civil Supplies Corporation
TNCSC-KMS2025-26-2618,2618,Thiruchirappalli,Thiruverumbur,Keelakalkandarkottai,2026-02-14,2026-03-27,Closed,10.774049,78.743071,KMS 2025-26 as on 12-07-2026,Tamil Nadu Civil Supplies Corporation
TNCSC-KMS2025-26-2619,2619,Thiruchirappalli,Thiruverumbur,Keelakurichi,2026-01-29,,Open,11.581203,79.112325,KMS 2025-26 as on 12-07-2026,Tamil Nadu Civil Supplies Corporation
TNCSC-KMS2025-26-2620,2620,Thiruchirappalli,Thiruverumbur,Kiliyur,2026-03-06,2026-05-06,Closed,78.852052,78.853691,KMS 2025-26 as on 12-07-2026,Tamil Nadu Civil Supplies Corporation
TNCSC-KMS2025-26-2621,2621,Thiruchirappalli,Thiruverumbur,Koothaippar,2026-02-17,2026-05-02,Closed,10.796253,78.813589,KMS 2025-26 as on 12-07-2026,Tamil Nadu Civil Supplies Corporation
TNCSC-KMS2025-26-2622,2622,Thiruchirappalli,Thiruverumbur,Kottarappatti,2026-02-22,2026-04-05,Closed,10.762832,78.938741,KMS 2025-26 as on 12-07-2026,Tamil Nadu Civil Supplies Corporation
TNCSC-KMS2025-26-2623,2623,Thiruchirappalli,Thiruverumbur,Kumbakudi,2026-02-05,2026-03-20,Closed,10.700342,78.755301,KMS 2025-26 as on 12-07-2026,Tamil Nadu Civil Supplies Corporation
TNCSC-KMS2025-26-2624,2624,Thiruchirappalli,Thiruverumbur,Kuvalakudi,2026-02-28,2026-04-07,Closed,10.828879,78.727604,KMS 2025-26 as on 12-07-2026,Tamil Nadu Civil Supplies Corporation
TNCSC-KMS2025-26-2625,2625,Thiruchirappalli,Thiruverumbur,Melamangavanam,2026-02-20,2026-04-09,Closed,10.784062,78.857647,KMS 2025-26 as on 12-07-2026,Tamil Nadu Civil Supplies Corporation
TNCSC-KMS2025-26-2626,2626,Thiruchirappalli,Thiruverumbur,Natarajapuram,2026-03-02,2026-04-16,Closed,10.812657,78.794802,KMS 2025-26 as on 12-07-2026,Tamil Nadu Civil Supplies Corporation
TNCSC-KMS2025-26-2627,2627,Thiruchirappalli,Thiruverumbur,Navalpattu,2026-02-15,2026-03-28,Closed,10.745840,78.776587,KMS 2025-26 as on 12-07-2026,Tamil Nadu Civil Supplies Corporation
TNCSC-KMS2025-26-2628,2628,Thiruchirappalli,Thiruverumbur,Palanganankudi,2026-02-19,2026-03-28,Closed,10.716404,78.818171,KMS 2025-26 as on 12-07-2026,Tamil Nadu Civil Supplies Corporation
TNCSC-KMS2025-26-2629,2629,Thiruchirappalli,Thiruverumbur,Pappakurichi,2026-02-11,2026-03-29,Closed,10.819227,78.752113,KMS 2025-26 as on 12-07-2026,Tamil Nadu Civil Supplies Corporation
TNCSC-KMS2025-26-2630,2630,Thiruchirappalli,Thiruverumbur,Pathalapettai,2025-10-01,2026-04-10,Closed,10.798803,78.855696,KMS 2025-26 as on 12-07-2026,Tamil Nadu Civil Supplies Corporation
TNCSC-KMS2025-26-2631,2631,Thiruchirappalli,Thiruverumbur,Poigaikudi,2026-02-23,2026-04-21,Closed,10.698510,78.857125,KMS 2025-26 as on 12-07-2026,Tamil Nadu Civil Supplies Corporation
TNCSC-KMS2025-26-2632,2632,Thiruchirappalli,Thiruverumbur,Poolangudi,2026-03-06,2026-04-19,Closed,10.894266,78.789229,KMS 2025-26 as on 12-07-2026,Tamil Nadu Civil Supplies Corporation
TNCSC-KMS2025-26-2633,2633,Thiruchirappalli,Thiruverumbur,Sooriyur,2026-01-27,,Open,10.729210,78.763028,KMS 2025-26 as on 12-07-2026,Tamil Nadu Civil Supplies Corporation
TNCSC-KMS2025-26-2634,2634,Thiruchirappalli,Thiruverumbur,Theneripatti,2026-02-10,,Open,10.725306,78.846858,KMS 2025-26 as on 12-07-2026,Tamil Nadu Civil Supplies Corporation
TNCSC-KMS2025-26-2635,2635,Thiruchirappalli,Thiruverumbur,Thirunedunkulam,2026-02-17,2026-04-06,Closed,10.770832,78.845867,KMS 2025-26 as on 12-07-2026,Tamil Nadu Civil Supplies Corporation
TNCSC-KMS2025-26-2636,2636,Thiruchirappalli,Thiruverumbur,Thuvakudi,2026-02-07,,Open,10.698510,78.857125,KMS 2025-26 as on 12-07-2026,Tamil Nadu Civil Supplies Corporation
TNCSC-KMS2025-26-2637,2637,Thiruchirappalli,Thiruverumbur,Valavanthankottai,2026-02-19,2026-04-07,Closed,10.763147,78.837588,KMS 2025-26 as on 12-07-2026,Tamil Nadu Civil Supplies Corporation
TNCSC-KMS2025-26-2638,2638,Thiruchirappalli,Thiruverumbur,Vengur,2026-02-27,2026-04-09,Closed,10.815388,78.777178,KMS 2025-26 as on 12-07-2026,Tamil Nadu Civil Supplies Corporation
TNCSC-KMS2025-26-2639,2639,Thiruchirappalli,Thottiam,Arangur,2026-02-02,2026-04-01,Closed,10.999718,78.368849,KMS 2025-26 as on 12-07-2026,Tamil Nadu Civil Supplies Corporation
TNCSC-KMS2025-26-2640,2640,Thiruchirappalli,Thottiam,Ayenapatty,2026-02-09,2026-04-03,Closed,11.039253,78.303905,KMS 2025-26 as on 12-07-2026,Tamil Nadu Civil Supplies Corporation
TNCSC-KMS2025-26-2641,2641,Thiruchirappalli,Thottiam,M.Puthur,2026-02-02,2026-05-02,Closed,10.981568,78.284772,KMS 2025-26 as on 12-07-2026,Tamil Nadu Civil Supplies Corporation
TNCSC-KMS2025-26-2642,2642,Thiruchirappalli,Thottiam,Mullipadi,2026-02-24,,Open,10.980874,78.408703,KMS 2025-26 as on 12-07-2026,Tamil Nadu Civil Supplies Corporation
TNCSC-KMS2025-26-2643,2643,Thiruchirappalli,Thottiam,Sriramasamuthiram,2026-01-31,2026-03-18,Closed,10.967597,78.209731,KMS 2025-26 as on 12-07-2026,Tamil Nadu Civil Supplies Corporation
TNCSC-KMS2025-26-2644,2644,Thiruchirappalli,Thottiam,Thottiam,2026-02-05,2026-04-07,Closed,10.982961,78.339879,KMS 2025-26 as on 12-07-2026,Tamil Nadu Civil Supplies Corporation
TNCSC-KMS2025-26-2645,2645,Thiruchirappalli,Thuraiyur,Alathudaiyanpatti,2026-01-31,,Open,11.207891,78.470754,KMS 2025-26 as on 12-07-2026,Tamil Nadu Civil Supplies Corporation
TNCSC-KMS2025-26-2646,2646,Thiruchirappalli,Thuraiyur,Alathudaiyanpatti West,2026-02-21,,Open,11.207891,78.460754,KMS 2025-26 as on 12-07-2026,Tamil Nadu Civil Supplies Corporation
TNCSC-KMS2025-26-2647,2647,Thiruchirappalli,Thuraiyur,Balakrishnampatti East,2026-02-21,,Open,11.251838,78.472175,KMS 2025-26 as on 12-07-2026,Tamil Nadu Civil Supplies Corporation
TNCSC-KMS2025-26-2648,2648,Thiruchirappalli,Thuraiyur,Balakrishnampattimettur,2025-10-03,,Open,11.251838,78.472175,KMS 2025-26 as on 12-07-2026,Tamil Nadu Civil Supplies Corporation
TNCSC-KMS2025-26-2649,2649,Thiruchirappalli,Thuraiyur,Eragudi North,2026-02-02,,Open,11.202404,78.499877,KMS 2025-26 as on 12-07-2026,Tamil Nadu Civil Supplies Corporation
TNCSC-KMS2025-26-2650,2650,Thiruchirappalli,Thuraiyur,Eragudi South,2026-02-10,,Open,11.180107,78.509618,KMS 2025-26 as on 12-07-2026,Tamil Nadu Civil Supplies Corporation
TNCSC-KMS2025-26-2651,2651,Thiruchirappalli,Thuraiyur,K Karuppampatty,2026-01-30,,Open,10.798803,78.855696,KMS 2025-26 as on 12-07-2026,Tamil Nadu Civil Supplies Corporation
TNCSC-KMS2025-26-2652,2652,Thiruchirappalli,Thuraiyur,Kaliyapatti,2026-02-04,2026-04-07,Closed,11.106786,78.593480,KMS 2025-26 as on 12-07-2026,Tamil Nadu Civil Supplies Corporation
TNCSC-KMS2025-26-2653,2653,Thiruchirappalli,Thuraiyur,Kallankuthu,2026-02-16,,Open,11.189189,78.464441,KMS 2025-26 as on 12-07-2026,Tamil Nadu Civil Supplies Corporation
TNCSC-KMS2025-26-2654,2654,Thiruchirappalli,Thuraiyur,Kannanur,2026-01-28,,Open,11.100474,78.573171,KMS 2025-26 as on 12-07-2026,Tamil Nadu Civil Supplies Corporation
TNCSC-KMS2025-26-2655,2655,Thiruchirappalli,Thuraiyur,Kannanur Palayam,2026-03-04,2026-03-26,Closed,11.082144,78.534290,KMS 2025-26 as on 12-07-2026,Tamil Nadu Civil Supplies Corporation
TNCSC-KMS2025-26-2656,2656,Thiruchirappalli,Thuraiyur,Keerampur,2025-09-02,2026-05-12,Closed,11.169746,78.622027,KMS 2025-26 as on 12-07-2026,Tamil Nadu Civil Supplies Corporation
TNCSC-KMS2025-26-2657,2657,Thiruchirappalli,Thuraiyur,Koppampatti,2026-01-28,,Open,11.312441,78.497456,KMS 2025-26 as on 12-07-2026,Tamil Nadu Civil Supplies Corporation
TNCSC-KMS2025-26-2658,2658,Thiruchirappalli,Thuraiyur,Kottapalayam,2025-09-29,,Open,11.274348,78.475681,KMS 2025-26 as on 12-07-2026,Tamil Nadu Civil Supplies Corporation
TNCSC-KMS2025-26-2659,2659,Thiruchirappalli,Thuraiyur,Kottathur,2026-01-31,,Open,11.101577,78.674082,KMS 2025-26 as on 12-07-2026,Tamil Nadu Civil Supplies Corporation
TNCSC-KMS2025-26-2660,2660,Thiruchirappalli,Thuraiyur,Maradi,2026-02-11,,Open,11.242735,78.500329,KMS 2025-26 as on 12-07-2026,Tamil Nadu Civil Supplies Corporation
TNCSC-KMS2025-26-2661,2661,Thiruchirappalli,Thuraiyur,Murugur,2026-02-02,2026-04-01,Closed,11.176491,78.569936,KMS 2025-26 as on 12-07-2026,Tamil Nadu Civil Supplies Corporation
TNCSC-KMS2025-26-2662,2662,Thiruchirappalli,Thuraiyur,Naduvalur,2026-01-30,2026-03-06,Closed,11.098423,78.651890,KMS 2025-26 as on 12-07-2026,Tamil Nadu Civil Supplies Corporation
TNCSC-KMS2025-26-2663,2663,Thiruchirappalli,Thuraiyur,Pachaperumalpatti South,2026-02-03,,Open,11.206185,78.459185,KMS 2025-26 as on 12-07-2026,Tamil Nadu Civil Supplies Corporation
TNCSC-KMS2025-26-2664,2664,Thiruchirappalli,Thuraiyur,Ponnusangampatti,2026-02-18,2026-03-21,Closed,11.072234,78.526754,KMS 2025-26 as on 12-07-2026,Tamil Nadu Civil Supplies Corporation
TNCSC-KMS2025-26-2665,2665,Thiruchirappalli,Thuraiyur,Pudalathi,2026-02-02,2026-03-28,Closed,11.237516,78.513547,KMS 2025-26 as on 12-07-2026,Tamil Nadu Civil Supplies Corporation
TNCSC-KMS2025-26-2666,2666,Thiruchirappalli,Thuraiyur,Reddiyarpatty,2026-02-18,,Open,11.200462,78.473866,KMS 2025-26 as on 12-07-2026,Tamil Nadu Civil Supplies Corporation
TNCSC-KMS2025-26-2667,2667,Thiruchirappalli,Thuraiyur,S N Puthur,2026-02-21,,Open,11.130760,78.540371,KMS 2025-26 as on 12-07-2026,Tamil Nadu Civil Supplies Corporation
TNCSC-KMS2025-26-2668,2668,Thiruchirappalli,Thuraiyur,Senappanallur,2026-02-23,2026-04-17,Closed,11.138697,78.540194,KMS 2025-26 as on 12-07-2026,Tamil Nadu Civil Supplies Corporation
TNCSC-KMS2025-26-2669,2669,Thiruchirappalli,Thuraiyur,Sengalpatty,2025-10-12,,Open,11.240025,78.442510,KMS 2025-26 as on 12-07-2026,Tamil Nadu Civil Supplies Corporation
TNCSC-KMS2025-26-2670,2670,Thiruchirappalli,Thuraiyur,Senkattupatti,2026-01-27,,Open,11.205167,78.650394,KMS 2025-26 as on 12-07-2026,Tamil Nadu Civil Supplies Corporation
TNCSC-KMS2025-26-2671,2671,Thiruchirappalli,Thuraiyur,Sikkathampur South,2026-02-21,,Open,11.206799,78.550671,KMS 2025-26 as on 12-07-2026,Tamil Nadu Civil Supplies Corporation
TNCSC-KMS2025-26-2672,2672,Thiruchirappalli,Thuraiyur,Sirunavalur,2026-02-20,,Open,11.208166,78.481353,KMS 2025-26 as on 12-07-2026,Tamil Nadu Civil Supplies Corporation
TNCSC-KMS2025-26-2673,2673,Thiruchirappalli,Thuraiyur,Sobanapuram,2026-06-20,,Open,11.283672,78.525317,KMS 2025-26 as on 12-07-2026,Tamil Nadu Civil Supplies Corporation
TNCSC-KMS2025-26-2674,2674,Thiruchirappalli,Thuraiyur,T.Renganathapuram,2026-01-28,,Open,11.206875,78.596222,KMS 2025-26 as on 12-07-2026,Tamil Nadu Civil Supplies Corporation
TNCSC-KMS2025-26-2675,2675,Thiruchirappalli,Thuraiyur,Thanganagar,2025-10-03,,Open,11.251004,78.441966,KMS 2025-26 as on 12-07-2026,Tamil Nadu Civil Supplies Corporation
TNCSC-KMS2025-26-2676,2676,Thiruchirappalli,Thuraiyur,Uppliyapuram,2026-01-27,,Open,11.273549,78.517057,KMS 2025-26 as on 12-07-2026,Tamil Nadu Civil Supplies Corporation
TNCSC-KMS2025-26-2677,2677,Thiruchirappalli,Thuraiyur,Vairichettipalayam,2025-10-04,,Open,11.288482,78.477069,KMS 2025-26 as on 12-07-2026,Tamil Nadu Civil Supplies Corporation
TNCSC-KMS2025-26-2678,2678,Thiruchirappalli,Thuraiyur,Valayapatty,2025-11-14,,Open,10.856666,78.449525,KMS 2025-26 as on 12-07-2026,Tamil Nadu Civil Supplies Corporation
TNCSC-KMS2025-26-2679,2679,Thiruchirappalli,Thuraiyur,Veeramachanpatti,2026-02-09,2026-04-01,Closed,11.123054,78.531475,KMS 2025-26 as on 12-07-2026,Tamil Nadu Civil Supplies Corporation
TNCSC-KMS2025-26-2680,2680,Thiruchirappalli,Thuraiyur,Vellakkalpatti,2026-06-18,2026-07-10,Closed,11.055931,78.698570,KMS 2025-26 as on 12-07-2026,Tamil Nadu Civil Supplies Corporation
TNCSC-KMS2025-26-2681,2681,Thiruchirappalli,Thuraiyur,Venkatasalapuram,2025-09-19,,Open,11.250986,78.521893,KMS 2025-26 as on 12-07-2026,Tamil Nadu Civil Supplies Corporation
TNCSC-KMS2025-26-2682,2682,Thiruchirappalli,Thuraiyur,Visalakshiammalsamuthiram,2026-01-29,,Open,11.156654,78.508886,KMS 2025-26 as on 12-07-2026,Tamil Nadu Civil Supplies Corporation
TNCSC-KMS2025-26-2683,2683,Thiruchirappalli,Tiruchirappalli-East,Alathur,2026-02-03,2026-03-21,Closed,10.790372,78.742388,KMS 2025-26 as on 12-07-2026,Tamil Nadu Civil Supplies Corporation
TNCSC-KMS2025-26-2684,2684,Thirunelveli,Ambasamudram,Ayan Thiruvaleeswaram 1,2025-09-22,2026-06-18,Closed,8.753181,77.420759,KMS 2025-26 as on 12-07-2026,Tamil Nadu Civil Supplies Corporation
TNCSC-KMS2025-26-2685,2685,Thirunelveli,Ambasamudram,Ayyansingampatti,2025-09-11,2026-05-23,Closed,8.670891,77.444232,KMS 2025-26 as on 12-07-2026,Tamil Nadu Civil Supplies Corporation
TNCSC-KMS2025-26-2686,2686,Thirunelveli,Ambasamudram,Brammadesam,2025-09-25,2026-05-07,Closed,8.731216,77.446786,KMS 2025-26 as on 12-07-2026,Tamil Nadu Civil Supplies Corporation
TNCSC-KMS2025-26-2687,2687,Thirunelveli,Ambasamudram,Chettimedu,2025-10-17,2026-05-10,Closed,8.683252,77.406117,KMS 2025-26 as on 12-07-2026,Tamil Nadu Civil Supplies Corporation
TNCSC-KMS2025-26-2688,2688,Thirunelveli,Ambasamudram,Kallidaikurichi Vadakku,2025-09-15,2025-11-14,Closed,8.681117,77.470168,KMS 2025-26 as on 12-07-2026,Tamil Nadu Civil Supplies Corporation
TNCSC-KMS2025-26-2689,2689,Thirunelveli,Ambasamudram,Keela Ambasamudram,2025-09-22,2025-11-17,Closed,8.711828,77.455295,KMS 2025-26 as on 12-07-2026,Tamil Nadu Civil Supplies Corporation
TNCSC-KMS2025-26-2690,2690,Thirunelveli,Ambasamudram,Kodarangulam,2025-09-15,2026-05-07,Closed,8.700586,77.418636,KMS 2025-26 as on 12-07-2026,Tamil Nadu Civil Supplies Corporation
TNCSC-KMS2025-26-2691,2691,Thirunelveli,Ambasamudram,Kovilkulam,2026-03-05,2026-05-15,Closed,8.724834,77.465455,KMS 2025-26 as on 12-07-2026,Tamil Nadu Civil Supplies Corporation
TNCSC-KMS2025-26-2692,2692,Thirunelveli,Ambasamudram,Mannarkovil,2025-09-26,2026-05-14,Closed,8.734996,77.433066,KMS 2025-26 as on 12-07-2026,Tamil Nadu Civil Supplies Corporation
TNCSC-KMS2025-26-2693,2693,Thirunelveli,Ambasamudram,Pallakal Pudhugudi,2026-03-06,2026-05-20,Closed,8.746045,77.461010,KMS 2025-26 as on 12-07-2026,Tamil Nadu Civil Supplies Corporation
TNCSC-KMS2025-26-2694,2694,Thirunelveli,Ambasamudram,Sattupathu,2025-09-17,2025-11-08,Closed,8.719358,77.484133,KMS 2025-26 as on 12-07-2026,Tamil Nadu Civil Supplies Corporation
TNCSC-KMS2025-26-2695,2695,Thirunelveli,Ambasamudram,Therkku Kallidaikuruchi-1,2025-09-11,2026-05-19,Closed,8.652027,77.486892,KMS 2025-26 as on 12-07-2026,Tamil Nadu Civil Supplies Corporation
TNCSC-KMS2025-26-2696,2696,Thirunelveli,Ambasamudram,Therku Pappankulam,2025-09-12,2025-11-14,Closed,8.660860,77.449519,KMS 2025-26 as on 12-07-2026,Tamil Nadu Civil Supplies Corporation
TNCSC-KMS2025-26-2697,2697,Thirunelveli,Ambasamudram,Urkad,2025-09-23,2025-11-15,Closed,8.702867,77.468906,KMS 2025-26 as on 12-07-2026,Tamil Nadu Civil Supplies Corporation
TNCSC-KMS2025-26-2698,2698,Thirunelveli,Ambasamudram,Vellanguli,2025-09-19,2026-05-08,Closed,8.689093,77.492880,KMS 2025-26 as on 12-07-2026,Tamil Nadu Civil Supplies Corporation
TNCSC-KMS2025-26-2699,2699,Thirunelveli,Ambasamudram,Vickramasingapuram,2025-09-15,2026-05-18,Closed,8.722168,77.366991,KMS 2025-26 as on 12-07-2026,Tamil Nadu Civil Supplies Corporation
TNCSC-KMS2025-26-2700,2700,Thirunelveli,Cheranmahadevi,Arikesavanallur,2025-09-13,2026-06-06,Closed,8.707352,77.510524,KMS 2025-26 as on 12-07-2026,Tamil Nadu Civil Supplies Corporation
TNCSC-KMS2025-26-2701,2701,Thirunelveli,Cheranmahadevi,Athalanallur,2025-09-16,2025-11-17,Closed,8.810893,77.703650,KMS 2025-26 as on 12-07-2026,Tamil Nadu Civil Supplies Corporation
TNCSC-KMS2025-26-2702,2702,Thirunelveli,Cheranmahadevi,Chairanmahadevi,2025-09-23,2025-11-14,Closed,8.689903,77.562273,KMS 2025-26 as on 12-07-2026,Tamil Nadu Civil Supplies Corporation
TNCSC-KMS2025-26-2703,2703,Thirunelveli,Cheranmahadevi,Gopalasamuthiram,2025-10-27,2025-12-02,Closed,8.664642,77.636609,KMS 2025-26 as on 12-07-2026,Tamil Nadu Civil Supplies Corporation
TNCSC-KMS2025-26-2704,2704,Thirunelveli,Cheranmahadevi,Melaseval,2025-09-29,2025-11-16,Closed,8.661090,77.613882,KMS 2025-26 as on 12-07-2026,Tamil Nadu Civil Supplies Corporation
TNCSC-KMS2025-26-2705,2705,Thirunelveli,Cheranmahadevi,North Ariyanagipuram 1,2026-03-06,2026-05-29,Closed,8.715724,77.554517,KMS 2025-26 as on 12-07-2026,Tamil Nadu Civil Supplies Corporation
TNCSC-KMS2025-26-2706,2706,Thirunelveli,Cheranmahadevi,Pappakudi,2025-09-29,2026-05-20,Closed,8.750683,77.500921,KMS 2025-26 as on 12-07-2026,Tamil Nadu Civil Supplies Corporation
TNCSC-KMS2025-26-2707,2707,Thirunelveli,Cheranmahadevi,Pattamadai,2025-09-15,2025-11-14,Closed,8.380980,77.432500,KMS 2025-26 as on 12-07-2026,Tamil Nadu Civil Supplies Corporation
TNCSC-KMS2025-26-2708,2708,Thirunelveli,Cheranmahadevi,Poongudaiyarkulam,2026-03-31,2026-05-30,Closed,8.609033,77.599252,KMS 2025-26 as on 12-07-2026,Tamil Nadu Civil Supplies Corporation
TNCSC-KMS2025-26-2709,2709,Thirunelveli,Cheranmahadevi,Therku Veeravanallur I,2025-09-11,2025-11-21,Closed,8.664632,77.510123,KMS 2025-26 as on 12-07-2026,Tamil Nadu Civil Supplies Corporation
TNCSC-KMS2025-26-2710,2710,Thirunelveli,Cheranmahadevi,Thirupudaimaruthur,2025-09-12,2026-05-06,Closed,8.728266,77.496572,KMS 2025-26 as on 12-07-2026,Tamil Nadu Civil Supplies Corporation
TNCSC-KMS2025-26-2711,2711,Thirunelveli,Cheranmahadevi,Vadaku Karukuruchi,2025-09-15,2025-11-20,Closed,8.678863,77.538121,KMS 2025-26 as on 12-07-2026,Tamil Nadu Civil Supplies Corporation
TNCSC-KMS2025-26-2712,2712,Thirunelveli,Cheranmahadevi,Veeravanallur,2025-09-15,2025-11-15,Closed,8.687798,77.514517,KMS 2025-26 as on 12-07-2026,Tamil Nadu Civil Supplies Corporation
TNCSC-KMS2025-26-2713,2713,Thirunelveli,Cheranmahadevi,Venkatrangapuram,2026-04-03,2026-06-01,Closed,8.579745,77.605018,KMS 2025-26 as on 12-07-2026,Tamil Nadu Civil Supplies Corporation
TNCSC-KMS2025-26-2714,2714,Thirunelveli,Manur,Kalakkudy,2026-03-06,2026-06-08,Closed,8.890441,77.605343,KMS 2025-26 as on 12-07-2026,Tamil Nadu Civil Supplies Corporation
TNCSC-KMS2025-26-2715,2715,Thirunelveli,Manur,Pallamadai Dpc,2026-03-03,2026-05-18,Closed,8.804196,77.770345,KMS 2025-26 as on 12-07-2026,Tamil Nadu Civil Supplies Corporation
TNCSC-KMS2025-26-2716,2716,Thirunelveli,Manur,Sheliyanallur,2026-04-06,2026-04-18,Closed,8.889808,77.706650,KMS 2025-26 as on 12-07-2026,Tamil Nadu Civil Supplies Corporation
TNCSC-KMS2025-26-2717,2717,Thirunelveli,Manur,Thenkalam,2026-03-03,2026-05-13,Closed,8.810798,77.703636,KMS 2025-26 as on 12-07-2026,Tamil Nadu Civil Supplies Corporation
TNCSC-KMS2025-26-2718,2718,Thirunelveli,Manur,Ukkirankottai,2026-03-06,2026-05-02,Closed,8.911640,77.599013,KMS 2025-26 as on 12-07-2026,Tamil Nadu Civil Supplies Corporation
TNCSC-KMS2025-26-2719,2719,Thirunelveli,Nanguneri,Alwaneri,2026-04-04,2026-06-10,Closed,8.603071,77.738887,KMS 2025-26 as on 12-07-2026,Tamil Nadu Civil Supplies Corporation
TNCSC-KMS2025-26-2720,2720,Thirunelveli,Nanguneri,Ambalam,2026-03-14,2026-06-01,Closed,8.517500,77.716600,KMS 2025-26 as on 12-07-2026,Tamil Nadu Civil Supplies Corporation
TNCSC-KMS2025-26-2721,2721,Thirunelveli,Nanguneri,Keelakaduvetti,2025-09-13,2025-10-28,Closed,8.567896,77.621209,KMS 2025-26 as on 12-07-2026,Tamil Nadu Civil Supplies Corporation
TNCSC-KMS2025-26-2722,2722,Thirunelveli,Nanguneri,Moolakkaraipatti,2026-03-10,2026-05-24,Closed,8.550247,77.798886,KMS 2025-26 as on 12-07-2026,Tamil Nadu Civil Supplies Corporation
TNCSC-KMS2025-26-2723,2723,Thirunelveli,Nanguneri,Moontradaippu,2026-03-05,2026-05-24,Closed,8.596538,77.685677,KMS 2025-26 as on 12-07-2026,Tamil Nadu Civil Supplies Corporation
TNCSC-KMS2025-26-2724,2724,Thirunelveli,Nanguneri,Thirukurungudi,2025-09-19,2026-05-20,Closed,8.432588,77.563094,KMS 2025-26 as on 12-07-2026,Tamil Nadu Civil Supplies Corporation
TNCSC-KMS2025-26-2725,2725,Thirunelveli,Nanguneri,Vadamalai Samuthiram,2026-03-06,2026-05-27,Closed,8.540412,77.567593,KMS 2025-26 as on 12-07-2026,Tamil Nadu Civil Supplies Corporation
TNCSC-KMS2025-26-2726,2726,Thirunelveli,Palayamkottai,Itteri,2026-03-07,2026-05-21,Closed,8.628016,77.751311,KMS 2025-26 as on 12-07-2026,Tamil Nadu Civil Supplies Corporation
TNCSC-KMS2025-26-2727,2727,Thirunelveli,Palayamkottai,Keelaththidiyur,2026-03-09,2026-06-09,Closed,8.622832,77.652182,KMS 2025-26 as on 12-07-2026,Tamil Nadu Civil Supplies Corporation
TNCSC-KMS2025-26-2728,2728,Thirunelveli,Palayamkottai,Keezhanatham,2025-10-07,2025-12-01,Closed,8.749284,77.756241,KMS 2025-26 as on 12-07-2026,Tamil Nadu Civil Supplies Corporation
TNCSC-KMS2025-26-2729,2729,Thirunelveli,Palayamkottai,Kunnathur,2025-10-15,2025-12-05,Closed,12.571379,80.157828,KMS 2025-26 as on 12-07-2026,Tamil Nadu Civil Supplies Corporation
TNCSC-KMS2025-26-2730,2730,Thirunelveli,Palayamkottai,Melaputhaneri,2026-03-20,2026-06-07,Closed,8.728921,77.824838,KMS 2025-26 as on 12-07-2026,Tamil Nadu Civil Supplies Corporation
TNCSC-KMS2025-26-2731,2731,Thirunelveli,Palayamkottai,Muneer Pallam,2025-10-24,2026-05-16,Closed,8.682520,77.700786,KMS 2025-26 as on 12-07-2026,Tamil Nadu Civil Supplies Corporation
TNCSC-KMS2025-26-2732,2732,Thirunelveli,Palayamkottai,Naduvakurichi,2025-11-13,2026-05-13,Closed,8.745550,77.807855,KMS 2025-26 as on 12-07-2026,Tamil Nadu Civil Supplies Corporation
TNCSC-KMS2025-26-2733,2733,Thirunelveli,Palayamkottai,Padapakurchi,2025-10-14,2026-05-15,Closed,8.742032,77.745123,KMS 2025-26 as on 12-07-2026,Tamil Nadu Civil Supplies Corporation
TNCSC-KMS2025-26-2734,2734,Thirunelveli,Palayamkottai,Puthukulam,2026-03-17,2026-06-03,Closed,8.636029,77.723323,KMS 2025-26 as on 12-07-2026,Tamil Nadu Civil Supplies Corporation
TNCSC-KMS2025-26-2735,2735,Thirunelveli,Palayamkottai,Sengulam,2026-03-19,2026-06-11,Closed,8.606466,77.682913,KMS 2025-26 as on 12-07-2026,Tamil Nadu Civil Supplies Corporation
TNCSC-KMS2025-26-2736,2736,Thirunelveli,Palayamkottai,Sivanthipatti,2026-03-11,2026-05-23,Closed,8.643580,77.787452,KMS 2025-26 as on 12-07-2026,Tamil Nadu Civil Supplies Corporation
TNCSC-KMS2025-26-2737,2737,Thirunelveli,Palayamkottai,Tharuvai,2025-10-11,2025-11-05,Closed,8.675061,77.677847,KMS 2025-26 as on 12-07-2026,Tamil Nadu Civil Supplies Corporation
TNCSC-KMS2025-26-2738,2738,Thirunelveli,Palayamkottai,Tirumalaikolundupuram,2026-03-20,,Open,8.774811,77.778533,KMS 2025-26 as on 12-07-2026,Tamil Nadu Civil Supplies Corporation
TNCSC-KMS2025-26-2739,2739,Thirunelveli,Palayamkottai,Vellakoil,2025-10-22,2025-11-28,Closed,8.745620,77.729118,KMS 2025-26 as on 12-07-2026,Tamil Nadu Civil Supplies Corporation
TNCSC-KMS2025-26-2740,2740,Thirunelveli,Radhapuram,Valliyur Dpc,2026-03-07,2026-05-26,Closed,8.395680,77.614512,KMS 2025-26 as on 12-07-2026,Tamil Nadu Civil Supplies Corporation
TNCSC-KMS2025-26-2741,2741,Thirunelveli,Tirunelveli,Arugankulam,2026-03-18,2026-06-09,Closed,8.771075,77.713613,KMS 2025-26 as on 12-07-2026,Tamil Nadu Civil Supplies Corporation
TNCSC-KMS2025-26-2742,2742,Thirunelveli,Tirunelveli,Gangaikondan 1,2026-03-14,2026-06-06,Closed,8.852652,77.791359,KMS 2025-26 as on 12-07-2026,Tamil Nadu Civil Supplies Corporation
TNCSC-KMS2025-26-2743,2743,Thirunelveli,Tirunelveli,Melakallur,2025-09-13,2026-05-28,Closed,8.710948,77.593650,KMS 2025-26 as on 12-07-2026,Tamil Nadu Civil Supplies Corporation
TNCSC-KMS2025-26-2744,2744,Thirunelveli,Tirunelveli,Naranammalpuram,2026-03-18,2026-06-03,Closed,8.759066,77.736782,KMS 2025-26 as on 12-07-2026,Tamil Nadu Civil Supplies Corporation
TNCSC-KMS2025-26-2745,2745,Thirunelveli,Tirunelveli,Narasinga Nallur,2026-03-12,2026-06-08,Closed,8.662942,77.633427,KMS 2025-26 as on 12-07-2026,Tamil Nadu Civil Supplies Corporation
TNCSC-KMS2025-26-2746,2746,Thirunelveli,Tirunelveli,Palamadai,2026-03-07,2026-05-07,Closed,8.804196,77.770345,KMS 2025-26 as on 12-07-2026,Tamil Nadu Civil Supplies Corporation
TNCSC-KMS2025-26-2747,2747,Thirunelveli,Tirunelveli,Ramayanpatti,2025-09-22,2025-12-04,Closed,8.756133,77.687644,KMS 2025-26 as on 12-07-2026,Tamil Nadu Civil Supplies Corporation
TNCSC-KMS2025-26-2748,2748,Thirunelveli,Tirunelveli,Suthamalli,2025-10-08,2025-11-18,Closed,9.751122,78.829163,KMS 2025-26 as on 12-07-2026,Tamil Nadu Civil Supplies Corporation
TNCSC-KMS2025-26-2749,2749,Thirunelveli,Tirunelveli,Thulukarkulam,2026-03-13,2026-05-31,Closed,8.754839,77.634135,KMS 2025-26 as on 12-07-2026,Tamil Nadu Civil Supplies Corporation
TNCSC-KMS2025-26-2750,2750,Thirunelveli,Tisayanvilai,Vijayanarayanam Pa-1,2026-03-09,2026-05-26,Closed,8.422597,77.791385,KMS 2025-26 as on 12-07-2026,Tamil Nadu Civil Supplies Corporation
TNCSC-KMS2025-26-2751,2751,Thiruvallore,Avadi,Karlambakkam,2025-09-25,2026-06-25,Closed,13.179466,80.041321,KMS 2025-26 as on 12-07-2026,Tamil Nadu Civil Supplies Corporation
TNCSC-KMS2025-26-2752,2752,Thiruvallore,Avadi,Palavedu,2025-09-23,2026-06-16,Closed,13.151522,80.051808,KMS 2025-26 as on 12-07-2026,Tamil Nadu Civil Supplies Corporation
TNCSC-KMS2025-26-2753,2753,Thiruvallore,Gummidipoondi,Narasingapuram,2025-09-12,2026-03-09,Closed,10.000714,79.055974,KMS 2025-26 as on 12-07-2026,Tamil Nadu Civil Supplies Corporation
TNCSC-KMS2025-26-2754,2754,Thiruvallore,Gummidipoondi,Puduvoyal,2025-09-10,2026-07-10,Closed,13.329808,80.148347,KMS 2025-26 as on 12-07-2026,Tamil Nadu Civil Supplies Corporation
TNCSC-KMS2025-26-2755,2755,Thiruvallore,Gummidipoondi,Thervazhi,2025-09-11,2026-07-09,Closed,13.418435,80.137901,KMS 2025-26 as on 12-07-2026,Tamil Nadu Civil Supplies Corporation
TNCSC-KMS2025-26-2756,2756,Thiruvallore,Gummidipoondi,Thervoykandigai,2026-01-30,2026-07-04,Closed,13.375504,79.992040,KMS 2025-26 as on 12-07-2026,Tamil Nadu Civil Supplies Corporation
TNCSC-KMS2025-26-2757,2757,Thiruvallore,Pallipattu,Nochili (E),2025-09-03,2026-06-26,Closed,13.233546,79.470665,KMS 2025-26 as on 12-07-2026,Tamil Nadu Civil Supplies Corporation
TNCSC-KMS2025-26-2758,2758,Thiruvallore,Pallipattu,Podhaturpet (W),2025-09-02,2026-06-02,Closed,13.300136,79.475472,KMS 2025-26 as on 12-07-2026,Tamil Nadu Civil Supplies Corporation
TNCSC-KMS2025-26-2759,2759,Thiruvallore,Pallipattu,Vadakuppam,2025-09-02,2026-06-12,Closed,13.280667,79.444657,KMS 2025-26 as on 12-07-2026,Tamil Nadu Civil Supplies Corporation
TNCSC-KMS2025-26-2760,2760,Thiruvallore,Ponneri,Aaladu 1,2025-09-16,2025-11-27,Closed,13.334433,80.212068,KMS 2025-26 as on 12-07-2026,Tamil Nadu Civil Supplies Corporation
TNCSC-KMS2025-26-2761,2761,Thiruvallore,Ponneri,Chinnambedu,2025-09-12,2026-07-08,Closed,13.315185,80.124285,KMS 2025-26 as on 12-07-2026,Tamil Nadu Civil Supplies Corporation
TNCSC-KMS2025-26-2762,2762,Thiruvallore,Ponneri,Gnayar,2026-06-08,2026-07-03,Closed,13.260771,80.213755,KMS 2025-26 as on 12-07-2026,Tamil Nadu Civil Supplies Corporation
TNCSC-KMS2025-26-2763,2763,Thiruvallore,Ponneri,Ilupakkam,2025-09-25,2026-03-11,Closed,13.416374,80.210899,KMS 2025-26 as on 12-07-2026,Tamil Nadu Civil Supplies Corporation
TNCSC-KMS2025-26-2764,2764,Thiruvallore,Ponneri,Medur,2025-09-11,2026-03-16,Closed,13.383911,80.216079,KMS 2025-26 as on 12-07-2026,Tamil Nadu Civil Supplies Corporation
TNCSC-KMS2025-26-2765,2765,Thiruvallore,Ponneri,Natham,2025-09-12,2026-06-26,Closed,11.797382,79.480056,KMS 2025-26 as on 12-07-2026,Tamil Nadu Civil Supplies Corporation
TNCSC-KMS2025-26-2766,2766,Thiruvallore,Ponneri,Periyamullavoyal,2025-09-17,2026-03-04,Closed,13.249690,80.235216,KMS 2025-26 as on 12-07-2026,Tamil Nadu Civil Supplies Corporation
TNCSC-KMS2025-26-2767,2767,Thiruvallore,Ponneri,Thatchur,2025-09-12,2026-07-04,Closed,13.280314,80.163593,KMS 2025-26 as on 12-07-2026,Tamil Nadu Civil Supplies Corporation
TNCSC-KMS2025-26-2768,2768,Thiruvallore,Ponneri,Thiruvellavoyal,2026-01-23,2026-03-16,Closed,12.632070,79.430270,KMS 2025-26 as on 12-07-2026,Tamil Nadu Civil Supplies Corporation
TNCSC-KMS2025-26-2769,2769,Thiruvallore,Poonamallee,Amuthurmedu,2025-09-11,2026-06-13,Closed,13.100564,80.058208,KMS 2025-26 as on 12-07-2026,Tamil Nadu Civil Supplies Corporation
TNCSC-KMS2025-26-2770,2770,Thiruvallore,Poonamallee,Kuthambakkam,2025-09-01,2026-06-08,Closed,13.057644,80.031548,KMS 2025-26 as on 12-07-2026,Tamil Nadu Civil Supplies Corporation
TNCSC-KMS2025-26-2771,2771,Thiruvallore,R. K. Pettai,Ammaneri,2025-09-03,2026-06-02,Closed,13.145370,79.467822,KMS 2025-26 as on 12-07-2026,Tamil Nadu Civil Supplies Corporation
TNCSC-KMS2025-26-2772,2772,Thiruvallore,R. K. Pettai,G.C.S.Kandigai,2026-05-22,2026-06-29,Closed,13.206916,79.541416,KMS 2025-26 as on 12-07-2026,Tamil Nadu Civil Supplies Corporation
TNCSC-KMS2025-26-2773,2773,Thiruvallore,R. K. Pettai,Peddaramapuram,2025-09-05,2026-06-19,Closed,13.099503,79.367436,KMS 2025-26 as on 12-07-2026,Tamil Nadu Civil Supplies Corporation
TNCSC-KMS2025-26-2774,2774,Thiruvallore,R. K. Pettai,Rajanagaram,2026-04-02,2026-05-21,Closed,13.186127,79.425647,KMS 2025-26 as on 12-07-2026,Tamil Nadu Civil Supplies Corporation
TNCSC-KMS2025-26-2775,2775,Thiruvallore,R. K. Pettai,Veeramanagalam,2025-09-02,,Open,13.131552,79.397206,KMS 2025-26 as on 12-07-2026,Tamil Nadu Civil Supplies Corporation
TNCSC-KMS2025-26-2776,2776,Thiruvallore,Tiruttani,Beerakuppam,2025-09-03,2026-06-25,Closed,13.177600,79.514391,KMS 2025-26 as on 12-07-2026,Tamil Nadu Civil Supplies Corporation
TNCSC-KMS2025-26-2777,2777,Thiruvallore,Tiruttani,Chinnamandali,2025-09-03,2026-05-15,Closed,13.055500,79.799391,KMS 2025-26 as on 12-07-2026,Tamil Nadu Civil Supplies Corporation
TNCSC-KMS2025-26-2778,2778,Thiruvallore,Tiruttani,Gulur,2025-09-10,2026-06-25,Closed,13.209602,79.775732,KMS 2025-26 as on 12-07-2026,Tamil Nadu Civil Supplies Corporation
TNCSC-KMS2025-26-2779,2779,Thiruvallore,Tiruttani,Kalambakkam,2025-09-04,2026-05-25,Closed,13.034246,79.803743,KMS 2025-26 as on 12-07-2026,Tamil Nadu Civil Supplies Corporation
TNCSC-KMS2025-26-2780,2780,Thiruvallore,Tiruttani,Kanchipadi,2026-01-28,2026-06-13,Closed,13.214026,79.786617,KMS 2025-26 as on 12-07-2026,Tamil Nadu Civil Supplies Corporation
TNCSC-KMS2025-26-2781,2781,Thiruvallore,Tiruttani,Krishnasamudram-A,2026-04-15,2026-06-24,Closed,13.210767,79.546821,KMS 2025-26 as on 12-07-2026,Tamil Nadu Civil Supplies Corporation
TNCSC-KMS2025-26-2782,2782,Thiruvallore,Tiruttani,Manavur,2025-09-18,2026-06-07,Closed,13.100620,79.801200,KMS 2025-26 as on 12-07-2026,Tamil Nadu Civil Supplies Corporation
TNCSC-KMS2025-26-2783,2783,Thiruvallore,Tiruttani,Nemili,2025-09-03,2025-11-08,Closed,13.143496,79.467986,KMS 2025-26 as on 12-07-2026,Tamil Nadu Civil Supplies Corporation
TNCSC-KMS2025-26-2784,2784,Thiruvallore,Tiruttani,Orathur,2026-04-07,2026-06-18,Closed,12.491521,79.796705,KMS 2025-26 as on 12-07-2026,Tamil Nadu Civil Supplies Corporation
TNCSC-KMS2025-26-2785,2785,Thiruvallore,Tiruttani,Pagasalai,2025-09-03,2026-06-25,Closed,11.166500,79.739030,KMS 2025-26 as on 12-07-2026,Tamil Nadu Civil Supplies Corporation
TNCSC-KMS2025-26-2786,2786,Thiruvallore,Tiruttani,Panapakkam,2026-04-11,2026-06-22,Closed,12.914721,79.567746,KMS 2025-26 as on 12-07-2026,Tamil Nadu Civil Supplies Corporation
TNCSC-KMS2025-26-2787,2787,Thiruvallore,Tiruttani,Periakalakattur A,2025-09-18,2026-06-15,Closed,13.063548,79.759088,KMS 2025-26 as on 12-07-2026,Tamil Nadu Civil Supplies Corporation
TNCSC-KMS2025-26-2788,2788,Thiruvallore,Tiruttani,Poonimangadu A,2025-09-02,,Open,13.253166,79.664127,KMS 2025-26 as on 12-07-2026,Tamil Nadu Civil Supplies Corporation
TNCSC-KMS2025-26-2789,2789,Thiruvallore,Tiruttani,Tiruthani Arms,2025-09-01,2026-06-09,Closed,13.163682,79.617274,KMS 2025-26 as on 12-07-2026,Tamil Nadu Civil Supplies Corporation
TNCSC-KMS2025-26-2790,2790,Thiruvallore,Tiruttani,Veeraragavapuram A,2025-09-03,2026-06-23,Closed,13.123456,79.751145,KMS 2025-26 as on 12-07-2026,Tamil Nadu Civil Supplies Corporation
TNCSC-KMS2025-26-2791,2791,Thiruvallore,Tiruttani,Velanjeri,2026-04-08,2026-06-16,Closed,13.201273,79.626176,KMS 2025-26 as on 12-07-2026,Tamil Nadu Civil Supplies Corporation
TNCSC-KMS2025-26-2792,2792,Thiruvallore,Tiruvallur,Auyalur,2025-09-03,2026-06-23,Closed,13.162376,79.983214,KMS 2025-26 as on 12-07-2026,Tamil Nadu Civil Supplies Corporation
TNCSC-KMS2025-26-2793,2793,Thiruvallore,Tiruvallur,Erayamangalam,2026-04-15,2026-05-21,Closed,13.051793,79.867606,KMS 2025-26 as on 12-07-2026,Tamil Nadu Civil Supplies Corporation
TNCSC-KMS2025-26-2794,2794,Thiruvallore,Tiruvallur,Guruvayal,2025-09-15,2026-06-29,Closed,13.231444,80.065764,KMS 2025-26 as on 12-07-2026,Tamil Nadu Civil Supplies Corporation
TNCSC-KMS2025-26-2795,2795,Thiruvallore,Tiruvallur,Irulancheri,2025-09-03,2026-05-20,Closed,13.027068,79.817237,KMS 2025-26 as on 12-07-2026,Tamil Nadu Civil Supplies Corporation
TNCSC-KMS2025-26-2796,2796,Thiruvallore,Tiruvallur,Kaivandur,2025-09-02,2026-05-23,Closed,13.140662,79.856611,KMS 2025-26 as on 12-07-2026,Tamil Nadu Civil Supplies Corporation
TNCSC-KMS2025-26-2797,2797,Thiruvallore,Tiruvallur,Kavankolathur,2025-09-03,2026-05-16,Closed,13.061705,79.833503,KMS 2025-26 as on 12-07-2026,Tamil Nadu Civil Supplies Corporation
TNCSC-KMS2025-26-2798,2798,Thiruvallore,Tiruvallur,Kondancheri,2025-09-01,2026-05-20,Closed,13.034005,79.834147,KMS 2025-26 as on 12-07-2026,Tamil Nadu Civil Supplies Corporation
TNCSC-KMS2025-26-2799,2799,Thiruvallore,Tiruvallur,Koovam,2025-09-01,2026-05-20,Closed,13.021530,79.824891,KMS 2025-26 as on 12-07-2026,Tamil Nadu Civil Supplies Corporation
TNCSC-KMS2025-26-2800,2800,Thiruvallore,Tiruvallur,Kumaracheri,2025-09-01,2026-05-15,Closed,13.021460,79.824903,KMS 2025-26 as on 12-07-2026,Tamil Nadu Civil Supplies Corporation
TNCSC-KMS2025-26-2801,2801,Thiruvallore,Tiruvallur,Kunnavalam,2026-01-28,2026-04-17,Closed,13.171106,79.803399,KMS 2025-26 as on 12-07-2026,Tamil Nadu Civil Supplies Corporation
TNCSC-KMS2025-26-2802,2802,Thiruvallore,Tiruvallur,Monnavedu,2025-09-06,2026-07-06,Closed,13.217683,79.944988,KMS 2025-26 as on 12-07-2026,Tamil Nadu Civil Supplies Corporation
TNCSC-KMS2025-26-2803,2803,Thiruvallore,Tiruvallur,Pakkam,2026-06-01,,Open,12.533167,80.053021,KMS 2025-26 as on 12-07-2026,Tamil Nadu Civil Supplies Corporation
TNCSC-KMS2025-26-2804,2804,Thiruvallore,Tiruvallur,Pannur,2026-06-08,2026-06-12,Closed,12.950473,79.859128,KMS 2025-26 as on 12-07-2026,Tamil Nadu Civil Supplies Corporation
TNCSC-KMS2025-26-2805,2805,Thiruvallore,Tiruvallur,Perambakkam,2025-09-01,2026-05-21,Closed,13.038126,79.810133,KMS 2025-26 as on 12-07-2026,Tamil Nadu Civil Supplies Corporation
TNCSC-KMS2025-26-2806,2806,Thiruvallore,Tiruvallur,Perathur,2026-01-20,2026-07-01,Closed,13.197668,79.973998,KMS 2025-26 as on 12-07-2026,Tamil Nadu Civil Supplies Corporation
TNCSC-KMS2025-26-2807,2807,Thiruvallore,Tiruvallur,Pirayankuppam,2025-09-03,2026-05-25,Closed,13.118461,79.872415,KMS 2025-26 as on 12-07-2026,Tamil Nadu Civil Supplies Corporation
TNCSC-KMS2025-26-2808,2808,Thiruvallore,Tiruvallur,Pudumavilangai,2025-09-03,2026-05-02,Closed,13.073996,79.841253,KMS 2025-26 as on 12-07-2026,Tamil Nadu Civil Supplies Corporation
TNCSC-KMS2025-26-2809,2809,Thiruvallore,Tiruvallur,Puliyur,2026-06-05,2026-06-30,Closed,11.655866,79.351715,KMS 2025-26 as on 12-07-2026,Tamil Nadu Civil Supplies Corporation
TNCSC-KMS2025-26-2810,2810,Thiruvallore,Tiruvallur,Punnappakkam,2025-09-03,2026-06-20,Closed,13.183633,79.926256,KMS 2025-26 as on 12-07-2026,Tamil Nadu Civil Supplies Corporation
TNCSC-KMS2025-26-2811,2811,Thiruvallore,Tiruvallur,Ramathandalam,2025-09-18,2026-06-16,Closed,13.212546,79.918489,KMS 2025-26 as on 12-07-2026,Tamil Nadu Civil Supplies Corporation
TNCSC-KMS2025-26-2812,2812,Thiruvallore,Tiruvallur,Sembedu,2025-09-11,2026-07-04,Closed,13.238845,79.992096,KMS 2025-26 as on 12-07-2026,Tamil Nadu Civil Supplies Corporation
TNCSC-KMS2025-26-2813,2813,Thiruvallore,Tiruvallur,Sendrayanpalayam,2026-01-28,2026-06-06,Closed,13.220010,79.826966,KMS 2025-26 as on 12-07-2026,Tamil Nadu Civil Supplies Corporation
TNCSC-KMS2025-26-2814,2814,Thiruvallore,Tiruvallur,Siruvanur,2025-09-11,2026-06-23,Closed,13.146945,79.880649,KMS 2025-26 as on 12-07-2026,Tamil Nadu Civil Supplies Corporation
TNCSC-KMS2025-26-2815,2815,Thiruvallore,Tiruvallur,Thamaraipakkam,2026-05-25,2026-06-26,Closed,12.764564,79.310090,KMS 2025-26 as on 12-07-2026,Tamil Nadu Civil Supplies Corporation
TNCSC-KMS2025-26-2816,2816,Thiruvallore,Tiruvallur,Thomoor,2025-09-08,2026-06-18,Closed,13.204613,79.801006,KMS 2025-26 as on 12-07-2026,Tamil Nadu Civil Supplies Corporation
TNCSC-KMS2025-26-2817,2817,Thiruvallore,Tiruvallur,Vathattur,2026-06-04,,Open,13.187119,79.994812,KMS 2025-26 as on 12-07-2026,Tamil Nadu Civil Supplies Corporation
TNCSC-KMS2025-26-2818,2818,Thiruvallore,Tiruvallur,Velliyur,2025-09-10,2026-06-26,Closed,12.927110,79.692898,KMS 2025-26 as on 12-07-2026,Tamil Nadu Civil Supplies Corporation
TNCSC-KMS2025-26-2819,2819,Thiruvallore,Tiruvallur,Vilappakkam,2025-09-23,2025-11-17,Closed,13.221490,79.975394,KMS 2025-26 as on 12-07-2026,Tamil Nadu Civil Supplies Corporation
TNCSC-KMS2025-26-2820,2820,Thiruvallore,Tiruvallur,Vishnuvakkam,2025-09-02,2026-06-20,Closed,13.199550,79.973508,KMS 2025-26 as on 12-07-2026,Tamil Nadu Civil Supplies Corporation
TNCSC-KMS2025-26-2821,2821,Thiruvallore,Uthukottai,Amirthanallur,2025-09-29,2026-07-03,Closed,13.300953,80.116738,KMS 2025-26 as on 12-07-2026,Tamil Nadu Civil Supplies Corporation
TNCSC-KMS2025-26-2822,2822,Thiruvallore,Uthukottai,Athangikavanur,2025-09-11,2026-06-29,Closed,13.251135,80.048249,KMS 2025-26 as on 12-07-2026,Tamil Nadu Civil Supplies Corporation
TNCSC-KMS2025-26-2823,2823,Thiruvallore,Uthukottai,Enambakkam,2025-09-12,2026-06-20,Closed,13.288977,79.993520,KMS 2025-26 as on 12-07-2026,Tamil Nadu Civil Supplies Corporation
TNCSC-KMS2025-26-2824,2824,Thiruvallore,Uthukottai,Goonipalayam,2026-01-20,,Open,13.278601,79.854076,KMS 2025-26 as on 12-07-2026,Tamil Nadu Civil Supplies Corporation
TNCSC-KMS2025-26-2825,2825,Thiruvallore,Uthukottai,Kakkavakkam,2025-09-12,2026-07-04,Closed,13.310183,80.016986,KMS 2025-26 as on 12-07-2026,Tamil Nadu Civil Supplies Corporation
TNCSC-KMS2025-26-2826,2826,Thiruvallore,Uthukottai,Kalpattu,2026-01-23,2026-06-20,Closed,13.266116,79.975451,KMS 2025-26 as on 12-07-2026,Tamil Nadu Civil Supplies Corporation
TNCSC-KMS2025-26-2827,2827,Thiruvallore,Uthukottai,Katchur,2025-09-04,2026-06-16,Closed,13.286295,79.887643,KMS 2025-26 as on 12-07-2026,Tamil Nadu Civil Supplies Corporation
TNCSC-KMS2025-26-2828,2828,Thiruvallore,Uthukottai,Latchivakkam,2026-01-28,2026-07-04,Closed,13.316887,79.964916,KMS 2025-26 as on 12-07-2026,Tamil Nadu Civil Supplies Corporation
TNCSC-KMS2025-26-2829,2829,Thiruvallore,Uthukottai,Malandur,2025-09-11,2025-10-16,Closed,13.177761,79.513996,KMS 2025-26 as on 12-07-2026,Tamil Nadu Civil Supplies Corporation
TNCSC-KMS2025-26-2830,2830,Thiruvallore,Uthukottai,Mambakkam,2025-09-12,2026-06-12,Closed,13.302964,79.925678,KMS 2025-26 as on 12-07-2026,Tamil Nadu Civil Supplies Corporation
TNCSC-KMS2025-26-2831,2831,Thiruvallore,Uthukottai,Puducheri,2026-01-28,2026-06-20,Closed,10.733423,79.766373,KMS 2025-26 as on 12-07-2026,Tamil Nadu Civil Supplies Corporation
TNCSC-KMS2025-26-2832,2832,Thiruvallore,Uthukottai,Soolaimeni,2025-09-17,2025-11-16,Closed,13.313139,79.986130,KMS 2025-26 as on 12-07-2026,Tamil Nadu Civil Supplies Corporation
TNCSC-KMS2025-26-2833,2833,Thiruvallore,Uthukottai,Tharatchi,2025-09-17,2025-11-16,Closed,13.316600,79.917790,KMS 2025-26 as on 12-07-2026,Tamil Nadu Civil Supplies Corporation
TNCSC-KMS2025-26-2834,2834,Thiruvallore,Uthukottai,Thirunillai,2025-09-15,2026-07-07,Closed,13.304963,80.093465,KMS 2025-26 as on 12-07-2026,Tamil Nadu Civil Supplies Corporation
TNCSC-KMS2025-26-2835,2835,Thiruvallore,Uthukottai,Uthukottai,2025-09-13,2026-06-27,Closed,13.333450,79.896802,KMS 2025-26 as on 12-07-2026,Tamil Nadu Civil Supplies Corporation
TNCSC-KMS2025-26-2836,2836,Thiruvanamalai,Arni,Adanur,2026-06-03,,Open,12.719683,79.312298,KMS 2025-26 as on 12-07-2026,Tamil Nadu Civil Supplies Corporation
TNCSC-KMS2025-26-2837,2837,Thiruvanamalai,Arni,Ariyapadi,2025-09-13,2026-07-04,Closed,12.709944,79.217094,KMS 2025-26 as on 12-07-2026,Tamil Nadu Civil Supplies Corporation
TNCSC-KMS2025-26-2838,2838,Thiruvanamalai,Arni,Thachur,2025-09-12,,Open,12.592010,79.270549,KMS 2025-26 as on 12-07-2026,Tamil Nadu Civil Supplies Corporation
TNCSC-KMS2025-26-2839,2839,Thiruvanamalai,Chengam,Anvarapath,2025-09-13,,Open,12.337498,79.823323,KMS 2025-26 as on 12-07-2026,Tamil Nadu Civil Supplies Corporation
TNCSC-KMS2025-26-2840,2840,Thiruvanamalai,Chengam,Arattavadi,2025-09-23,,Open,12.237554,78.786756,KMS 2025-26 as on 12-07-2026,Tamil Nadu Civil Supplies Corporation
TNCSC-KMS2025-26-2841,2841,Thiruvanamalai,Chengam,Beemanandal,2025-09-22,,Open,12.240138,78.944778,KMS 2025-26 as on 12-07-2026,Tamil Nadu Civil Supplies Corporation
TNCSC-KMS2025-26-2842,2842,Thiruvanamalai,Chengam,Eriyur,2025-09-11,,Open,12.274485,78.899248,KMS 2025-26 as on 12-07-2026,Tamil Nadu Civil Supplies Corporation
TNCSC-KMS2025-26-2843,2843,Thiruvanamalai,Chengam,Melmudiyanur,2025-09-15,,Open,12.281667,78.882315,KMS 2025-26 as on 12-07-2026,Tamil Nadu Civil Supplies Corporation
TNCSC-KMS2025-26-2844,2844,Thiruvanamalai,Chengam,Panaiolaipadi,2026-01-30,,Open,12.351830,78.935497,KMS 2025-26 as on 12-07-2026,Tamil Nadu Civil Supplies Corporation
TNCSC-KMS2025-26-2845,2845,Thiruvanamalai,Chetpet,Nambedu,2026-05-20,,Open,12.474853,79.301925,KMS 2025-26 as on 12-07-2026,Tamil Nadu Civil Supplies Corporation
TNCSC-KMS2025-26-2846,2846,Thiruvanamalai,Chetpet,Nedungunam,2025-09-12,2026-06-29,Closed,12.445453,79.354022,KMS 2025-26 as on 12-07-2026,Tamil Nadu Civil Supplies Corporation
TNCSC-KMS2025-26-2847,2847,Thiruvanamalai,Chetpet,Semmambadi,2026-02-11,,Open,12.522423,79.345623,KMS 2025-26 as on 12-07-2026,Tamil Nadu Civil Supplies Corporation
TNCSC-KMS2025-26-2848,2848,Thiruvanamalai,Cheyyar,Akkur,2025-09-18,2026-07-09,Closed,11.104143,79.786920,KMS 2025-26 as on 12-07-2026,Tamil Nadu Civil Supplies Corporation
TNCSC-KMS2025-26-2849,2849,Thiruvanamalai,Cheyyar,Alathur,2026-06-26,,Open,10.790372,78.742388,KMS 2025-26 as on 12-07-2026,Tamil Nadu Civil Supplies Corporation
TNCSC-KMS2025-26-2850,2850,Thiruvanamalai,Cheyyar,Alathurai,2025-09-12,,Open,12.567214,79.684240,KMS 2025-26 as on 12-07-2026,Tamil Nadu Civil Supplies Corporation
TNCSC-KMS2025-26-2851,2851,Thiruvanamalai,Cheyyar,Kaduganoor,2026-05-19,,Open,12.631300,79.430061,KMS 2025-26 as on 12-07-2026,Tamil Nadu Civil Supplies Corporation
TNCSC-KMS2025-26-2852,2852,Thiruvanamalai,Cheyyar,Kazhiyur,2026-05-22,,Open,12.655079,79.574338,KMS 2025-26 as on 12-07-2026,Tamil Nadu Civil Supplies Corporation
TNCSC-KMS2025-26-2853,2853,Thiruvanamalai,Cheyyar,Melnimili,2026-05-21,,Open,12.558098,79.485676,KMS 2025-26 as on 12-07-2026,Tamil Nadu Civil Supplies Corporation
TNCSC-KMS2025-26-2854,2854,Thiruvanamalai,Cheyyar,Melseshamangalam,2025-09-11,,Open,12.635742,79.343559,KMS 2025-26 as on 12-07-2026,Tamil Nadu Civil Supplies Corporation
TNCSC-KMS2025-26-2855,2855,Thiruvanamalai,Cheyyar,Mulagiripattu,2026-05-21,,Open,12.590028,79.525292,KMS 2025-26 as on 12-07-2026,Tamil Nadu Civil Supplies Corporation
TNCSC-KMS2025-26-2856,2856,Thiruvanamalai,Cheyyar,Navalpakkam,2026-05-22,,Open,12.615502,79.403953,KMS 2025-26 as on 12-07-2026,Tamil Nadu Civil Supplies Corporation
TNCSC-KMS2025-26-2857,2857,Thiruvanamalai,Cheyyar,Parasur,2026-05-22,,Open,12.456750,79.157330,KMS 2025-26 as on 12-07-2026,Tamil Nadu Civil Supplies Corporation
TNCSC-KMS2025-26-2858,2858,Thiruvanamalai,Cheyyar,Puliyarampakkam,2025-09-12,2026-06-24,Closed,12.663095,79.556408,KMS 2025-26 as on 12-07-2026,Tamil Nadu Civil Supplies Corporation
TNCSC-KMS2025-26-2859,2859,Thiruvanamalai,Cheyyar,Thavasimedu,2025-09-11,2026-07-08,Closed,12.635303,79.512613,KMS 2025-26 as on 12-07-2026,Tamil Nadu Civil Supplies Corporation
TNCSC-KMS2025-26-2860,2860,Thiruvanamalai,Cheyyar,Ukkal,2025-09-18,,Open,12.784332,79.559465,KMS 2025-26 as on 12-07-2026,Tamil Nadu Civil Supplies Corporation
TNCSC-KMS2025-26-2861,2861,Thiruvanamalai,Kalasapakkam,Elathur,2026-01-30,,Open,12.445667,79.059882,KMS 2025-26 as on 12-07-2026,Tamil Nadu Civil Supplies Corporation
TNCSC-KMS2025-26-2862,2862,Thiruvanamalai,Kalasapakkam,Kadaladi,2025-09-22,,Open,12.409323,78.960681,KMS 2025-26 as on 12-07-2026,Tamil Nadu Civil Supplies Corporation
TNCSC-KMS2025-26-2863,2863,Thiruvanamalai,Kalasapakkam,Kampattu,2026-06-13,,Open,12.443900,79.155900,KMS 2025-26 as on 12-07-2026,Tamil Nadu Civil Supplies Corporation
TNCSC-KMS2025-26-2864,2864,Thiruvanamalai,Kalasapakkam,Padagam,2026-06-03,,Open,12.418985,79.195944,KMS 2025-26 as on 12-07-2026,Tamil Nadu Civil Supplies Corporation
TNCSC-KMS2025-26-2865,2865,Thiruvanamalai,Kalasapakkam,Thenmathimangalam,2025-09-18,,Open,12.436957,79.010160,KMS 2025-26 as on 12-07-2026,Tamil Nadu Civil Supplies Corporation
TNCSC-KMS2025-26-2866,2866,Thiruvanamalai,Kilpennathur,Ananandal,2025-09-19,,Open,12.376049,79.212182,KMS 2025-26 as on 12-07-2026,Tamil Nadu Civil Supplies Corporation
TNCSC-KMS2025-26-2867,2867,Thiruvanamalai,Kilpennathur,Karikilambadi,2026-02-04,2026-05-27,Closed,12.209283,79.208672,KMS 2025-26 as on 12-07-2026,Tamil Nadu Civil Supplies Corporation
TNCSC-KMS2025-26-2868,2868,Thiruvanamalai,Kilpennathur,Kolathur,2026-02-02,,Open,12.368013,79.820206,KMS 2025-26 as on 12-07-2026,Tamil Nadu Civil Supplies Corporation
TNCSC-KMS2025-26-2869,2869,Thiruvanamalai,Kilpennathur,Somasipadi,2026-07-08,,Open,12.240481,79.147419,KMS 2025-26 as on 12-07-2026,Tamil Nadu Civil Supplies Corporation
TNCSC-KMS2025-26-2870,2870,Thiruvanamalai,Polur,99 Puduppalayam,2025-09-16,,Open,12.483715,79.111135,KMS 2025-26 as on 12-07-2026,Tamil Nadu Civil Supplies Corporation
TNCSC-KMS2025-26-2871,2871,Thiruvanamalai,Polur,Mandakolathur,2026-01-30,,Open,12.249448,79.074965,KMS 2025-26 as on 12-07-2026,Tamil Nadu Civil Supplies Corporation
TNCSC-KMS2025-26-2872,2872,Thiruvanamalai,Polur,Modaiyur,2025-09-12,2026-07-09,Closed,12.504227,79.227271,KMS 2025-26 as on 12-07-2026,Tamil Nadu Civil Supplies Corporation
TNCSC-KMS2025-26-2873,2873,Thiruvanamalai,Polur,Pellassur,2026-05-20,,Open,12.456648,79.157201,KMS 2025-26 as on 12-07-2026,Tamil Nadu Civil Supplies Corporation
TNCSC-KMS2025-26-2874,2874,Thiruvanamalai,Polur,Pettai Tirusoor X Road,2025-09-10,,Open,12.483250,79.083179,KMS 2025-26 as on 12-07-2026,Tamil Nadu Civil Supplies Corporation
TNCSC-KMS2025-26-2875,2875,Thiruvanamalai,Polur,Polur Kunnathur,2026-05-20,,Open,12.531805,79.137635,KMS 2025-26 as on 12-07-2026,Tamil Nadu Civil Supplies Corporation
TNCSC-KMS2025-26-2876,2876,Thiruvanamalai,Polur,Vadmathimangalam,2025-09-16,,Open,12.587301,79.194644,KMS 2025-26 as on 12-07-2026,Tamil Nadu Civil Supplies Corporation
TNCSC-KMS2025-26-2877,2877,Thiruvanamalai,Thandrampet,Thandarampattu,2025-09-15,,Open,12.168115,78.942857,KMS 2025-26 as on 12-07-2026,Tamil Nadu Civil Supplies Corporation
TNCSC-KMS2025-26-2878,2878,Thiruvanamalai,Thandrampet,Thanipadi,2026-02-05,,Open,12.132770,79.863927,KMS 2025-26 as on 12-07-2026,Tamil Nadu Civil Supplies Corporation
TNCSC-KMS2025-26-2879,2879,Thiruvanamalai,Thandrampet,Vanapuram,2026-02-06,,Open,12.108448,79.020680,KMS 2025-26 as on 12-07-2026,Tamil Nadu Civil Supplies Corporation
TNCSC-KMS2025-26-2880,2880,Thiruvanamalai,Tiruvannamalai,Andampallam,2025-09-18,2026-06-19,Closed,12.095708,79.169610,KMS 2025-26 as on 12-07-2026,Tamil Nadu Civil Supplies Corporation
TNCSC-KMS2025-26-2881,2881,Thiruvanamalai,Tiruvannamalai,Devanampattu,2026-06-08,,Open,10.786624,79.411718,KMS 2025-26 as on 12-07-2026,Tamil Nadu Civil Supplies Corporation
TNCSC-KMS2025-26-2882,2882,Thiruvanamalai,Tiruvannamalai,Kadagamaan,2025-09-17,,Open,12.050763,79.149385,KMS 2025-26 as on 12-07-2026,Tamil Nadu Civil Supplies Corporation
TNCSC-KMS2025-26-2883,2883,Thiruvanamalai,Tiruvannamalai,Karutthuvampadi,2026-01-28,,Open,12.335352,79.062458,KMS 2025-26 as on 12-07-2026,Tamil Nadu Civil Supplies Corporation
TNCSC-KMS2025-26-2884,2884,Thiruvanamalai,Tiruvannamalai,Mathalampadi,2026-05-26,,Open,12.525750,79.428150,KMS 2025-26 as on 12-07-2026,Tamil Nadu Civil Supplies Corporation
TNCSC-KMS2025-26-2885,2885,Thiruvanamalai,Tiruvannamalai,Narthampoondi,2026-06-17,,Open,12.414435,79.069625,KMS 2025-26 as on 12-07-2026,Tamil Nadu Civil Supplies Corporation
TNCSC-KMS2025-26-2886,2886,Thiruvanamalai,Tiruvannamalai,Periyakilampadi,2025-09-19,2025-10-31,Closed,12.612734,79.632669,KMS 2025-26 as on 12-07-2026,Tamil Nadu Civil Supplies Corporation
TNCSC-KMS2025-26-2887,2887,Thiruvanamalai,Tiruvannamalai,Sorakulathur,2026-06-17,,Open,10.826892,79.580846,KMS 2025-26 as on 12-07-2026,Tamil Nadu Civil Supplies Corporation
TNCSC-KMS2025-26-2888,2888,Thiruvanamalai,Tiruvannamalai,Veluganandal,2025-09-10,,Open,12.363558,79.137401,KMS 2025-26 as on 12-07-2026,Tamil Nadu Civil Supplies Corporation
TNCSC-KMS2025-26-2889,2889,Thiruvanamalai,Tiruvannamalai,Veraiyur,2026-02-05,,Open,12.093058,79.130610,KMS 2025-26 as on 12-07-2026,Tamil Nadu Civil Supplies Corporation
TNCSC-KMS2025-26-2890,2890,Thiruvanamalai,Vandavasi,Arasoor,2025-09-09,,Open,12.515418,79.554145,KMS 2025-26 as on 12-07-2026,Tamil Nadu Civil Supplies Corporation
TNCSC-KMS2025-26-2891,2891,Thiruvanamalai,Vandavasi,Eramalur,2026-05-21,,Open,12.404556,79.636857,KMS 2025-26 as on 12-07-2026,Tamil Nadu Civil Supplies Corporation
TNCSC-KMS2025-26-2892,2892,Thiruvanamalai,Vandavasi,Irumpedu,2025-09-11,,Open,12.688624,79.295456,KMS 2025-26 as on 12-07-2026,Tamil Nadu Civil Supplies Corporation
TNCSC-KMS2025-26-2893,2893,Thiruvanamalai,Vandavasi,Kilseshamangalam,2025-09-16,,Open,12.472591,79.741972,KMS 2025-26 as on 12-07-2026,Tamil Nadu Civil Supplies Corporation
TNCSC-KMS2025-26-2894,2894,Thiruvanamalai,Vandavasi,Kovalai,2026-05-20,,Open,12.527982,79.734098,KMS 2025-26 as on 12-07-2026,Tamil Nadu Civil Supplies Corporation
TNCSC-KMS2025-26-2895,2895,Thiruvanamalai,Vandavasi,Maruthadu,2026-06-17,,Open,12.475947,79.658497,KMS 2025-26 as on 12-07-2026,Tamil Nadu Civil Supplies Corporation
TNCSC-KMS2025-26-2896,2896,Thiruvanamalai,Vandavasi,Mazhaiyur,2026-05-20,,Open,12.493515,79.475631,KMS 2025-26 as on 12-07-2026,Tamil Nadu Civil Supplies Corporation
TNCSC-KMS2025-26-2897,2897,Thiruvanamalai,Vandavasi,Mosavadi,2026-05-21,,Open,12.525123,79.428214,KMS 2025-26 as on 12-07-2026,Tamil Nadu Civil Supplies Corporation
TNCSC-KMS2025-26-2898,2898,Thiruvanamalai,Vandavasi,Nallur,2025-09-15,,Open,12.860376,79.733154,KMS 2025-26 as on 12-07-2026,Tamil Nadu Civil Supplies Corporation
TNCSC-KMS2025-26-2899,2899,Thiruvanamalai,Vandavasi,Pernamallur,2025-09-15,,Open,12.575929,79.432144,KMS 2025-26 as on 12-07-2026,Tamil Nadu Civil Supplies Corporation
TNCSC-KMS2025-26-2900,2900,Thiruvanamalai,Vandavasi,Ponnur,2025-09-17,,Open,12.470736,79.541325,KMS 2025-26 as on 12-07-2026,Tamil Nadu Civil Supplies Corporation
TNCSC-KMS2025-26-2901,2901,Thiruvanamalai,Vandavasi,Thennathur,2025-09-15,,Open,12.433593,79.443868,KMS 2025-26 as on 12-07-2026,Tamil Nadu Civil Supplies Corporation
TNCSC-KMS2025-26-2902,2902,Thiruvanamalai,Vandavasi,Theyyaar,2026-05-26,,Open,12.395613,79.593885,KMS 2025-26 as on 12-07-2026,Tamil Nadu Civil Supplies Corporation
TNCSC-KMS2025-26-2903,2903,Thiruvanamalai,Vandavasi,Vallam,2025-09-10,,Open,11.001052,79.772737,KMS 2025-26 as on 12-07-2026,Tamil Nadu Civil Supplies Corporation
TNCSC-KMS2025-26-2904,2904,Thiruvanamalai,Vembakkam,Brammadesam,2026-07-07,,Open,12.841736,79.518960,KMS 2025-26 as on 12-07-2026,Tamil Nadu Civil Supplies Corporation
TNCSC-KMS2025-26-2905,2905,Thiruvanamalai,Vembakkam,Kilnelli,2026-05-22,,Open,12.752953,79.604234,KMS 2025-26 as on 12-07-2026,Tamil Nadu Civil Supplies Corporation
TNCSC-KMS2025-26-2906,2906,Thiruvanamalai,Vembakkam,Kutthanur,2025-09-20,,Open,12.808570,79.551830,KMS 2025-26 as on 12-07-2026,Tamil Nadu Civil Supplies Corporation
TNCSC-KMS2025-26-2907,2907,Thiruvanamalai,Vembakkam,Sirunavalpattu,2025-09-13,2026-06-17,Closed,12.846826,79.538180,KMS 2025-26 as on 12-07-2026,Tamil Nadu Civil Supplies Corporation
TNCSC-KMS2025-26-2908,2908,Thiruvanamalai,Vembakkam,Sunaipattu,2025-09-15,2026-06-22,Closed,12.834013,79.494213,KMS 2025-26 as on 12-07-2026,Tamil Nadu Civil Supplies Corporation
TNCSC-KMS2025-26-2909,2909,Thiruvanamalai,Vembakkam,Thennampattu,2026-06-23,,Open,12.796163,79.499395,KMS 2025-26 as on 12-07-2026,Tamil Nadu Civil Supplies Corporation
TNCSC-KMS2025-26-2910,2910,Thiruvanamalai,Vembakkam,Vengalathoor,2025-09-12,2026-06-23,Closed,12.828875,79.588060,KMS 2025-26 as on 12-07-2026,Tamil Nadu Civil Supplies Corporation
TNCSC-KMS2025-26-2911,2911,Thiruvarur,Koothanallur,100 Paruthiyur,2025-09-22,2026-05-08,Closed,10.538916,79.483458,KMS 2025-26 as on 12-07-2026,Tamil Nadu Civil Supplies Corporation
TNCSC-KMS2025-26-2912,2912,Thiruvarur,Koothanallur,57 Kulamanickam,2025-09-29,2026-04-28,Closed,10.675504,79.473128,KMS 2025-26 as on 12-07-2026,Tamil Nadu Civil Supplies Corporation
TNCSC-KMS2025-26-2913,2913,Thiruvarur,Koothanallur,Aathividangam,2026-02-02,2026-04-16,Closed,10.698404,79.579887,KMS 2025-26 as on 12-07-2026,Tamil Nadu Civil Supplies Corporation
TNCSC-KMS2025-26-2914,2914,Thiruvarur,Koothanallur,Aaykudi,2026-02-09,2026-05-07,Closed,8.680703,77.470189,KMS 2025-26 as on 12-07-2026,Tamil Nadu Civil Supplies Corporation
TNCSC-KMS2025-26-2915,2915,Thiruvarur,Koothanallur,Annukudi,2025-09-15,2026-03-31,Closed,10.684686,79.536673,KMS 2025-26 as on 12-07-2026,Tamil Nadu Civil Supplies Corporation
TNCSC-KMS2025-26-2916,2916,Thiruvarur,Koothanallur,Arasur,2025-09-15,,Open,12.284502,79.867165,KMS 2025-26 as on 12-07-2026,Tamil Nadu Civil Supplies Corporation
TNCSC-KMS2025-26-2917,2917,Thiruvarur,Koothanallur,Arichandrapuram,2025-09-23,2026-03-27,Closed,10.699005,79.580703,KMS 2025-26 as on 12-07-2026,Tamil Nadu Civil Supplies Corporation
TNCSC-KMS2025-26-2918,2918,Thiruvarur,Koothanallur,Kamalapuram,2025-10-10,2026-05-08,Closed,10.745405,79.540167,KMS 2025-26 as on 12-07-2026,Tamil Nadu Civil Supplies Corporation
TNCSC-KMS2025-26-2919,2919,Thiruvarur,Koothanallur,Kankoduthavanitham,2025-09-16,2026-05-05,Closed,10.748976,79.530751,KMS 2025-26 as on 12-07-2026,Tamil Nadu Civil Supplies Corporation
TNCSC-KMS2025-26-2920,2920,Thiruvarur,Koothanallur,Keelaerukattur,2025-09-16,2026-04-08,Closed,10.741478,79.562791,KMS 2025-26 as on 12-07-2026,Tamil Nadu Civil Supplies Corporation
TNCSC-KMS2025-26-2921,2921,Thiruvarur,Koothanallur,Keelamanali,2025-09-16,2026-03-30,Closed,10.599624,79.571541,KMS 2025-26 as on 12-07-2026,Tamil Nadu Civil Supplies Corporation
TNCSC-KMS2025-26-2922,2922,Thiruvarur,Koothanallur,Kootakachery,2026-02-02,2026-04-02,Closed,10.661668,79.510282,KMS 2025-26 as on 12-07-2026,Tamil Nadu Civil Supplies Corporation
TNCSC-KMS2025-26-2923,2923,Thiruvarur,Koothanallur,Koothanallur,2026-01-27,2026-04-16,Closed,10.661801,79.469715,KMS 2025-26 as on 12-07-2026,Tamil Nadu Civil Supplies Corporation
TNCSC-KMS2025-26-2924,2924,Thiruvarur,Koothanallur,Manakarai K,2025-10-04,2026-04-06,Closed,10.677628,79.566240,KMS 2025-26 as on 12-07-2026,Tamil Nadu Civil Supplies Corporation
TNCSC-KMS2025-26-2925,2925,Thiruvarur,Koothanallur,Mavattakudi,2025-09-15,2026-04-11,Closed,10.675328,79.586154,KMS 2025-26 as on 12-07-2026,Tamil Nadu Civil Supplies Corporation
TNCSC-KMS2025-26-2926,2926,Thiruvarur,Koothanallur,Mazhaiyur,2026-01-30,2026-04-22,Closed,12.493515,79.475631,KMS 2025-26 as on 12-07-2026,Tamil Nadu Civil Supplies Corporation
TNCSC-KMS2025-26-2927,2927,Thiruvarur,Koothanallur,Mela Radhanallur,2026-02-02,2026-04-09,Closed,10.630835,79.640120,KMS 2025-26 as on 12-07-2026,Tamil Nadu Civil Supplies Corporation
TNCSC-KMS2025-26-2928,2928,Thiruvarur,Koothanallur,Melairukattur,2025-09-20,2026-03-31,Closed,10.744876,79.555219,KMS 2025-26 as on 12-07-2026,Tamil Nadu Civil Supplies Corporation
TNCSC-KMS2025-26-2929,2929,Thiruvarur,Koothanallur,Melaradhanallur,2025-09-23,2025-11-14,Closed,10.747251,79.379095,KMS 2025-26 as on 12-07-2026,Tamil Nadu Civil Supplies Corporation
TNCSC-KMS2025-26-2930,2930,Thiruvarur,Koothanallur,Melathirumathikunnam,2026-02-06,2026-04-13,Closed,10.637626,79.550336,KMS 2025-26 as on 12-07-2026,Tamil Nadu Civil Supplies Corporation
TNCSC-KMS2025-26-2931,2931,Thiruvarur,Koothanallur,Moolangudi,2025-09-18,2026-05-07,Closed,10.674128,79.517828,KMS 2025-26 as on 12-07-2026,Tamil Nadu Civil Supplies Corporation
TNCSC-KMS2025-26-2932,2932,Thiruvarur,Koothanallur,Musiriyam,2025-09-12,2026-05-08,Closed,10.725521,79.497116,KMS 2025-26 as on 12-07-2026,Tamil Nadu Civil Supplies Corporation
TNCSC-KMS2025-26-2933,2933,Thiruvarur,Koothanallur,Oottiyani,2025-09-19,2026-04-25,Closed,10.660513,79.449518,KMS 2025-26 as on 12-07-2026,Tamil Nadu Civil Supplies Corporation
TNCSC-KMS2025-26-2934,2934,Thiruvarur,Koothanallur,Palaiyanur,2026-01-28,2026-05-11,Closed,10.712843,79.522555,KMS 2025-26 as on 12-07-2026,Tamil Nadu Civil Supplies Corporation
TNCSC-KMS2025-26-2935,2935,Thiruvarur,Koothanallur,Periyakotthur,2025-09-20,2026-05-07,Closed,10.622510,79.480263,KMS 2025-26 as on 12-07-2026,Tamil Nadu Civil Supplies Corporation
TNCSC-KMS2025-26-2936,2936,Thiruvarur,Koothanallur,Periyakuruvadi,2026-01-29,2026-04-09,Closed,10.668795,79.563056,KMS 2025-26 as on 12-07-2026,Tamil Nadu Civil Supplies Corporation
TNCSC-KMS2025-26-2937,2937,Thiruvarur,Koothanallur,Pothakudi,2026-02-04,2026-04-04,Closed,10.739424,79.496521,KMS 2025-26 as on 12-07-2026,Tamil Nadu Civil Supplies Corporation
TNCSC-KMS2025-26-2938,2938,Thiruvarur,Koothanallur,Puthagaram,2025-09-30,2026-04-22,Closed,12.719683,79.312298,KMS 2025-26 as on 12-07-2026,Tamil Nadu Civil Supplies Corporation
TNCSC-KMS2025-26-2939,2939,Thiruvarur,Koothanallur,Rajankattalai,2025-09-24,2026-04-11,Closed,10.657108,79.497578,KMS 2025-26 as on 12-07-2026,Tamil Nadu Civil Supplies Corporation
TNCSC-KMS2025-26-2940,2940,Thiruvarur,Koothanallur,Senthangudi,2025-09-26,2026-03-25,Closed,10.693166,79.596801,KMS 2025-26 as on 12-07-2026,Tamil Nadu Civil Supplies Corporation
TNCSC-KMS2025-26-2941,2941,Thiruvarur,Koothanallur,Seruvamani,2025-09-26,2026-05-06,Closed,10.660925,79.450385,KMS 2025-26 as on 12-07-2026,Tamil Nadu Civil Supplies Corporation
TNCSC-KMS2025-26-2942,2942,Thiruvarur,Koothanallur,Sithamboor,2025-09-08,,Open,10.709996,79.494729,KMS 2025-26 as on 12-07-2026,Tamil Nadu Civil Supplies Corporation
TNCSC-KMS2025-26-2943,2943,Thiruvarur,Koothanallur,Thanneerkunnam,2026-01-30,2026-06-29,Closed,10.718337,79.513942,KMS 2025-26 as on 12-07-2026,Tamil Nadu Civil Supplies Corporation
TNCSC-KMS2025-26-2944,2944,Thiruvarur,Koothanallur,Thenkovanur,2025-09-27,2026-04-15,Closed,10.670617,79.512593,KMS 2025-26 as on 12-07-2026,Tamil Nadu Civil Supplies Corporation
TNCSC-KMS2025-26-2945,2945,Thiruvarur,Koothanallur,Thirurameshwaram,2025-09-09,2026-04-04,Closed,10.680960,79.517988,KMS 2025-26 as on 12-07-2026,Tamil Nadu Civil Supplies Corporation
TNCSC-KMS2025-26-2946,2946,Thiruvarur,Koothanallur,Thiruvidavasal,2025-09-22,2026-05-14,Closed,8.703155,77.468850,KMS 2025-26 as on 12-07-2026,Tamil Nadu Civil Supplies Corporation
TNCSC-KMS2025-26-2947,2947,Thiruvarur,Koothanallur,Tirunellikaval,2025-09-26,2026-04-30,Closed,10.652636,79.631810,KMS 2025-26 as on 12-07-2026,Tamil Nadu Civil Supplies Corporation
TNCSC-KMS2025-26-2948,2948,Thiruvarur,Koothanallur,Vadakovanur,2026-01-29,2026-04-10,Closed,10.660968,79.449180,KMS 2025-26 as on 12-07-2026,Tamil Nadu Civil Supplies Corporation
TNCSC-KMS2025-26-2949,2949,Thiruvarur,Koothanallur,Vadapathimangalam,2025-10-01,2026-05-02,Closed,10.571816,79.550105,KMS 2025-26 as on 12-07-2026,Tamil Nadu Civil Supplies Corporation
TNCSC-KMS2025-26-2950,2950,Thiruvarur,Koothanallur,Vakranallur,2026-02-05,2026-04-24,Closed,10.712313,79.512120,KMS 2025-26 as on 12-07-2026,Tamil Nadu Civil Supplies Corporation
TNCSC-KMS2025-26-2951,2951,Thiruvarur,Koothanallur,Velukkudi,2025-09-22,2026-04-08,Closed,10.734580,79.575318,KMS 2025-26 as on 12-07-2026,Tamil Nadu Civil Supplies Corporation
TNCSC-KMS2025-26-2952,2952,Thiruvarur,Koothanallur,Verkudi,2025-09-25,2026-05-06,Closed,10.672265,79.543933,KMS 2025-26 as on 12-07-2026,Tamil Nadu Civil Supplies Corporation
TNCSC-KMS2025-26-2953,2953,Thiruvarur,Koothanallur,Vidayapuram,2025-09-23,2026-03-31,Closed,10.770394,79.493557,KMS 2025-26 as on 12-07-2026,Tamil Nadu Civil Supplies Corporation
TNCSC-KMS2025-26-2954,2954,Thiruvarur,Kudavasal,18 Pudukkudi,2026-01-24,,Open,10.930003,79.499040,KMS 2025-26 as on 12-07-2026,Tamil Nadu Civil Supplies Corporation
TNCSC-KMS2025-26-2955,2955,Thiruvarur,Kudavasal,36 Naranamangalam,2026-02-04,2026-05-05,Closed,10.870688,79.535053,KMS 2025-26 as on 12-07-2026,Tamil Nadu Civil Supplies Corporation
TNCSC-KMS2025-26-2956,2956,Thiruvarur,Kudavasal,52 Pudhukudi,2025-09-13,2026-05-05,Closed,10.836681,79.516626,KMS 2025-26 as on 12-07-2026,Tamil Nadu Civil Supplies Corporation
TNCSC-KMS2025-26-2957,2957,Thiruvarur,Kudavasal,Aalthur,2025-09-05,2026-04-29,Closed,10.960136,79.632004,KMS 2025-26 as on 12-07-2026,Tamil Nadu Civil Supplies Corporation
TNCSC-KMS2025-26-2958,2958,Thiruvarur,Kudavasal,Aavanam,2026-02-13,2026-04-20,Closed,10.332157,79.143876,KMS 2025-26 as on 12-07-2026,Tamil Nadu Civil Supplies Corporation
TNCSC-KMS2025-26-2959,2959,Thiruvarur,Kudavasal,Abhivirutheswaram,2025-10-09,2026-04-18,Closed,10.792564,79.474565,KMS 2025-26 as on 12-07-2026,Tamil Nadu Civil Supplies Corporation
TNCSC-KMS2025-26-2960,2960,Thiruvarur,Kudavasal,Adippuliyur,2026-02-07,2026-05-10,Closed,10.874577,79.496479,KMS 2025-26 as on 12-07-2026,Tamil Nadu Civil Supplies Corporation
TNCSC-KMS2025-26-2961,2961,Thiruvarur,Kudavasal,Anniyur,2025-09-05,2026-05-05,Closed,10.968325,79.575084,KMS 2025-26 as on 12-07-2026,Tamil Nadu Civil Supplies Corporation
TNCSC-KMS2025-26-2962,2962,Thiruvarur,Kudavasal,Arppavoor,2026-02-04,2026-05-02,Closed,10.801093,79.504311,KMS 2025-26 as on 12-07-2026,Tamil Nadu Civil Supplies Corporation
TNCSC-KMS2025-26-2963,2963,Thiruvarur,Kudavasal,Enkan,2026-02-25,2026-04-13,Closed,10.814008,79.542317,KMS 2025-26 as on 12-07-2026,Tamil Nadu Civil Supplies Corporation
TNCSC-KMS2025-26-2964,2964,Thiruvarur,Kudavasal,Eravancheriy,2025-09-08,,Open,10.926244,79.540551,KMS 2025-26 as on 12-07-2026,Tamil Nadu Civil Supplies Corporation
TNCSC-KMS2025-26-2965,2965,Thiruvarur,Kudavasal,Ettiyalur,2026-02-02,2026-04-04,Closed,10.815212,79.590544,KMS 2025-26 as on 12-07-2026,Tamil Nadu Civil Supplies Corporation
TNCSC-KMS2025-26-2966,2966,Thiruvarur,Kudavasal,Ilaiyur,2025-09-15,2026-05-07,Closed,10.832707,79.471875,KMS 2025-26 as on 12-07-2026,Tamil Nadu Civil Supplies Corporation
TNCSC-KMS2025-26-2967,2967,Thiruvarur,Kudavasal,Kadagampadi,2026-02-09,2026-04-15,Closed,10.945685,79.591513,KMS 2025-26 as on 12-07-2026,Tamil Nadu Civil Supplies Corporation
TNCSC-KMS2025-26-2968,2968,Thiruvarur,Kudavasal,Kadalangudi,2025-09-10,2026-04-08,Closed,10.931345,79.514389,KMS 2025-26 as on 12-07-2026,Tamil Nadu Civil Supplies Corporation
TNCSC-KMS2025-26-2969,2969,Thiruvarur,Kudavasal,Kadamakudi,2025-09-08,,Open,10.927568,79.510313,KMS 2025-26 as on 12-07-2026,Tamil Nadu Civil Supplies Corporation
TNCSC-KMS2025-26-2970,2970,Thiruvarur,Kudavasal,Kandaramanikkam,2025-09-05,,Open,10.911398,79.514273,KMS 2025-26 as on 12-07-2026,Tamil Nadu Civil Supplies Corporation
TNCSC-KMS2025-26-2971,2971,Thiruvarur,Kudavasal,Kangeyanagaram,2026-01-29,,Open,10.858438,79.430271,KMS 2025-26 as on 12-07-2026,Tamil Nadu Civil Supplies Corporation
TNCSC-KMS2025-26-2972,2972,Thiruvarur,Kudavasal,Kappnamangalam,2025-09-06,2026-04-03,Closed,10.825783,79.536260,KMS 2025-26 as on 12-07-2026,Tamil Nadu Civil Supplies Corporation
TNCSC-KMS2025-26-2973,2973,Thiruvarur,Kudavasal,Karaiyappalaiyur,2025-09-11,2026-04-09,Closed,10.810475,79.501948,KMS 2025-26 as on 12-07-2026,Tamil Nadu Civil Supplies Corporation
TNCSC-KMS2025-26-2974,2974,Thiruvarur,Kudavasal,Keela Athichamangalam,2026-02-13,2026-03-28,Closed,10.809221,79.492222,KMS 2025-26 as on 12-07-2026,Tamil Nadu Civil Supplies Corporation
TNCSC-KMS2025-26-2975,2975,Thiruvarur,Kudavasal,Keerandakudi,2026-02-03,2026-04-07,Closed,10.836924,79.605313,KMS 2025-26 as on 12-07-2026,Tamil Nadu Civil Supplies Corporation
TNCSC-KMS2025-26-2976,2976,Thiruvarur,Kudavasal,Kelappalaiyur,2026-02-04,2026-04-06,Closed,10.820414,79.501179,KMS 2025-26 as on 12-07-2026,Tamil Nadu Civil Supplies Corporation
TNCSC-KMS2025-26-2977,2977,Thiruvarur,Kudavasal,Killiyur,2025-09-05,2026-04-21,Closed,10.961870,79.619768,KMS 2025-26 as on 12-07-2026,Tamil Nadu Civil Supplies Corporation
TNCSC-KMS2025-26-2978,2978,Thiruvarur,Kudavasal,Koonthalur,2025-09-09,,Open,10.928440,79.528313,KMS 2025-26 as on 12-07-2026,Tamil Nadu Civil Supplies Corporation
TNCSC-KMS2025-26-2979,2979,Thiruvarur,Kudavasal,Kudavasal,2025-09-10,,Open,10.848741,79.482921,KMS 2025-26 as on 12-07-2026,Tamil Nadu Civil Supplies Corporation
TNCSC-KMS2025-26-2980,2980,Thiruvarur,Kudavasal,Manapparavai,2026-01-21,2026-05-04,Closed,10.855553,79.465624,KMS 2025-26 as on 12-07-2026,Tamil Nadu Civil Supplies Corporation
TNCSC-KMS2025-26-2981,2981,Thiruvarur,Kudavasal,Manjakkudi,2026-01-24,2026-04-18,Closed,10.830446,79.498328,KMS 2025-26 as on 12-07-2026,Tamil Nadu Civil Supplies Corporation
TNCSC-KMS2025-26-2982,2982,Thiruvarur,Kudavasal,Mannakal Ayyampetai,2025-09-17,2026-04-21,Closed,10.817558,79.578076,KMS 2025-26 as on 12-07-2026,Tamil Nadu Civil Supplies Corporation
TNCSC-KMS2025-26-2983,2983,Thiruvarur,Kudavasal,Maruthuvakkudi,2026-02-10,2026-04-04,Closed,10.888809,79.223791,KMS 2025-26 as on 12-07-2026,Tamil Nadu Civil Supplies Corporation
TNCSC-KMS2025-26-2984,2984,Thiruvarur,Kudavasal,Melaramansethi,2025-09-10,2026-05-07,Closed,10.899445,79.543510,KMS 2025-26 as on 12-07-2026,Tamil Nadu Civil Supplies Corporation
TNCSC-KMS2025-26-2985,2985,Thiruvarur,Kudavasal,Mudhalkattalai,2026-03-06,2026-05-02,Closed,10.949400,79.557717,KMS 2025-26 as on 12-07-2026,Tamil Nadu Civil Supplies Corporation
TNCSC-KMS2025-26-2986,2986,Thiruvarur,Kudavasal,Neduncheri,2026-02-03,2026-05-07,Closed,10.861855,79.542274,KMS 2025-26 as on 12-07-2026,Tamil Nadu Civil Supplies Corporation
TNCSC-KMS2025-26-2987,2987,Thiruvarur,Kudavasal,Neikkuppai,2026-02-04,2026-05-20,Closed,10.834835,79.750431,KMS 2025-26 as on 12-07-2026,Tamil Nadu Civil Supplies Corporation
TNCSC-KMS2025-26-2988,2988,Thiruvarur,Kudavasal,Paravakkarai,2025-09-09,2026-05-03,Closed,10.952853,79.536374,KMS 2025-26 as on 12-07-2026,Tamil Nadu Civil Supplies Corporation
TNCSC-KMS2025-26-2989,2989,Thiruvarur,Kudavasal,Paruthiyur,2026-02-05,2026-05-05,Closed,10.874504,79.514304,KMS 2025-26 as on 12-07-2026,Tamil Nadu Civil Supplies Corporation
TNCSC-KMS2025-26-2990,2990,Thiruvarur,Kudavasal,Perumangalam,2026-02-02,2026-04-07,Closed,11.615044,78.987762,KMS 2025-26 as on 12-07-2026,Tamil Nadu Civil Supplies Corporation
TNCSC-KMS2025-26-2991,2991,Thiruvarur,Kudavasal,Perumpanniyur,2025-09-05,2026-04-04,Closed,10.838866,79.544756,KMS 2025-26 as on 12-07-2026,Tamil Nadu Civil Supplies Corporation
TNCSC-KMS2025-26-2992,2992,Thiruvarur,Kudavasal,Pilavadi,2025-09-04,2026-04-06,Closed,10.899494,79.519389,KMS 2025-26 as on 12-07-2026,Tamil Nadu Civil Supplies Corporation
TNCSC-KMS2025-26-2993,2993,Thiruvarur,Kudavasal,Pulichakkadu,2025-09-06,2026-04-15,Closed,10.847208,79.559245,KMS 2025-26 as on 12-07-2026,Tamil Nadu Civil Supplies Corporation
TNCSC-KMS2025-26-2994,2994,Thiruvarur,Kudavasal,Sarabojirajapuram,2025-09-08,2026-04-13,Closed,10.945950,79.583723,KMS 2025-26 as on 12-07-2026,Tamil Nadu Civil Supplies Corporation
TNCSC-KMS2025-26-2995,2995,Thiruvarur,Kudavasal,Sarguneshvarapuram,2026-01-30,2026-04-08,Closed,10.939610,79.530376,KMS 2025-26 as on 12-07-2026,Tamil Nadu Civil Supplies Corporation
TNCSC-KMS2025-26-2996,2996,Thiruvarur,Kudavasal,Seethakkamangalam,2025-09-08,2026-05-14,Closed,10.895385,79.564128,KMS 2025-26 as on 12-07-2026,Tamil Nadu Civil Supplies Corporation
TNCSC-KMS2025-26-2997,2997,Thiruvarur,Kudavasal,Sellur,2026-02-06,2026-04-06,Closed,10.808077,79.469622,KMS 2025-26 as on 12-07-2026,Tamil Nadu Civil Supplies Corporation
TNCSC-KMS2025-26-2998,2998,Thiruvarur,Kudavasal,Semmangudi,2025-09-11,2026-04-04,Closed,11.246886,79.765088,KMS 2025-26 as on 12-07-2026,Tamil Nadu Civil Supplies Corporation
TNCSC-KMS2025-26-2999,2999,Thiruvarur,Kudavasal,Sengaalipuram,2025-09-05,,Open,10.856122,79.517634,KMS 2025-26 as on 12-07-2026,Tamil Nadu Civil Supplies Corporation
TNCSC-KMS2025-26-3000,3000,Thiruvarur,Kudavasal,Serugudi,2025-09-09,2026-04-05,Closed,10.977403,79.587116,KMS 2025-26 as on 12-07-2026,Tamil Nadu Civil Supplies Corporation
TNCSC-KMS2025-26-3001,3001,Thiruvarur,Kudavasal,Serukalathur,2026-02-05,2026-05-03,Closed,10.872244,79.506097,KMS 2025-26 as on 12-07-2026,Tamil Nadu Civil Supplies Corporation
TNCSC-KMS2025-26-3002,3002,Thiruvarur,Kudavasal,Sethinipuram,2026-02-02,2026-04-25,Closed,10.892483,79.539416,KMS 2025-26 as on 12-07-2026,Tamil Nadu Civil Supplies Corporation
TNCSC-KMS2025-26-3003,3003,Thiruvarur,Kudavasal,Simili,2026-02-04,2026-05-02,Closed,10.831526,79.528460,KMS 2025-26 as on 12-07-2026,Tamil Nadu Civil Supplies Corporation
TNCSC-KMS2025-26-3004,3004,Thiruvarur,Kudavasal,Sithadi,2025-09-05,2026-03-24,Closed,10.891480,79.502732,KMS 2025-26 as on 12-07-2026,Tamil Nadu Civil Supplies Corporation
TNCSC-KMS2025-26-3005,3005,Thiruvarur,Kudavasal,Suraikkaayur,2025-09-05,2026-04-17,Closed,10.972330,79.604430,KMS 2025-26 as on 12-07-2026,Tamil Nadu Civil Supplies Corporation
TNCSC-KMS2025-26-3006,3006,Thiruvarur,Kudavasal,Thethiyur,2026-02-04,2026-04-04,Closed,10.921306,79.570165,KMS 2025-26 as on 12-07-2026,Tamil Nadu Civil Supplies Corporation
TNCSC-KMS2025-26-3007,3007,Thiruvarur,Kudavasal,Thirukalmbur,2026-02-07,2026-04-17,Closed,10.815271,79.460851,KMS 2025-26 as on 12-07-2026,Tamil Nadu Civil Supplies Corporation
TNCSC-KMS2025-26-3008,3008,Thiruvarur,Kudavasal,Thirukkudi,2026-02-09,2026-04-08,Closed,10.848776,79.459655,KMS 2025-26 as on 12-07-2026,Tamil Nadu Civil Supplies Corporation
TNCSC-KMS2025-26-3009,3009,Thiruvarur,Kudavasal,Thiruppamburam,2025-09-12,2026-06-10,Closed,10.965988,79.599101,KMS 2025-26 as on 12-07-2026,Tamil Nadu Civil Supplies Corporation
TNCSC-KMS2025-26-3010,3010,Thiruvarur,Kudavasal,Thiruvelimilalai,2025-09-05,2026-04-27,Closed,10.944350,79.571536,KMS 2025-26 as on 12-07-2026,Tamil Nadu Civil Supplies Corporation
TNCSC-KMS2025-26-3011,3011,Thiruvarur,Kudavasal,Thiruvidachcheri,2025-09-10,2026-05-02,Closed,10.872476,79.530441,KMS 2025-26 as on 12-07-2026,Tamil Nadu Civil Supplies Corporation
TNCSC-KMS2025-26-3012,3012,Thiruvarur,Kudavasal,Vadamattam 1-1,2025-09-05,2026-04-04,Closed,10.968158,79.536902,KMS 2025-26 as on 12-07-2026,Tamil Nadu Civil Supplies Corporation
TNCSC-KMS2025-26-3013,3013,Thiruvarur,Kudavasal,Vadaver,2025-09-04,,Open,10.868885,79.517085,KMS 2025-26 as on 12-07-2026,Tamil Nadu Civil Supplies Corporation
TNCSC-KMS2025-26-3014,3014,Thiruvarur,Kudavasal,Vadukakkudi,2025-09-05,2026-05-13,Closed,10.955757,79.594724,KMS 2025-26 as on 12-07-2026,Tamil Nadu Civil Supplies Corporation
TNCSC-KMS2025-26-3015,3015,Thiruvarur,Kudavasal,Vayalur,2025-09-10,2026-05-07,Closed,10.969961,79.514670,KMS 2025-26 as on 12-07-2026,Tamil Nadu Civil Supplies Corporation
TNCSC-KMS2025-26-3016,3016,Thiruvarur,Kudavasal,Vellai Adambaar,2025-09-10,2026-04-10,Closed,10.915025,79.606581,KMS 2025-26 as on 12-07-2026,Tamil Nadu Civil Supplies Corporation
TNCSC-KMS2025-26-3017,3017,Thiruvarur,Kudavasal,Vikrapandiam,2026-02-04,2026-05-13,Closed,10.891464,79.530697,KMS 2025-26 as on 12-07-2026,Tamil Nadu Civil Supplies Corporation
TNCSC-KMS2025-26-3018,3018,Thiruvarur,Kudavasal,Vilagam,2025-09-06,2026-04-27,Closed,10.948966,79.574046,KMS 2025-26 as on 12-07-2026,Tamil Nadu Civil Supplies Corporation
TNCSC-KMS2025-26-3019,3019,Thiruvarur,Kudavasal,Vishnupuram,2025-09-06,2026-04-05,Closed,10.933033,79.574826,KMS 2025-26 as on 12-07-2026,Tamil Nadu Civil Supplies Corporation
TNCSC-KMS2025-26-3020,3020,Thiruvarur,Kudavasal,Vizhithiyur,2026-02-02,2026-05-06,Closed,10.880346,79.540662,KMS 2025-26 as on 12-07-2026,Tamil Nadu Civil Supplies Corporation
TNCSC-KMS2025-26-3021,3021,Thiruvarur,Mannargudi,29 Melanemmeli,2025-09-13,,Open,10.622766,79.391596,KMS 2025-26 as on 12-07-2026,Tamil Nadu Civil Supplies Corporation
TNCSC-KMS2025-26-3022,3022,Thiruvarur,Mannargudi,64 Nemmeli,2025-09-29,2026-04-07,Closed,8.605053,77.605724,KMS 2025-26 as on 12-07-2026,Tamil Nadu Civil Supplies Corporation
TNCSC-KMS2025-26-3023,3023,Thiruvarur,Mannargudi,69 Renganathapuram,2025-10-03,2026-04-17,Closed,10.607538,79.517260,KMS 2025-26 as on 12-07-2026,Tamil Nadu Civil Supplies Corporation
TNCSC-KMS2025-26-3024,3024,Thiruvarur,Mannargudi,Aalacheri,2026-02-02,,Open,10.703748,79.469466,KMS 2025-26 as on 12-07-2026,Tamil Nadu Civil Supplies Corporation
TNCSC-KMS2025-26-3025,3025,Thiruvarur,Mannargudi,Aathichchapuram,2025-10-04,2026-04-09,Closed,10.661263,79.449204,KMS 2025-26 as on 12-07-2026,Tamil Nadu Civil Supplies Corporation
TNCSC-KMS2025-26-3026,3026,Thiruvarur,Mannargudi,Akkaraikottakam,2025-09-08,2026-04-09,Closed,10.559386,79.544395,KMS 2025-26 as on 12-07-2026,Tamil Nadu Civil Supplies Corporation
TNCSC-KMS2025-26-3027,3027,Thiruvarur,Mannargudi,Aks Nagar,2025-10-01,2026-04-16,Closed,10.661146,79.449269,KMS 2025-26 as on 12-07-2026,Tamil Nadu Civil Supplies Corporation
TNCSC-KMS2025-26-3028,3028,Thiruvarur,Mannargudi,Alangottai,2025-09-08,,Open,10.525531,79.478875,KMS 2025-26 as on 12-07-2026,Tamil Nadu Civil Supplies Corporation
TNCSC-KMS2025-26-3029,3029,Thiruvarur,Mannargudi,Alathur,2025-09-25,2026-04-28,Closed,10.790372,78.742388,KMS 2025-26 as on 12-07-2026,Tamil Nadu Civil Supplies Corporation
TNCSC-KMS2025-26-3030,3030,Thiruvarur,Mannargudi,Cheri,2025-09-08,2026-04-07,Closed,12.938878,79.467596,KMS 2025-26 as on 12-07-2026,Tamil Nadu Civil Supplies Corporation
TNCSC-KMS2025-26-3031,3031,Thiruvarur,Mannargudi,Cholanathi,2026-01-29,,Open,10.621688,79.478771,KMS 2025-26 as on 12-07-2026,Tamil Nadu Civil Supplies Corporation
TNCSC-KMS2025-26-3032,3032,Thiruvarur,Mannargudi,Cholapandi,2025-09-16,,Open,10.598980,79.475060,KMS 2025-26 as on 12-07-2026,Tamil Nadu Civil Supplies Corporation
TNCSC-KMS2025-26-3033,3033,Thiruvarur,Mannargudi,Eathakkudi,2026-01-21,,Open,10.603846,79.485175,KMS 2025-26 as on 12-07-2026,Tamil Nadu Civil Supplies Corporation
TNCSC-KMS2025-26-3034,3034,Thiruvarur,Mannargudi,Edaiyar Empethi,2025-09-15,,Open,10.680029,79.398868,KMS 2025-26 as on 12-07-2026,Tamil Nadu Civil Supplies Corporation
TNCSC-KMS2025-26-3035,3035,Thiruvarur,Mannargudi,Elavanur,2025-09-29,2026-03-26,Closed,10.487959,79.461061,KMS 2025-26 as on 12-07-2026,Tamil Nadu Civil Supplies Corporation
TNCSC-KMS2025-26-3036,3036,Thiruvarur,Mannargudi,Elavanur Puthukkudi,2025-09-29,2026-04-30,Closed,10.649341,79.451781,KMS 2025-26 as on 12-07-2026,Tamil Nadu Civil Supplies Corporation
TNCSC-KMS2025-26-3037,3037,Thiruvarur,Mannargudi,Irulnekki,2025-09-24,2026-04-13,Closed,10.661066,79.449260,KMS 2025-26 as on 12-07-2026,Tamil Nadu Civil Supplies Corporation
TNCSC-KMS2025-26-3038,3038,Thiruvarur,Mannargudi,Kaduvakudi,2025-09-29,2026-05-23,Closed,10.573571,79.569358,KMS 2025-26 as on 12-07-2026,Tamil Nadu Civil Supplies Corporation
TNCSC-KMS2025-26-3039,3039,Thiruvarur,Mannargudi,Kailasanatharkovil,2026-01-30,2026-04-24,Closed,10.667816,79.464960,KMS 2025-26 as on 12-07-2026,Tamil Nadu Civil Supplies Corporation
TNCSC-KMS2025-26-3040,3040,Thiruvarur,Mannargudi,Kandithampettai 34-1,2025-09-17,,Open,10.741999,79.359687,KMS 2025-26 as on 12-07-2026,Tamil Nadu Civil Supplies Corporation
TNCSC-KMS2025-26-3041,3041,Thiruvarur,Mannargudi,Kannarapettai,2025-09-15,,Open,10.604120,79.401588,KMS 2025-26 as on 12-07-2026,Tamil Nadu Civil Supplies Corporation
TNCSC-KMS2025-26-3042,3042,Thiruvarur,Mannargudi,Karambakudi,2025-09-27,2026-04-11,Closed,10.457857,79.134199,KMS 2025-26 as on 12-07-2026,Tamil Nadu Civil Supplies Corporation
TNCSC-KMS2025-26-3043,3043,Thiruvarur,Mannargudi,Karikkottai,2025-09-16,,Open,10.672970,79.403033,KMS 2025-26 as on 12-07-2026,Tamil Nadu Civil Supplies Corporation
TNCSC-KMS2025-26-3044,3044,Thiruvarur,Mannargudi,Kariyamangalam,2025-09-24,2026-04-01,Closed,10.653789,79.571401,KMS 2025-26 as on 12-07-2026,Tamil Nadu Civil Supplies Corporation
TNCSC-KMS2025-26-3045,3045,Thiruvarur,Mannargudi,Karnavur,2026-01-22,,Open,10.704016,79.480055,KMS 2025-26 as on 12-07-2026,Tamil Nadu Civil Supplies Corporation
TNCSC-KMS2025-26-3046,3046,Thiruvarur,Mannargudi,Karupattimoolai,2026-02-05,2026-03-25,Closed,8.778616,77.721175,KMS 2025-26 as on 12-07-2026,Tamil Nadu Civil Supplies Corporation
TNCSC-KMS2025-26-3047,3047,Thiruvarur,Mannargudi,Karuppukkilar,2025-09-23,2026-04-06,Closed,10.593623,79.551130,KMS 2025-26 as on 12-07-2026,Tamil Nadu Civil Supplies Corporation
TNCSC-KMS2025-26-3048,3048,Thiruvarur,Mannargudi,Karuvakkurichchi,2025-09-19,,Open,10.617241,79.366791,KMS 2025-26 as on 12-07-2026,Tamil Nadu Civil Supplies Corporation
TNCSC-KMS2025-26-3049,3049,Thiruvarur,Mannargudi,Karuvakulam,2026-01-23,,Open,10.661098,79.449395,KMS 2025-26 as on 12-07-2026,Tamil Nadu Civil Supplies Corporation
TNCSC-KMS2025-26-3050,3050,Thiruvarur,Mannargudi,Kattakudi,2025-10-03,,Open,10.667631,79.338282,KMS 2025-26 as on 12-07-2026,Tamil Nadu Civil Supplies Corporation
TNCSC-KMS2025-26-3051,3051,Thiruvarur,Mannargudi,Keela Kandamangalam,2025-10-04,2026-04-07,Closed,10.613480,79.420883,KMS 2025-26 as on 12-07-2026,Tamil Nadu Civil Supplies Corporation
TNCSC-KMS2025-26-3052,3052,Thiruvarur,Mannargudi,Keelanagai,2025-09-15,,Open,10.640431,79.427770,KMS 2025-26 as on 12-07-2026,Tamil Nadu Civil Supplies Corporation
TNCSC-KMS2025-26-3053,3053,Thiruvarur,Mannargudi,Keelanatham,2026-02-02,2026-04-07,Closed,10.647935,79.444408,KMS 2025-26 as on 12-07-2026,Tamil Nadu Civil Supplies Corporation
TNCSC-KMS2025-26-3054,3054,Thiruvarur,Mannargudi,Keelapalam,2026-01-23,,Open,10.663145,79.465718,KMS 2025-26 as on 12-07-2026,Tamil Nadu Civil Supplies Corporation
TNCSC-KMS2025-26-3055,3055,Thiruvarur,Mannargudi,Keelaputthur,2025-10-03,2026-04-24,Closed,10.546148,79.571326,KMS 2025-26 as on 12-07-2026,Tamil Nadu Civil Supplies Corporation
TNCSC-KMS2025-26-3056,3056,Thiruvarur,Mannargudi,Keelathirupalakudi,2025-09-23,,Open,10.616510,79.432556,KMS 2025-26 as on 12-07-2026,Tamil Nadu Civil Supplies Corporation
TNCSC-KMS2025-26-3057,3057,Thiruvarur,Mannargudi,Keluvathur,2026-02-02,2026-04-06,Closed,10.546365,79.513513,KMS 2025-26 as on 12-07-2026,Tamil Nadu Civil Supplies Corporation
TNCSC-KMS2025-26-3058,3058,Thiruvarur,Mannargudi,Koopachikkottai,2025-09-29,,Open,10.581966,79.421801,KMS 2025-26 as on 12-07-2026,Tamil Nadu Civil Supplies Corporation
TNCSC-KMS2025-26-3059,3059,Thiruvarur,Mannargudi,Koottur,2025-09-25,2026-04-07,Closed,10.622667,79.560239,KMS 2025-26 as on 12-07-2026,Tamil Nadu Civil Supplies Corporation
TNCSC-KMS2025-26-3060,3060,Thiruvarur,Mannargudi,Kunniyur Mng,2025-09-17,2026-04-16,Closed,10.654020,79.551387,KMS 2025-26 as on 12-07-2026,Tamil Nadu Civil Supplies Corporation
TNCSC-KMS2025-26-3061,3061,Thiruvarur,Mannargudi,Kuruchi,2026-02-04,,Open,11.231613,79.627841,KMS 2025-26 as on 12-07-2026,Tamil Nadu Civil Supplies Corporation
TNCSC-KMS2025-26-3062,3062,Thiruvarur,Mannargudi,Mahadevapattinam 2Am,2025-09-13,,Open,10.604160,79.401616,KMS 2025-26 as on 12-07-2026,Tamil Nadu Civil Supplies Corporation
TNCSC-KMS2025-26-3063,3063,Thiruvarur,Mannargudi,Malavarayanallur,2026-02-03,2026-04-04,Closed,10.653405,79.532533,KMS 2025-26 as on 12-07-2026,Tamil Nadu Civil Supplies Corporation
TNCSC-KMS2025-26-3064,3064,Thiruvarur,Mannargudi,Meenambanallur,2025-09-27,2026-04-04,Closed,10.643503,79.540828,KMS 2025-26 as on 12-07-2026,Tamil Nadu Civil Supplies Corporation
TNCSC-KMS2025-26-3065,3065,Thiruvarur,Mannargudi,Mela Maravakadu,2026-01-22,,Open,10.688708,79.448253,KMS 2025-26 as on 12-07-2026,Tamil Nadu Civil Supplies Corporation
TNCSC-KMS2025-26-3066,3066,Thiruvarur,Mannargudi,Melachery,2025-10-03,2026-03-31,Closed,8.853349,77.681451,KMS 2025-26 as on 12-07-2026,Tamil Nadu Civil Supplies Corporation
TNCSC-KMS2025-26-3067,3067,Thiruvarur,Mannargudi,Melakandamangalam,2025-10-06,2026-04-07,Closed,10.634318,79.511858,KMS 2025-26 as on 12-07-2026,Tamil Nadu Civil Supplies Corporation
TNCSC-KMS2025-26-3068,3068,Thiruvarur,Mannargudi,Melamaruthur,2025-09-26,,Open,10.660913,79.449488,KMS 2025-26 as on 12-07-2026,Tamil Nadu Civil Supplies Corporation
TNCSC-KMS2025-26-3069,3069,Thiruvarur,Mannargudi,Melapannaiyur,2025-09-26,2026-04-03,Closed,10.608066,79.535415,KMS 2025-26 as on 12-07-2026,Tamil Nadu Civil Supplies Corporation
TNCSC-KMS2025-26-3070,3070,Thiruvarur,Mannargudi,Melaparuthikottai,2025-09-26,,Open,10.706694,79.377541,KMS 2025-26 as on 12-07-2026,Tamil Nadu Civil Supplies Corporation
TNCSC-KMS2025-26-3071,3071,Thiruvarur,Mannargudi,Melaputthur,2025-10-04,2026-04-09,Closed,10.582043,79.516506,KMS 2025-26 as on 12-07-2026,Tamil Nadu Civil Supplies Corporation
TNCSC-KMS2025-26-3072,3072,Thiruvarur,Mannargudi,Melathirpalakudi,2025-09-15,,Open,10.613470,79.420446,KMS 2025-26 as on 12-07-2026,Tamil Nadu Civil Supplies Corporation
TNCSC-KMS2025-26-3073,3073,Thiruvarur,Mannargudi,Melavasal,2025-09-18,,Open,10.664742,79.416407,KMS 2025-26 as on 12-07-2026,Tamil Nadu Civil Supplies Corporation
TNCSC-KMS2025-26-3074,3074,Thiruvarur,Mannargudi,Mondramsethi,2026-01-23,,Open,10.658935,79.481743,KMS 2025-26 as on 12-07-2026,Tamil Nadu Civil Supplies Corporation
TNCSC-KMS2025-26-3075,3075,Thiruvarur,Mannargudi,Movanallur,2025-09-18,,Open,10.687730,79.417663,KMS 2025-26 as on 12-07-2026,Tamil Nadu Civil Supplies Corporation
TNCSC-KMS2025-26-3076,3076,Thiruvarur,Mannargudi,Mukkulam Sathanaur 30-1,2025-09-17,,Open,10.598115,79.379478,KMS 2025-26 as on 12-07-2026,Tamil Nadu Civil Supplies Corporation
TNCSC-KMS2025-26-3077,3077,Thiruvarur,Mannargudi,Nalaamsethi,2026-01-27,,Open,10.648766,79.480861,KMS 2025-26 as on 12-07-2026,Tamil Nadu Civil Supplies Corporation
TNCSC-KMS2025-26-3078,3078,Thiruvarur,Mannargudi,Nallikkottai,2025-09-27,,Open,10.601738,79.353641,KMS 2025-26 as on 12-07-2026,Tamil Nadu Civil Supplies Corporation
TNCSC-KMS2025-26-3079,3079,Thiruvarur,Mannargudi,Nallur,2025-09-29,2026-04-07,Closed,10.555976,79.521523,KMS 2025-26 as on 12-07-2026,Tamil Nadu Civil Supplies Corporation
TNCSC-KMS2025-26-3080,3080,Thiruvarur,Mannargudi,Orathur,2026-02-04,2026-05-02,Closed,12.491521,79.796705,KMS 2025-26 as on 12-07-2026,Tamil Nadu Civil Supplies Corporation
TNCSC-KMS2025-26-3081,3081,Thiruvarur,Mannargudi,Ovelkudi,2025-09-26,,Open,10.625139,79.353380,KMS 2025-26 as on 12-07-2026,Tamil Nadu Civil Supplies Corporation
TNCSC-KMS2025-26-3082,3082,Thiruvarur,Mannargudi,Overcheri,2025-09-30,2026-04-20,Closed,10.627846,79.543751,KMS 2025-26 as on 12-07-2026,Tamil Nadu Civil Supplies Corporation
TNCSC-KMS2025-26-3083,3083,Thiruvarur,Mannargudi,Paingaanadu,2025-09-27,,Open,10.592587,79.448061,KMS 2025-26 as on 12-07-2026,Tamil Nadu Civil Supplies Corporation
TNCSC-KMS2025-26-3084,3084,Thiruvarur,Mannargudi,Paingattur,2025-10-08,2026-04-27,Closed,10.586436,79.509673,KMS 2025-26 as on 12-07-2026,Tamil Nadu Civil Supplies Corporation
TNCSC-KMS2025-26-3085,3085,Thiruvarur,Mannargudi,Pallivarthi,2025-09-24,2026-05-02,Closed,10.658551,79.550181,KMS 2025-26 as on 12-07-2026,Tamil Nadu Civil Supplies Corporation
TNCSC-KMS2025-26-3086,3086,Thiruvarur,Mannargudi,Paruthikkottai,2025-09-30,,Open,10.660594,79.235790,KMS 2025-26 as on 12-07-2026,Tamil Nadu Civil Supplies Corporation
TNCSC-KMS2025-26-3087,3087,Thiruvarur,Mannargudi,Peraiyur,2025-09-24,,Open,10.639600,79.378020,KMS 2025-26 as on 12-07-2026,Tamil Nadu Civil Supplies Corporation
TNCSC-KMS2025-26-3088,3088,Thiruvarur,Mannargudi,Puluthikkudi,2025-09-15,2026-04-21,Closed,10.621353,79.583131,KMS 2025-26 as on 12-07-2026,Tamil Nadu Civil Supplies Corporation
TNCSC-KMS2025-26-3089,3089,Thiruvarur,Mannargudi,Puthukkudi,2025-09-29,,Open,10.525555,79.478327,KMS 2025-26 as on 12-07-2026,Tamil Nadu Civil Supplies Corporation
TNCSC-KMS2025-26-3090,3090,Thiruvarur,Mannargudi,Rajagopalapuram,2025-09-26,,Open,10.573853,79.476888,KMS 2025-26 as on 12-07-2026,Tamil Nadu Civil Supplies Corporation
TNCSC-KMS2025-26-3091,3091,Thiruvarur,Mannargudi,Rajalikudikadu,2026-02-07,,Open,10.696585,79.410536,KMS 2025-26 as on 12-07-2026,Tamil Nadu Civil Supplies Corporation
TNCSC-KMS2025-26-3092,3092,Thiruvarur,Mannargudi,Rajasambalpuram 35-1,2025-09-24,,Open,10.569155,79.432104,KMS 2025-26 as on 12-07-2026,Tamil Nadu Civil Supplies Corporation
TNCSC-KMS2025-26-3093,3093,Thiruvarur,Mannargudi,Rathanarasimmapuram 66-1,2025-09-17,,Open,10.568917,79.476750,KMS 2025-26 as on 12-07-2026,Tamil Nadu Civil Supplies Corporation
TNCSC-KMS2025-26-3094,3094,Thiruvarur,Mannargudi,Regunathapuram,2025-10-01,2026-04-30,Closed,10.560780,79.126213,KMS 2025-26 as on 12-07-2026,Tamil Nadu Civil Supplies Corporation
TNCSC-KMS2025-26-3095,3095,Thiruvarur,Mannargudi,Savalakkaran,2025-10-06,2026-05-08,Closed,10.692048,79.485321,KMS 2025-26 as on 12-07-2026,Tamil Nadu Civil Supplies Corporation
TNCSC-KMS2025-26-3096,3096,Thiruvarur,Mannargudi,Senthamangalam,2026-02-06,2026-05-07,Closed,10.644367,79.559464,KMS 2025-26 as on 12-07-2026,Tamil Nadu Civil Supplies Corporation
TNCSC-KMS2025-26-3097,3097,Thiruvarur,Mannargudi,Senthamaraikan,2025-10-06,2026-04-22,Closed,10.499966,79.517935,KMS 2025-26 as on 12-07-2026,Tamil Nadu Civil Supplies Corporation
TNCSC-KMS2025-26-3098,3098,Thiruvarur,Mannargudi,Serangulam,2026-02-06,2026-03-17,Closed,10.647885,79.468711,KMS 2025-26 as on 12-07-2026,Tamil Nadu Civil Supplies Corporation
TNCSC-KMS2025-26-3099,3099,Thiruvarur,Mannargudi,Serumangalam 1,2025-09-15,,Open,10.665861,79.396263,KMS 2025-26 as on 12-07-2026,Tamil Nadu Civil Supplies Corporation
TNCSC-KMS2025-26-3100,3100,Thiruvarur,Mannargudi,Sitheri,2026-01-23,,Open,13.071507,79.605582,KMS 2025-26 as on 12-07-2026,Tamil Nadu Civil Supplies Corporation
TNCSC-KMS2025-26-3101,3101,Thiruvarur,Mannargudi,Thalaiyamangalam,2025-10-07,,Open,10.686395,79.282252,KMS 2025-26 as on 12-07-2026,Tamil Nadu Civil Supplies Corporation
TNCSC-KMS2025-26-3102,3102,Thiruvarur,Mannargudi,Thalikkottai,2025-09-13,,Open,10.632080,79.353798,KMS 2025-26 as on 12-07-2026,Tamil Nadu Civil Supplies Corporation
TNCSC-KMS2025-26-3103,3103,Thiruvarur,Mannargudi,Thattangoil,2025-10-07,2026-04-09,Closed,10.661068,79.449226,KMS 2025-26 as on 12-07-2026,Tamil Nadu Civil Supplies Corporation
TNCSC-KMS2025-26-3104,3104,Thiruvarur,Mannargudi,Thenbarai Melakadu,2026-01-23,,Open,10.539716,79.482218,KMS 2025-26 as on 12-07-2026,Tamil Nadu Civil Supplies Corporation
TNCSC-KMS2025-26-3105,3105,Thiruvarur,Mannargudi,Thenparai,2025-09-29,,Open,10.641264,79.464739,KMS 2025-26 as on 12-07-2026,Tamil Nadu Civil Supplies Corporation
TNCSC-KMS2025-26-3106,3106,Thiruvarur,Mannargudi,Thenpathi,2026-01-19,,Open,10.631794,79.458258,KMS 2025-26 as on 12-07-2026,Tamil Nadu Civil Supplies Corporation
TNCSC-KMS2025-26-3107,3107,Thiruvarur,Mannargudi,Thirukkalar,2025-10-04,2026-05-08,Closed,10.564211,79.569776,KMS 2025-26 as on 12-07-2026,Tamil Nadu Civil Supplies Corporation
TNCSC-KMS2025-26-3108,3108,Thiruvarur,Mannargudi,Thirumakkottai,2025-09-18,,Open,10.524283,79.456705,KMS 2025-26 as on 12-07-2026,Tamil Nadu Civil Supplies Corporation
TNCSC-KMS2025-26-3109,3109,Thiruvarur,Mannargudi,Thundakkattalai,2026-01-27,,Open,10.670703,79.480013,KMS 2025-26 as on 12-07-2026,Tamil Nadu Civil Supplies Corporation
TNCSC-KMS2025-26-3110,3110,Thiruvarur,Mannargudi,Ullikkottai,2025-09-15,,Open,10.598655,79.424343,KMS 2025-26 as on 12-07-2026,Tamil Nadu Civil Supplies Corporation
TNCSC-KMS2025-26-3111,3111,Thiruvarur,Mannargudi,Vallur,2026-01-24,,Open,10.545991,79.463080,KMS 2025-26 as on 12-07-2026,Tamil Nadu Civil Supplies Corporation
TNCSC-KMS2025-26-3112,3112,Thiruvarur,Mannargudi,Vanchiyur,2026-01-21,,Open,10.672951,79.467648,KMS 2025-26 as on 12-07-2026,Tamil Nadu Civil Supplies Corporation
TNCSC-KMS2025-26-3113,3113,Thiruvarur,Mannargudi,Vattar,2025-09-08,2026-04-09,Closed,10.579351,79.530001,KMS 2025-26 as on 12-07-2026,Tamil Nadu Civil Supplies Corporation
TNCSC-KMS2025-26-3114,3114,Thiruvarur,Mannargudi,Veetaithidal,2026-01-29,,Open,10.704272,79.476118,KMS 2025-26 as on 12-07-2026,Tamil Nadu Civil Supplies Corporation
TNCSC-KMS2025-26-3115,3115,Thiruvarur,Mannargudi,Vikrapandiyam,2025-09-29,2026-04-06,Closed,10.660706,79.449595,KMS 2025-26 as on 12-07-2026,Tamil Nadu Civil Supplies Corporation
TNCSC-KMS2025-26-3116,3116,Thiruvarur,Muthupettai,83 Kulamanickam,2025-10-03,2026-04-02,Closed,10.549105,79.531975,KMS 2025-26 as on 12-07-2026,Tamil Nadu Civil Supplies Corporation
TNCSC-KMS2025-26-3117,3117,Thiruvarur,Muthupettai,Aalangadu,2025-09-29,2026-04-08,Closed,11.273600,79.788395,KMS 2025-26 as on 12-07-2026,Tamil Nadu Civil Supplies Corporation
TNCSC-KMS2025-26-3118,3118,Thiruvarur,Muthupettai,Balakrishnapuram,2025-09-23,2026-04-17,Closed,10.437643,79.489868,KMS 2025-26 as on 12-07-2026,Tamil Nadu Civil Supplies Corporation
TNCSC-KMS2025-26-3119,3119,Thiruvarur,Muthupettai,Chithamalli,2025-09-19,2026-04-11,Closed,10.456053,79.492908,KMS 2025-26 as on 12-07-2026,Tamil Nadu Civil Supplies Corporation
TNCSC-KMS2025-26-3120,3120,Thiruvarur,Muthupettai,Devathanam,2025-09-20,2026-04-06,Closed,10.646400,79.469661,KMS 2025-26 as on 12-07-2026,Tamil Nadu Civil Supplies Corporation
TNCSC-KMS2025-26-3121,3121,Thiruvarur,Muthupettai,Edachimoolai,2025-09-17,2026-04-11,Closed,10.667388,79.443386,KMS 2025-26 as on 12-07-2026,Tamil Nadu Civil Supplies Corporation
TNCSC-KMS2025-26-3122,3122,Thiruvarur,Muthupettai,Ganthari,2025-09-22,2026-04-09,Closed,10.495185,79.494113,KMS 2025-26 as on 12-07-2026,Tamil Nadu Civil Supplies Corporation
TNCSC-KMS2025-26-3123,3123,Thiruvarur,Muthupettai,Idumbavanam,2025-10-06,2026-03-22,Closed,10.421961,79.605283,KMS 2025-26 as on 12-07-2026,Tamil Nadu Civil Supplies Corporation
TNCSC-KMS2025-26-3124,3124,Thiruvarur,Muthupettai,Kalappal,2025-09-27,2026-04-06,Closed,10.541760,79.550525,KMS 2025-26 as on 12-07-2026,Tamil Nadu Civil Supplies Corporation
TNCSC-KMS2025-26-3125,3125,Thiruvarur,Muthupettai,Karaiyankadu,2026-02-02,2026-04-03,Closed,10.658815,79.550555,KMS 2025-26 as on 12-07-2026,Tamil Nadu Civil Supplies Corporation
TNCSC-KMS2025-26-3126,3126,Thiruvarur,Muthupettai,Karnavur Mpt,2026-01-30,2026-03-20,Closed,10.531711,79.664208,KMS 2025-26 as on 12-07-2026,Tamil Nadu Civil Supplies Corporation
TNCSC-KMS2025-26-3127,3127,Thiruvarur,Muthupettai,Karpaganatharkulam,2026-01-14,2026-03-25,Closed,10.661026,79.449606,KMS 2025-26 as on 12-07-2026,Tamil Nadu Civil Supplies Corporation
TNCSC-KMS2025-26-3128,3128,Thiruvarur,Muthupettai,Keelanammankurichi,2025-09-23,2026-04-11,Closed,10.712901,79.413905,KMS 2025-26 as on 12-07-2026,Tamil Nadu Civil Supplies Corporation
TNCSC-KMS2025-26-3129,3129,Thiruvarur,Muthupettai,Kovil Chiththamalli,2025-09-25,2026-04-01,Closed,10.451490,79.483483,KMS 2025-26 as on 12-07-2026,Tamil Nadu Civil Supplies Corporation
TNCSC-KMS2025-26-3130,3130,Thiruvarur,Muthupettai,Kovil Kalappal,2025-09-27,2026-04-09,Closed,10.546596,79.550883,KMS 2025-26 as on 12-07-2026,Tamil Nadu Civil Supplies Corporation
TNCSC-KMS2025-26-3131,3131,Thiruvarur,Muthupettai,Kummattithital,2025-09-24,2026-03-30,Closed,10.455748,79.535123,KMS 2025-26 as on 12-07-2026,Tamil Nadu Civil Supplies Corporation
TNCSC-KMS2025-26-3132,3132,Thiruvarur,Muthupettai,Kuruchimoolai 1,2025-09-30,2026-04-25,Closed,10.540175,79.560078,KMS 2025-26 as on 12-07-2026,Tamil Nadu Civil Supplies Corporation
TNCSC-KMS2025-26-3133,3133,Thiruvarur,Muthupettai,Mangalur,2025-09-11,,Open,11.509731,79.015802,KMS 2025-26 as on 12-07-2026,Tamil Nadu Civil Supplies Corporation
TNCSC-KMS2025-26-3134,3134,Thiruvarur,Muthupettai,Mannavankottagam,2025-09-18,2026-04-17,Closed,10.464269,79.557873,KMS 2025-26 as on 12-07-2026,Tamil Nadu Civil Supplies Corporation
TNCSC-KMS2025-26-3135,3135,Thiruvarur,Muthupettai,Mannukkumundan,2025-09-22,2026-04-09,Closed,10.499908,79.517808,KMS 2025-26 as on 12-07-2026,Tamil Nadu Civil Supplies Corporation
TNCSC-KMS2025-26-3136,3136,Thiruvarur,Muthupettai,Naduvalikalappal,2025-10-04,2026-04-09,Closed,10.531247,79.552778,KMS 2025-26 as on 12-07-2026,Tamil Nadu Civil Supplies Corporation
TNCSC-KMS2025-26-3137,3137,Thiruvarur,Muthupettai,Nochchiyur,2025-09-25,2026-04-20,Closed,10.446485,79.505422,KMS 2025-26 as on 12-07-2026,Tamil Nadu Civil Supplies Corporation
TNCSC-KMS2025-26-3138,3138,Thiruvarur,Muthupettai,Paalaiyur,2025-09-19,2026-05-09,Closed,10.994359,79.563229,KMS 2025-26 as on 12-07-2026,Tamil Nadu Civil Supplies Corporation
TNCSC-KMS2025-26-3139,3139,Thiruvarur,Muthupettai,Perugavalthan,2025-09-15,2026-04-10,Closed,10.479776,79.493680,KMS 2025-26 as on 12-07-2026,Tamil Nadu Civil Supplies Corporation
TNCSC-KMS2025-26-3140,3140,Thiruvarur,Muthupettai,Peruvidamaruthur,2025-09-16,2026-05-09,Closed,10.661024,79.449266,KMS 2025-26 as on 12-07-2026,Tamil Nadu Civil Supplies Corporation
TNCSC-KMS2025-26-3141,3141,Thiruvarur,Muthupettai,Pinnathur,2025-09-26,2026-03-26,Closed,10.444948,79.560688,KMS 2025-26 as on 12-07-2026,Tamil Nadu Civil Supplies Corporation
TNCSC-KMS2025-26-3142,3142,Thiruvarur,Muthupettai,Puthagaram,2025-09-26,2026-04-20,Closed,12.719683,79.312298,KMS 2025-26 as on 12-07-2026,Tamil Nadu Civil Supplies Corporation
TNCSC-KMS2025-26-3143,3143,Thiruvarur,Muthupettai,Sanganthi,2025-09-11,2026-05-06,Closed,10.465778,79.568855,KMS 2025-26 as on 12-07-2026,Tamil Nadu Civil Supplies Corporation
TNCSC-KMS2025-26-3144,3144,Thiruvarur,Muthupettai,Serukalathur,2025-09-23,2026-04-15,Closed,10.872244,79.506097,KMS 2025-26 as on 12-07-2026,Tamil Nadu Civil Supplies Corporation
TNCSC-KMS2025-26-3145,3145,Thiruvarur,Muthupettai,Therku Nanallur,2025-10-01,2026-04-30,Closed,10.524677,79.524203,KMS 2025-26 as on 12-07-2026,Tamil Nadu Civil Supplies Corporation
TNCSC-KMS2025-26-3146,3146,Thiruvarur,Muthupettai,Thillaivilagam,2025-10-03,2026-04-03,Closed,10.663743,79.534437,KMS 2025-26 as on 12-07-2026,Tamil Nadu Civil Supplies Corporation
TNCSC-KMS2025-26-3147,3147,Thiruvarur,Muthupettai,Tholi,2025-09-24,2026-03-30,Closed,10.661096,79.449346,KMS 2025-26 as on 12-07-2026,Tamil Nadu Civil Supplies Corporation
TNCSC-KMS2025-26-3148,3148,Thiruvarur,Muthupettai,Thondiyakkadu,2026-01-12,2026-03-14,Closed,10.388345,79.588110,KMS 2025-26 as on 12-07-2026,Tamil Nadu Civil Supplies Corporation
TNCSC-KMS2025-26-3149,3149,Thiruvarur,Muthupettai,Uppur,2025-09-23,2026-03-30,Closed,10.425344,79.536985,KMS 2025-26 as on 12-07-2026,Tamil Nadu Civil Supplies Corporation
TNCSC-KMS2025-26-3150,3150,Thiruvarur,Muthupettai,Uthayamarthandapuram,2025-09-18,2026-04-10,Closed,10.444808,79.560356,KMS 2025-26 as on 12-07-2026,Tamil Nadu Civil Supplies Corporation
TNCSC-KMS2025-26-3151,3151,Thiruvarur,Muthupettai,Vadasanganthi,2026-02-02,2026-03-24,Closed,10.482053,79.560146,KMS 2025-26 as on 12-07-2026,Tamil Nadu Civil Supplies Corporation
TNCSC-KMS2025-26-3152,3152,Thiruvarur,Muthupettai,Vedhapuram,2025-09-27,2026-04-06,Closed,10.632886,79.512881,KMS 2025-26 as on 12-07-2026,Tamil Nadu Civil Supplies Corporation
TNCSC-KMS2025-26-3153,3153,Thiruvarur,Nannilam,53 Paruthiyur,2025-09-09,2026-04-03,Closed,10.854863,79.562866,KMS 2025-26 as on 12-07-2026,Tamil Nadu Civil Supplies Corporation
TNCSC-KMS2025-26-3154,3154,Thiruvarur,Nannilam,Aalangudi,2026-02-09,2026-04-01,Closed,10.897706,79.627789,KMS 2025-26 as on 12-07-2026,Tamil Nadu Civil Supplies Corporation
TNCSC-KMS2025-26-3155,3155,Thiruvarur,Nannilam,Aanaikuppam,2025-09-05,2026-03-26,Closed,10.850343,79.610266,KMS 2025-26 as on 12-07-2026,Tamil Nadu Civil Supplies Corporation
TNCSC-KMS2025-26-3156,3156,Thiruvarur,Nannilam,Achchuthamangalam,2025-09-10,2026-04-27,Closed,10.883359,79.594543,KMS 2025-26 as on 12-07-2026,Tamil Nadu Civil Supplies Corporation
TNCSC-KMS2025-26-3157,3157,Thiruvarur,Nannilam,Adambaar,2025-09-06,2026-04-28,Closed,10.911466,79.574511,KMS 2025-26 as on 12-07-2026,Tamil Nadu Civil Supplies Corporation
TNCSC-KMS2025-26-3158,3158,Thiruvarur,Nannilam,Agarakothangudi,2026-02-12,2026-04-03,Closed,10.968826,79.658257,KMS 2025-26 as on 12-07-2026,Tamil Nadu Civil Supplies Corporation
TNCSC-KMS2025-26-3159,3159,Thiruvarur,Nannilam,Agarathirumaalam,2025-09-05,2026-04-13,Closed,10.930920,79.669595,KMS 2025-26 as on 12-07-2026,Tamil Nadu Civil Supplies Corporation
TNCSC-KMS2025-26-3160,3160,Thiruvarur,Nannilam,Annathanapuram,2026-02-04,2026-05-02,Closed,10.996960,79.711741,KMS 2025-26 as on 12-07-2026,Tamil Nadu Civil Supplies Corporation
TNCSC-KMS2025-26-3161,3161,Thiruvarur,Nannilam,Ayyampettai,2025-09-05,2026-05-06,Closed,10.942032,79.623143,KMS 2025-26 as on 12-07-2026,Tamil Nadu Civil Supplies Corporation
TNCSC-KMS2025-26-3162,3162,Thiruvarur,Nannilam,Chakarakothangudi,2025-09-08,2026-04-28,Closed,10.945142,79.667910,KMS 2025-26 as on 12-07-2026,Tamil Nadu Civil Supplies Corporation
TNCSC-KMS2025-26-3163,3163,Thiruvarur,Nannilam,Kaliyaakudi,2025-09-10,2026-04-21,Closed,10.988168,79.714596,KMS 2025-26 as on 12-07-2026,Tamil Nadu Civil Supplies Corporation
TNCSC-KMS2025-26-3164,3164,Thiruvarur,Nannilam,Karkkathi,2025-09-05,2025-10-31,Closed,10.977012,79.612184,KMS 2025-26 as on 12-07-2026,Tamil Nadu Civil Supplies Corporation
TNCSC-KMS2025-26-3165,3165,Thiruvarur,Nannilam,Karkkathi,2026-02-04,2026-04-20,Closed,10.977012,79.612184,KMS 2025-26 as on 12-07-2026,Tamil Nadu Civil Supplies Corporation
TNCSC-KMS2025-26-3166,3166,Thiruvarur,Nannilam,Kathiramangalam,2025-09-15,2026-04-11,Closed,11.180216,79.709436,KMS 2025-26 as on 12-07-2026,Tamil Nadu Civil Supplies Corporation
TNCSC-KMS2025-26-3167,3167,Thiruvarur,Nannilam,Keranur,2025-09-05,2026-05-01,Closed,11.001636,79.658271,KMS 2025-26 as on 12-07-2026,Tamil Nadu Civil Supplies Corporation
TNCSC-KMS2025-26-3168,3168,Thiruvarur,Nannilam,Kollaapuram,2025-09-06,2026-04-30,Closed,10.955033,79.700386,KMS 2025-26 as on 12-07-2026,Tamil Nadu Civil Supplies Corporation
TNCSC-KMS2025-26-3169,3169,Thiruvarur,Nannilam,Kollumnagudi 1-1,2025-09-06,2026-04-19,Closed,10.991348,79.653160,KMS 2025-26 as on 12-07-2026,Tamil Nadu Civil Supplies Corporation
TNCSC-KMS2025-26-3170,3170,Thiruvarur,Nannilam,Kottur,2025-09-05,2026-04-25,Closed,10.958219,79.669330,KMS 2025-26 as on 12-07-2026,Tamil Nadu Civil Supplies Corporation
TNCSC-KMS2025-26-3171,3171,Thiruvarur,Nannilam,Kovilthirumaalam,2025-09-05,2026-04-29,Closed,10.923241,79.668545,KMS 2025-26 as on 12-07-2026,Tamil Nadu Civil Supplies Corporation
TNCSC-KMS2025-26-3172,3172,Thiruvarur,Nannilam,Kumaramangalam,2025-09-06,2026-04-18,Closed,11.012635,79.658511,KMS 2025-26 as on 12-07-2026,Tamil Nadu Civil Supplies Corporation
TNCSC-KMS2025-26-3173,3173,Thiruvarur,Nannilam,Kuvalaikkaal,2025-09-06,2026-04-27,Closed,10.843681,79.632781,KMS 2025-26 as on 12-07-2026,Tamil Nadu Civil Supplies Corporation
TNCSC-KMS2025-26-3174,3174,Thiruvarur,Nannilam,Magilancheri,2026-02-04,2026-04-21,Closed,10.852501,79.646406,KMS 2025-26 as on 12-07-2026,Tamil Nadu Civil Supplies Corporation
TNCSC-KMS2025-26-3175,3175,Thiruvarur,Nannilam,Maharajapuram,2025-09-10,2026-04-25,Closed,11.118888,79.613203,KMS 2025-26 as on 12-07-2026,Tamil Nadu Civil Supplies Corporation
TNCSC-KMS2025-26-3176,3176,Thiruvarur,Nannilam,Mappilaikuppam,2025-09-05,2026-04-21,Closed,10.868617,79.613897,KMS 2025-26 as on 12-07-2026,Tamil Nadu Civil Supplies Corporation
TNCSC-KMS2025-26-3177,3177,Thiruvarur,Nannilam,Maruthavaancheri,2025-09-05,2026-04-09,Closed,10.935698,79.638588,KMS 2025-26 as on 12-07-2026,Tamil Nadu Civil Supplies Corporation
TNCSC-KMS2025-26-3178,3178,Thiruvarur,Nannilam,Menangudi,2025-09-05,2026-04-28,Closed,10.945933,79.704294,KMS 2025-26 as on 12-07-2026,Tamil Nadu Civil Supplies Corporation
TNCSC-KMS2025-26-3179,3179,Thiruvarur,Nannilam,Moolamangalam,2026-01-23,2026-04-06,Closed,10.862778,79.626438,KMS 2025-26 as on 12-07-2026,Tamil Nadu Civil Supplies Corporation
TNCSC-KMS2025-26-3180,3180,Thiruvarur,Nannilam,Moolangudi,2026-02-02,2026-04-17,Closed,10.674128,79.517828,KMS 2025-26 as on 12-07-2026,Tamil Nadu Civil Supplies Corporation
TNCSC-KMS2025-26-3181,3181,Thiruvarur,Nannilam,Mottathur,2025-09-05,2026-06-29,Closed,10.930197,79.659351,KMS 2025-26 as on 12-07-2026,Tamil Nadu Civil Supplies Corporation
TNCSC-KMS2025-26-3182,3182,Thiruvarur,Nannilam,Mudikondaan,2025-09-09,2026-04-17,Closed,10.904230,79.643441,KMS 2025-26 as on 12-07-2026,Tamil Nadu Civil Supplies Corporation
TNCSC-KMS2025-26-3183,3183,Thiruvarur,Nannilam,Muganthanur 7,2025-09-05,2026-05-11,Closed,10.700045,79.526433,KMS 2025-26 as on 12-07-2026,Tamil Nadu Civil Supplies Corporation
TNCSC-KMS2025-26-3184,3184,Thiruvarur,Nannilam,Naagakkudi,2026-02-02,2026-04-02,Closed,10.817470,79.621203,KMS 2025-26 as on 12-07-2026,Tamil Nadu Civil Supplies Corporation
TNCSC-KMS2025-26-3185,3185,Thiruvarur,Nannilam,Nadakudi,2025-09-05,2026-04-17,Closed,10.844464,79.579538,KMS 2025-26 as on 12-07-2026,Tamil Nadu Civil Supplies Corporation
TNCSC-KMS2025-26-3186,3186,Thiruvarur,Nannilam,Nallamaangudi,2026-02-02,2026-04-18,Closed,10.885249,79.612376,KMS 2025-26 as on 12-07-2026,Tamil Nadu Civil Supplies Corporation
TNCSC-KMS2025-26-3187,3187,Thiruvarur,Nannilam,Nannilam,2025-09-04,2026-05-02,Closed,10.879236,79.616452,KMS 2025-26 as on 12-07-2026,Tamil Nadu Civil Supplies Corporation
TNCSC-KMS2025-26-3188,3188,Thiruvarur,Nannilam,Nedungulam,2025-09-05,2026-04-12,Closed,10.980798,79.707786,KMS 2025-26 as on 12-07-2026,Tamil Nadu Civil Supplies Corporation
TNCSC-KMS2025-26-3189,3189,Thiruvarur,Nannilam,Nemmeli,2025-09-06,2026-04-22,Closed,10.816918,79.251160,KMS 2025-26 as on 12-07-2026,Tamil Nadu Civil Supplies Corporation
TNCSC-KMS2025-26-3190,3190,Thiruvarur,Nannilam,Pavattakkudi,2025-09-05,2026-04-20,Closed,10.985416,79.690130,KMS 2025-26 as on 12-07-2026,Tamil Nadu Civil Supplies Corporation
TNCSC-KMS2025-26-3191,3191,Thiruvarur,Nannilam,Peralam,2025-09-08,2026-04-28,Closed,10.963222,79.661823,KMS 2025-26 as on 12-07-2026,Tamil Nadu Civil Supplies Corporation
TNCSC-KMS2025-26-3192,3192,Thiruvarur,Nannilam,Perumpugalur,2025-09-08,2026-04-02,Closed,10.801170,79.629829,KMS 2025-26 as on 12-07-2026,Tamil Nadu Civil Supplies Corporation
TNCSC-KMS2025-26-3193,3193,Thiruvarur,Nannilam,Pillur,2025-09-04,2026-04-22,Closed,10.987533,79.639331,KMS 2025-26 as on 12-07-2026,Tamil Nadu Civil Supplies Corporation
TNCSC-KMS2025-26-3194,3194,Thiruvarur,Nannilam,Polakkudi,2025-09-08,2026-04-09,Closed,10.980351,79.631295,KMS 2025-26 as on 12-07-2026,Tamil Nadu Civil Supplies Corporation
TNCSC-KMS2025-26-3195,3195,Thiruvarur,Nannilam,Puthhagalur,2026-01-22,2026-04-18,Closed,10.767525,79.627394,KMS 2025-26 as on 12-07-2026,Tamil Nadu Civil Supplies Corporation
TNCSC-KMS2025-26-3196,3196,Thiruvarur,Nannilam,Sallipperi,2025-09-05,2026-04-17,Closed,10.860156,79.591946,KMS 2025-26 as on 12-07-2026,Tamil Nadu Civil Supplies Corporation
TNCSC-KMS2025-26-3197,3197,Thiruvarur,Nannilam,Sannanallur,2026-02-04,2026-05-05,Closed,10.882822,79.647051,KMS 2025-26 as on 12-07-2026,Tamil Nadu Civil Supplies Corporation
TNCSC-KMS2025-26-3198,3198,Thiruvarur,Nannilam,Sembiyanallur,2025-09-06,2026-05-07,Closed,10.930086,79.692365,KMS 2025-26 as on 12-07-2026,Tamil Nadu Civil Supplies Corporation
TNCSC-KMS2025-26-3199,3199,Thiruvarur,Nannilam,Senganur,2025-09-04,2026-04-21,Closed,10.889837,79.561591,KMS 2025-26 as on 12-07-2026,Tamil Nadu Civil Supplies Corporation
TNCSC-KMS2025-26-3200,3200,Thiruvarur,Nannilam,Seruvaalur,2025-09-06,2026-04-10,Closed,10.919979,79.628792,KMS 2025-26 as on 12-07-2026,Tamil Nadu Civil Supplies Corporation
TNCSC-KMS2025-26-3201,3201,Thiruvarur,Nannilam,Thirukkottaram,2025-09-09,2026-04-16,Closed,10.972938,79.738570,KMS 2025-26 as on 12-07-2026,Tamil Nadu Civil Supplies Corporation
TNCSC-KMS2025-26-3202,3202,Thiruvarur,Nannilam,Thirumiachchur,2025-09-06,2026-04-16,Closed,10.963510,79.641163,KMS 2025-26 as on 12-07-2026,Tamil Nadu Civil Supplies Corporation
TNCSC-KMS2025-26-3203,3203,Thiruvarur,Nannilam,Thiruvanchiyam,2026-02-04,2026-05-02,Closed,10.874394,79.574514,KMS 2025-26 as on 12-07-2026,Tamil Nadu Civil Supplies Corporation
TNCSC-KMS2025-26-3204,3204,Thiruvarur,Nannilam,Ubhayavedanthapuram,2025-09-06,2026-04-17,Closed,10.931403,79.711543,KMS 2025-26 as on 12-07-2026,Tamil Nadu Civil Supplies Corporation
TNCSC-KMS2025-26-3205,3205,Thiruvarur,Nannilam,Vaallur,2025-09-05,2026-04-20,Closed,11.002726,79.699018,KMS 2025-26 as on 12-07-2026,Tamil Nadu Civil Supplies Corporation
TNCSC-KMS2025-26-3206,3206,Thiruvarur,Nannilam,Vadakudi,2026-02-02,2026-04-15,Closed,10.899801,79.591626,KMS 2025-26 as on 12-07-2026,Tamil Nadu Civil Supplies Corporation
TNCSC-KMS2025-26-3207,3207,Thiruvarur,Nannilam,Veerakanu,2026-01-22,2026-04-13,Closed,10.873371,79.582620,KMS 2025-26 as on 12-07-2026,Tamil Nadu Civil Supplies Corporation
TNCSC-KMS2025-26-3208,3208,Thiruvarur,Nannilam,Velangudi,2025-09-05,2026-04-20,Closed,10.977440,79.724266,KMS 2025-26 as on 12-07-2026,Tamil Nadu Civil Supplies Corporation
TNCSC-KMS2025-26-3209,3209,Thiruvarur,Nannilam,Vethividangan,2026-01-29,2026-04-08,Closed,10.860568,79.578769,KMS 2025-26 as on 12-07-2026,Tamil Nadu Civil Supplies Corporation
TNCSC-KMS2025-26-3210,3210,Thiruvarur,Needamangalam,37 Oorukudi,2025-09-11,2026-05-06,Closed,10.789690,79.514255,KMS 2025-26 as on 12-07-2026,Tamil Nadu Civil Supplies Corporation
TNCSC-KMS2025-26-3211,3211,Thiruvarur,Needamangalam,Arichchapuram,2025-10-03,,Open,10.657126,79.454781,KMS 2025-26 as on 12-07-2026,Tamil Nadu Civil Supplies Corporation
TNCSC-KMS2025-26-3212,3212,Thiruvarur,Needamangalam,Athanur,2025-10-03,,Open,8.723886,77.745414,KMS 2025-26 as on 12-07-2026,Tamil Nadu Civil Supplies Corporation
TNCSC-KMS2025-26-3213,3213,Thiruvarur,Needamangalam,Ayyemppettai,2025-09-23,,Open,10.741936,79.360126,KMS 2025-26 as on 12-07-2026,Tamil Nadu Civil Supplies Corporation
TNCSC-KMS2025-26-3214,3214,Thiruvarur,Needamangalam,Chitisimili,2025-09-15,2026-04-22,Closed,10.777288,79.510033,KMS 2025-26 as on 12-07-2026,Tamil Nadu Civil Supplies Corporation
TNCSC-KMS2025-26-3215,3215,Thiruvarur,Needamangalam,Chittamalli Melpathi,2025-10-01,,Open,10.776550,79.400533,KMS 2025-26 as on 12-07-2026,Tamil Nadu Civil Supplies Corporation
TNCSC-KMS2025-26-3216,3216,Thiruvarur,Needamangalam,Eda Annavasal,2025-09-29,,Open,10.792795,79.363806,KMS 2025-26 as on 12-07-2026,Tamil Nadu Civil Supplies Corporation
TNCSC-KMS2025-26-3217,3217,Thiruvarur,Needamangalam,Eda Keelaiyur,2025-09-29,,Open,10.702579,79.381450,KMS 2025-26 as on 12-07-2026,Tamil Nadu Civil Supplies Corporation
TNCSC-KMS2025-26-3218,3218,Thiruvarur,Needamangalam,Edakeelaiyur Therkkutheru,2025-09-22,,Open,10.697873,79.360903,KMS 2025-26 as on 12-07-2026,Tamil Nadu Civil Supplies Corporation
TNCSC-KMS2025-26-3219,3219,Thiruvarur,Needamangalam,Edamelaiyur 1,2025-09-22,,Open,10.697962,79.360506,KMS 2025-26 as on 12-07-2026,Tamil Nadu Civil Supplies Corporation
TNCSC-KMS2025-26-3220,3220,Thiruvarur,Needamangalam,Edamelaiyur Kandiyar Theru,2025-09-27,,Open,10.708210,79.357292,KMS 2025-26 as on 12-07-2026,Tamil Nadu Civil Supplies Corporation
TNCSC-KMS2025-26-3221,3221,Thiruvarur,Needamangalam,Kalachcheri,2025-09-25,,Open,10.747935,79.391141,KMS 2025-26 as on 12-07-2026,Tamil Nadu Civil Supplies Corporation
TNCSC-KMS2025-26-3222,3222,Thiruvarur,Needamangalam,Kalanchimedu,2025-09-20,,Open,10.712880,79.414046,KMS 2025-26 as on 12-07-2026,Tamil Nadu Civil Supplies Corporation
TNCSC-KMS2025-26-3223,3223,Thiruvarur,Needamangalam,Kalathur,2025-09-10,2026-04-22,Closed,12.873233,79.540062,KMS 2025-26 as on 12-07-2026,Tamil Nadu Civil Supplies Corporation
TNCSC-KMS2025-26-3224,3224,Thiruvarur,Needamangalam,Kalathurmelkarai,2025-09-08,,Open,10.760038,79.464886,KMS 2025-26 as on 12-07-2026,Tamil Nadu Civil Supplies Corporation
TNCSC-KMS2025-26-3225,3225,Thiruvarur,Needamangalam,Kamukagudi N,2025-10-17,2026-04-30,Closed,10.797043,79.470260,KMS 2025-26 as on 12-07-2026,Tamil Nadu Civil Supplies Corporation
TNCSC-KMS2025-26-3226,3226,Thiruvarur,Needamangalam,Kannur Annavasal,2025-09-20,,Open,10.706758,79.377521,KMS 2025-26 as on 12-07-2026,Tamil Nadu Civil Supplies Corporation
TNCSC-KMS2025-26-3227,3227,Thiruvarur,Needamangalam,Kanoor Serumangalam,2026-01-27,,Open,10.703338,79.448183,KMS 2025-26 as on 12-07-2026,Tamil Nadu Civil Supplies Corporation
TNCSC-KMS2025-26-3228,3228,Thiruvarur,Needamangalam,Kappaludaiyan,2025-10-06,,Open,10.782991,79.459168,KMS 2025-26 as on 12-07-2026,Tamil Nadu Civil Supplies Corporation
TNCSC-KMS2025-26-3229,3229,Thiruvarur,Needamangalam,Karkovil,2026-01-29,,Open,10.737401,79.477426,KMS 2025-26 as on 12-07-2026,Tamil Nadu Civil Supplies Corporation
TNCSC-KMS2025-26-3230,3230,Thiruvarur,Needamangalam,Keelapattu,2025-09-23,,Open,10.723544,79.388936,KMS 2025-26 as on 12-07-2026,Tamil Nadu Civil Supplies Corporation
TNCSC-KMS2025-26-3231,3231,Thiruvarur,Needamangalam,Kilariyam,2025-09-20,2026-04-28,Closed,10.758737,79.458521,KMS 2025-26 as on 12-07-2026,Tamil Nadu Civil Supplies Corporation
TNCSC-KMS2025-26-3232,3232,Thiruvarur,Needamangalam,Koradacheri,2025-09-08,,Open,10.767818,79.489356,KMS 2025-26 as on 12-07-2026,Tamil Nadu Civil Supplies Corporation
TNCSC-KMS2025-26-3233,3233,Thiruvarur,Needamangalam,Kovilvenni,2025-10-03,,Open,10.784615,79.358108,KMS 2025-26 as on 12-07-2026,Tamil Nadu Civil Supplies Corporation
TNCSC-KMS2025-26-3234,3234,Thiruvarur,Needamangalam,Kuchipalayam,2025-09-24,,Open,10.776098,79.343616,KMS 2025-26 as on 12-07-2026,Tamil Nadu Civil Supplies Corporation
TNCSC-KMS2025-26-3235,3235,Thiruvarur,Needamangalam,Madappuram,2025-10-06,,Open,10.724730,79.452310,KMS 2025-26 as on 12-07-2026,Tamil Nadu Civil Supplies Corporation
TNCSC-KMS2025-26-3236,3236,Thiruvarur,Needamangalam,Manalur Ndm,2025-10-06,,Open,10.792646,79.363606,KMS 2025-26 as on 12-07-2026,Tamil Nadu Civil Supplies Corporation
TNCSC-KMS2025-26-3237,3237,Thiruvarur,Needamangalam,Melapovnur,2025-09-22,,Open,10.713439,79.388262,KMS 2025-26 as on 12-07-2026,Tamil Nadu Civil Supplies Corporation
TNCSC-KMS2025-26-3238,3238,Thiruvarur,Needamangalam,Moovarkottai,2025-09-20,,Open,10.727461,79.308129,KMS 2025-26 as on 12-07-2026,Tamil Nadu Civil Supplies Corporation
TNCSC-KMS2025-26-3239,3239,Thiruvarur,Needamangalam,Munnavalkkottai,2025-09-20,,Open,10.757710,79.371609,KMS 2025-26 as on 12-07-2026,Tamil Nadu Civil Supplies Corporation
TNCSC-KMS2025-26-3240,3240,Thiruvarur,Needamangalam,Nagar,2025-10-04,,Open,10.788586,79.376226,KMS 2025-26 as on 12-07-2026,Tamil Nadu Civil Supplies Corporation
TNCSC-KMS2025-26-3241,3241,Thiruvarur,Needamangalam,Navalpoondi,2025-09-20,,Open,10.704881,79.389804,KMS 2025-26 as on 12-07-2026,Tamil Nadu Civil Supplies Corporation
TNCSC-KMS2025-26-3242,3242,Thiruvarur,Needamangalam,Needamangalam,2025-10-09,,Open,10.768746,79.427918,KMS 2025-26 as on 12-07-2026,Tamil Nadu Civil Supplies Corporation
TNCSC-KMS2025-26-3243,3243,Thiruvarur,Needamangalam,Olimathi,2025-10-07,,Open,10.764762,79.453590,KMS 2025-26 as on 12-07-2026,Tamil Nadu Civil Supplies Corporation
TNCSC-KMS2025-26-3244,3244,Thiruvarur,Needamangalam,Paththur Melkarai,2026-01-29,,Open,10.779878,79.480496,KMS 2025-26 as on 12-07-2026,Tamil Nadu Civil Supplies Corporation
TNCSC-KMS2025-26-3245,3245,Thiruvarur,Needamangalam,Patthur,2025-09-10,2026-05-08,Closed,10.783388,79.484773,KMS 2025-26 as on 12-07-2026,Tamil Nadu Civil Supplies Corporation
TNCSC-KMS2025-26-3246,3246,Thiruvarur,Needamangalam,Perambur,2025-09-15,,Open,11.033029,79.695639,KMS 2025-26 as on 12-07-2026,Tamil Nadu Civil Supplies Corporation
TNCSC-KMS2025-26-3247,3247,Thiruvarur,Needamangalam,Periyakottai,2025-09-17,,Open,10.765011,79.360815,KMS 2025-26 as on 12-07-2026,Tamil Nadu Civil Supplies Corporation
TNCSC-KMS2025-26-3248,3248,Thiruvarur,Needamangalam,Perumalnagaram,2025-09-15,2026-05-08,Closed,10.769216,79.505028,KMS 2025-26 as on 12-07-2026,Tamil Nadu Civil Supplies Corporation
TNCSC-KMS2025-26-3249,3249,Thiruvarur,Needamangalam,Poovanatham,2025-09-18,,Open,10.766560,79.377768,KMS 2025-26 as on 12-07-2026,Tamil Nadu Civil Supplies Corporation
TNCSC-KMS2025-26-3250,3250,Thiruvarur,Needamangalam,Povanur,2025-09-23,,Open,10.746863,79.417653,KMS 2025-26 as on 12-07-2026,Tamil Nadu Civil Supplies Corporation
TNCSC-KMS2025-26-3251,3251,Thiruvarur,Needamangalam,Pullavarayankudikadu,2025-09-22,,Open,10.764833,79.193351,KMS 2025-26 as on 12-07-2026,Tamil Nadu Civil Supplies Corporation
TNCSC-KMS2025-26-3252,3252,Thiruvarur,Needamangalam,Pullavarayankudikadu Karaimedu,2025-09-22,,Open,10.727588,79.331711,KMS 2025-26 as on 12-07-2026,Tamil Nadu Civil Supplies Corporation
TNCSC-KMS2025-26-3253,3253,Thiruvarur,Needamangalam,Rayapuram,2025-09-24,,Open,10.730806,79.408571,KMS 2025-26 as on 12-07-2026,Tamil Nadu Civil Supplies Corporation
TNCSC-KMS2025-26-3254,3254,Thiruvarur,Needamangalam,Rayapuram Agraharam,2025-09-20,,Open,10.727569,79.394323,KMS 2025-26 as on 12-07-2026,Tamil Nadu Civil Supplies Corporation
TNCSC-KMS2025-26-3255,3255,Thiruvarur,Needamangalam,Rishiyur,2025-10-03,,Open,10.770583,79.412076,KMS 2025-26 as on 12-07-2026,Tamil Nadu Civil Supplies Corporation
TNCSC-KMS2025-26-3256,3256,Thiruvarur,Needamangalam,Seenikudikadu,2025-09-18,,Open,10.719799,79.317786,KMS 2025-26 as on 12-07-2026,Tamil Nadu Civil Supplies Corporation
TNCSC-KMS2025-26-3257,3257,Thiruvarur,Needamangalam,Sonapettai,2025-09-20,,Open,10.712828,79.359911,KMS 2025-26 as on 12-07-2026,Tamil Nadu Civil Supplies Corporation
TNCSC-KMS2025-26-3258,3258,Thiruvarur,Needamangalam,Sonapettai Kilakku,2025-09-22,,Open,10.729666,79.371423,KMS 2025-26 as on 12-07-2026,Tamil Nadu Civil Supplies Corporation
TNCSC-KMS2025-26-3259,3259,Thiruvarur,Needamangalam,Thenkaravayal,2026-02-03,2026-04-21,Closed,10.707210,79.438314,KMS 2025-26 as on 12-07-2026,Tamil Nadu Civil Supplies Corporation
TNCSC-KMS2025-26-3260,3260,Thiruvarur,Needamangalam,Thevaengudi,2025-09-29,,Open,10.724974,79.470206,KMS 2025-26 as on 12-07-2026,Tamil Nadu Civil Supplies Corporation
TNCSC-KMS2025-26-3261,3261,Thiruvarur,Needamangalam,Vadakaravayal,2025-09-22,,Open,10.730680,79.432438,KMS 2025-26 as on 12-07-2026,Tamil Nadu Civil Supplies Corporation
TNCSC-KMS2025-26-3262,3262,Thiruvarur,Needamangalam,Vadur Thenpathi,2025-09-23,,Open,10.705268,79.281935,KMS 2025-26 as on 12-07-2026,Tamil Nadu Civil Supplies Corporation
TNCSC-KMS2025-26-3263,3263,Thiruvarur,Needamangalam,Vaduvur,2025-09-22,,Open,10.693156,79.327771,KMS 2025-26 as on 12-07-2026,Tamil Nadu Civil Supplies Corporation
TNCSC-KMS2025-26-3264,3264,Thiruvarur,Needamangalam,Vaduvur Melpathi,2025-09-23,,Open,10.715546,79.316734,KMS 2025-26 as on 12-07-2026,Tamil Nadu Civil Supplies Corporation
TNCSC-KMS2025-26-3265,3265,Thiruvarur,Needamangalam,Vaduvur Puthukkottai,2025-09-29,,Open,10.685464,79.339025,KMS 2025-26 as on 12-07-2026,Tamil Nadu Civil Supplies Corporation
TNCSC-KMS2025-26-3266,3266,Thiruvarur,Needamangalam,Vaduvur Sathanoor,2025-09-17,,Open,10.667955,79.329331,KMS 2025-26 as on 12-07-2026,Tamil Nadu Civil Supplies Corporation
TNCSC-KMS2025-26-3267,3267,Thiruvarur,Needamangalam,Vaduvur Vadapathi,2025-09-23,,Open,10.708786,79.337550,KMS 2025-26 as on 12-07-2026,Tamil Nadu Civil Supplies Corporation
TNCSC-KMS2025-26-3268,3268,Thiruvarur,Needamangalam,Veeravanallur,2025-09-17,,Open,8.687798,77.514517,KMS 2025-26 as on 12-07-2026,Tamil Nadu Civil Supplies Corporation
TNCSC-KMS2025-26-3269,3269,Thiruvarur,Thiruthuraipoondi,Aalathambadi,2025-10-06,2026-04-18,Closed,10.598501,79.658113,KMS 2025-26 as on 12-07-2026,Tamil Nadu Civil Supplies Corporation
TNCSC-KMS2025-26-3270,3270,Thiruvarur,Thiruthuraipoondi,Aandankarai,2025-09-23,2026-04-08,Closed,10.629590,79.614046,KMS 2025-26 as on 12-07-2026,Tamil Nadu Civil Supplies Corporation
TNCSC-KMS2025-26-3271,3271,Thiruvarur,Thiruthuraipoondi,Aariyalur,2025-10-08,2026-03-24,Closed,10.505308,79.531555,KMS 2025-26 as on 12-07-2026,Tamil Nadu Civil Supplies Corporation
TNCSC-KMS2025-26-3272,3272,Thiruvarur,Thiruthuraipoondi,Agaravayal,2025-09-23,2026-04-09,Closed,10.613180,79.590584,KMS 2025-26 as on 12-07-2026,Tamil Nadu Civil Supplies Corporation
TNCSC-KMS2025-26-3273,3273,Thiruvarur,Thiruthuraipoondi,Ammalur,2025-09-22,2026-04-15,Closed,10.474583,79.586505,KMS 2025-26 as on 12-07-2026,Tamil Nadu Civil Supplies Corporation
TNCSC-KMS2025-26-3274,3274,Thiruvarur,Thiruthuraipoondi,Ammanoor,2025-10-11,2026-04-21,Closed,10.630835,79.640120,KMS 2025-26 as on 12-07-2026,Tamil Nadu Civil Supplies Corporation
TNCSC-KMS2025-26-3275,3275,Thiruvarur,Thiruthuraipoondi,Athanur,2025-10-06,2026-04-04,Closed,8.723886,77.745414,KMS 2025-26 as on 12-07-2026,Tamil Nadu Civil Supplies Corporation
TNCSC-KMS2025-26-3276,3276,Thiruvarur,Thiruthuraipoondi,Athirangam,2025-10-01,2026-03-30,Closed,10.669382,79.461071,KMS 2025-26 as on 12-07-2026,Tamil Nadu Civil Supplies Corporation
TNCSC-KMS2025-26-3277,3277,Thiruvarur,Thiruthuraipoondi,Chetiyamoolai 3-1,2025-09-30,2026-04-04,Closed,10.602050,79.581629,KMS 2025-26 as on 12-07-2026,Tamil Nadu Civil Supplies Corporation
TNCSC-KMS2025-26-3278,3278,Thiruvarur,Thiruthuraipoondi,Desingurajapuram,2025-09-22,2026-03-28,Closed,10.680306,79.518836,KMS 2025-26 as on 12-07-2026,Tamil Nadu Civil Supplies Corporation
TNCSC-KMS2025-26-3279,3279,Thiruvarur,Thiruthuraipoondi,Ekkal,2025-09-25,2026-05-06,Closed,10.466488,79.644413,KMS 2025-26 as on 12-07-2026,Tamil Nadu Civil Supplies Corporation
TNCSC-KMS2025-26-3280,3280,Thiruvarur,Thiruthuraipoondi,Elilur,2025-09-29,2026-03-28,Closed,10.539903,79.597188,KMS 2025-26 as on 12-07-2026,Tamil Nadu Civil Supplies Corporation
TNCSC-KMS2025-26-3281,3281,Thiruvarur,Thiruthuraipoondi,Kachchanam,2025-09-18,2026-05-01,Closed,10.623591,79.663765,KMS 2025-26 as on 12-07-2026,Tamil Nadu Civil Supplies Corporation
TNCSC-KMS2025-26-3282,3282,Thiruvarur,Thiruthuraipoondi,Kadiyacheri,2025-10-01,2026-03-31,Closed,10.516354,79.577311,KMS 2025-26 as on 12-07-2026,Tamil Nadu Civil Supplies Corporation
TNCSC-KMS2025-26-3283,3283,Thiruvarur,Thiruthuraipoondi,Kallikkudi,2025-10-01,2026-04-15,Closed,10.486868,79.623916,KMS 2025-26 as on 12-07-2026,Tamil Nadu Civil Supplies Corporation
TNCSC-KMS2025-26-3284,3284,Thiruvarur,Thiruthuraipoondi,Kalliur,2025-10-06,2025-11-14,Closed,10.517060,79.570287,KMS 2025-26 as on 12-07-2026,Tamil Nadu Civil Supplies Corporation
TNCSC-KMS2025-26-3285,3285,Thiruvarur,Thiruthuraipoondi,Kattimedu,2026-02-04,2026-03-26,Closed,10.770755,79.610189,KMS 2025-26 as on 12-07-2026,Tamil Nadu Civil Supplies Corporation
TNCSC-KMS2025-26-3286,3286,Thiruvarur,Thiruthuraipoondi,Keela Korkai,2026-02-02,2026-04-08,Closed,10.532595,79.714745,KMS 2025-26 as on 12-07-2026,Tamil Nadu Civil Supplies Corporation
TNCSC-KMS2025-26-3287,3287,Thiruvarur,Thiruthuraipoondi,Kelaperumalai,2025-10-01,2026-03-26,Closed,10.450037,79.605252,KMS 2025-26 as on 12-07-2026,Tamil Nadu Civil Supplies Corporation
TNCSC-KMS2025-26-3288,3288,Thiruvarur,Thiruthuraipoondi,Kerakkalur,2025-09-15,2026-04-11,Closed,10.592006,79.612626,KMS 2025-26 as on 12-07-2026,Tamil Nadu Civil Supplies Corporation
TNCSC-KMS2025-26-3289,3289,Thiruvarur,Thiruthuraipoondi,Kokkaladi,2025-09-22,2026-05-06,Closed,10.539039,79.677415,KMS 2025-26 as on 12-07-2026,Tamil Nadu Civil Supplies Corporation
TNCSC-KMS2025-26-3290,3290,Thiruvarur,Thiruthuraipoondi,Komalapettai,2025-09-17,2026-04-07,Closed,10.706066,79.520378,KMS 2025-26 as on 12-07-2026,Tamil Nadu Civil Supplies Corporation
TNCSC-KMS2025-26-3291,3291,Thiruvarur,Thiruthuraipoondi,Korukkai,2025-09-17,2026-05-06,Closed,10.515941,79.632510,KMS 2025-26 as on 12-07-2026,Tamil Nadu Civil Supplies Corporation
TNCSC-KMS2025-26-3292,3292,Thiruvarur,Thiruthuraipoondi,Kunnalur,2025-09-20,2026-04-22,Closed,10.467330,79.617583,KMS 2025-26 as on 12-07-2026,Tamil Nadu Civil Supplies Corporation
TNCSC-KMS2025-26-3293,3293,Thiruvarur,Thiruthuraipoondi,Kunnur,2025-09-25,2026-04-21,Closed,10.589968,79.626438,KMS 2025-26 as on 12-07-2026,Tamil Nadu Civil Supplies Corporation
TNCSC-KMS2025-26-3294,3294,Thiruvarur,Thiruthuraipoondi,Kurumbal,2025-09-25,2026-04-13,Closed,10.581243,79.641476,KMS 2025-26 as on 12-07-2026,Tamil Nadu Civil Supplies Corporation
TNCSC-KMS2025-26-3295,3295,Thiruvarur,Thiruthuraipoondi,Manali,2025-09-26,2026-04-10,Closed,10.572296,79.650183,KMS 2025-26 as on 12-07-2026,Tamil Nadu Civil Supplies Corporation
TNCSC-KMS2025-26-3296,3296,Thiruvarur,Thiruthuraipoondi,Mangudi,2025-09-15,2026-04-30,Closed,10.516368,79.577243,KMS 2025-26 as on 12-07-2026,Tamil Nadu Civil Supplies Corporation
TNCSC-KMS2025-26-3297,3297,Thiruvarur,Thiruthuraipoondi,Maruthavanam,2025-09-15,2026-04-16,Closed,10.536995,79.583758,KMS 2025-26 as on 12-07-2026,Tamil Nadu Civil Supplies Corporation
TNCSC-KMS2025-26-3298,3298,Thiruvarur,Thiruthuraipoondi,Mela Maruthur,2025-10-01,2026-05-06,Closed,10.458893,79.684770,KMS 2025-26 as on 12-07-2026,Tamil Nadu Civil Supplies Corporation
TNCSC-KMS2025-26-3299,3299,Thiruvarur,Thiruthuraipoondi,Melaperumazhai,2025-09-17,2026-03-30,Closed,10.469333,79.578780,KMS 2025-26 as on 12-07-2026,Tamil Nadu Civil Supplies Corporation
TNCSC-KMS2025-26-3300,3300,Thiruvarur,Thiruthuraipoondi,Melasethi,2025-10-01,2026-03-30,Closed,10.481531,79.612300,KMS 2025-26 as on 12-07-2026,Tamil Nadu Civil Supplies Corporation
TNCSC-KMS2025-26-3301,3301,Thiruvarur,Thiruthuraipoondi,Mettupalaiyam,2025-09-16,2026-04-18,Closed,10.571156,79.595703,KMS 2025-26 as on 12-07-2026,Tamil Nadu Civil Supplies Corporation
TNCSC-KMS2025-26-3302,3302,Thiruvarur,Thiruthuraipoondi,Nedumbalam,2025-10-03,2026-04-16,Closed,10.513965,79.624974,KMS 2025-26 as on 12-07-2026,Tamil Nadu Civil Supplies Corporation
TNCSC-KMS2025-26-3303,3303,Thiruvarur,Thiruthuraipoondi,Nunakkadu,2025-10-03,2026-04-25,Closed,10.544650,79.596401,KMS 2025-26 as on 12-07-2026,Tamil Nadu Civil Supplies Corporation
TNCSC-KMS2025-26-3304,3304,Thiruvarur,Thiruthuraipoondi,Ovarur,2025-09-19,2026-04-22,Closed,10.469310,79.578078,KMS 2025-26 as on 12-07-2026,Tamil Nadu Civil Supplies Corporation
TNCSC-KMS2025-26-3305,3305,Thiruvarur,Thiruthuraipoondi,Paamanthur,2025-10-03,2026-04-18,Closed,10.628726,79.652925,KMS 2025-26 as on 12-07-2026,Tamil Nadu Civil Supplies Corporation
TNCSC-KMS2025-26-3306,3306,Thiruvarur,Thiruthuraipoondi,Pamani,2025-09-20,2026-03-28,Closed,10.531858,79.663733,KMS 2025-26 as on 12-07-2026,Tamil Nadu Civil Supplies Corporation
TNCSC-KMS2025-26-3307,3307,Thiruvarur,Thiruthuraipoondi,Pandichatram,2025-09-13,2026-05-02,Closed,10.489335,79.622908,KMS 2025-26 as on 12-07-2026,Tamil Nadu Civil Supplies Corporation
TNCSC-KMS2025-26-3308,3308,Thiruvarur,Thiruthuraipoondi,Pandikkottagam,2025-09-19,2026-03-31,Closed,10.661073,79.449335,KMS 2025-26 as on 12-07-2026,Tamil Nadu Civil Supplies Corporation
TNCSC-KMS2025-26-3309,3309,Thiruvarur,Thiruthuraipoondi,Pitchankottagam,2025-09-24,2026-04-02,Closed,10.488984,79.665550,KMS 2025-26 as on 12-07-2026,Tamil Nadu Civil Supplies Corporation
TNCSC-KMS2025-26-3310,3310,Thiruvarur,Thiruthuraipoondi,Ponnirai,2025-09-22,2026-04-11,Closed,10.604428,79.639130,KMS 2025-26 as on 12-07-2026,Tamil Nadu Civil Supplies Corporation
TNCSC-KMS2025-26-3311,3311,Thiruvarur,Thiruthuraipoondi,Posalaangudi,2025-09-15,2026-04-13,Closed,10.616005,79.617071,KMS 2025-26 as on 12-07-2026,Tamil Nadu Civil Supplies Corporation
TNCSC-KMS2025-26-3312,3312,Thiruvarur,Thiruthuraipoondi,Rayanallur,2025-10-15,2026-03-30,Closed,10.588753,79.557223,KMS 2025-26 as on 12-07-2026,Tamil Nadu Civil Supplies Corporation
TNCSC-KMS2025-26-3313,3313,Thiruvarur,Thiruthuraipoondi,Sathangudi,2026-02-05,2026-04-18,Closed,10.582508,79.672378,KMS 2025-26 as on 12-07-2026,Tamil Nadu Civil Supplies Corporation
TNCSC-KMS2025-26-3314,3314,Thiruvarur,Thiruthuraipoondi,Segalmadappuram,2025-09-22,2026-04-17,Closed,10.663267,79.465764,KMS 2025-26 as on 12-07-2026,Tamil Nadu Civil Supplies Corporation
TNCSC-KMS2025-26-3315,3315,Thiruvarur,Thiruthuraipoondi,Sembiyamangalam,2025-09-24,2026-04-21,Closed,10.483018,79.638638,KMS 2025-26 as on 12-07-2026,Tamil Nadu Civil Supplies Corporation
TNCSC-KMS2025-26-3316,3316,Thiruvarur,Thiruthuraipoondi,Thalakkadu,2025-10-03,2026-04-11,Closed,10.507610,79.688195,KMS 2025-26 as on 12-07-2026,Tamil Nadu Civil Supplies Corporation
TNCSC-KMS2025-26-3317,3317,Thiruvarur,Thiruthuraipoondi,Thirupattur,2025-09-16,2026-04-21,Closed,10.600740,79.565283,KMS 2025-26 as on 12-07-2026,Tamil Nadu Civil Supplies Corporation
TNCSC-KMS2025-26-3318,3318,Thiruvarur,Thiruthuraipoondi,Thiruthankur,2025-09-24,2026-03-24,Closed,10.633905,79.571996,KMS 2025-26 as on 12-07-2026,Tamil Nadu Civil Supplies Corporation
TNCSC-KMS2025-26-3319,3319,Thiruvarur,Thiruthuraipoondi,Thiruthuraipoondi,2025-10-10,2026-04-04,Closed,10.541201,79.630133,KMS 2025-26 as on 12-07-2026,Tamil Nadu Civil Supplies Corporation
TNCSC-KMS2025-26-3320,3320,Thiruvarur,Thiruthuraipoondi,Vanga Nagar,2025-09-22,2026-04-29,Closed,10.516426,79.577340,KMS 2025-26 as on 12-07-2026,Tamil Nadu Civil Supplies Corporation
TNCSC-KMS2025-26-3321,3321,Thiruvarur,Thiruthuraipoondi,Varambiyam,2025-10-01,2026-03-30,Closed,10.558606,79.634538,KMS 2025-26 as on 12-07-2026,Tamil Nadu Civil Supplies Corporation
TNCSC-KMS2025-26-3322,3322,Thiruvarur,Thiruthuraipoondi,Velur,2025-09-29,2026-04-17,Closed,10.597274,79.558965,KMS 2025-26 as on 12-07-2026,Tamil Nadu Civil Supplies Corporation
TNCSC-KMS2025-26-3323,3323,Thiruvarur,Thiruthuraipoondi,Vilakkudi,2025-10-04,2026-03-30,Closed,10.589756,79.591940,KMS 2025-26 as on 12-07-2026,Tamil Nadu Civil Supplies Corporation
TNCSC-KMS2025-26-3324,3324,Thiruvarur,Thiruthuraipoondi,Vittukatti,2025-10-08,2026-03-30,Closed,10.563836,79.629161,KMS 2025-26 as on 12-07-2026,Tamil Nadu Civil Supplies Corporation
TNCSC-KMS2025-26-3325,3325,Thiruvarur,Thiruvarur,04 Keerangudi T,2025-09-06,2026-04-24,Closed,10.830107,79.581459,KMS 2025-26 as on 12-07-2026,Tamil Nadu Civil Supplies Corporation
TNCSC-KMS2025-26-3326,3326,Thiruvarur,Thiruvarur,Adiyakkamangalam,2025-10-03,2026-04-21,Closed,10.752221,79.681646,KMS 2025-26 as on 12-07-2026,Tamil Nadu Civil Supplies Corporation
TNCSC-KMS2025-26-3327,3327,Thiruvarur,Thiruvarur,Alivalam,2025-10-07,2026-05-16,Closed,10.413555,79.268922,KMS 2025-26 as on 12-07-2026,Tamil Nadu Civil Supplies Corporation
TNCSC-KMS2025-26-3328,3328,Thiruvarur,Thiruvarur,Ammaiyappan,2025-09-08,2026-04-16,Closed,10.781287,79.572501,KMS 2025-26 as on 12-07-2026,Tamil Nadu Civil Supplies Corporation
TNCSC-KMS2025-26-3329,3329,Thiruvarur,Thiruvarur,Amur,2026-02-03,2026-04-02,Closed,10.746889,79.710269,KMS 2025-26 as on 12-07-2026,Tamil Nadu Civil Supplies Corporation
TNCSC-KMS2025-26-3330,3330,Thiruvarur,Thiruvarur,Cholanganallur 4-1,2025-09-19,2026-04-08,Closed,10.820174,79.715690,KMS 2025-26 as on 12-07-2026,Tamil Nadu Civil Supplies Corporation
TNCSC-KMS2025-26-3331,3331,Thiruvarur,Thiruvarur,Depangudi,2025-09-08,2026-04-21,Closed,10.829595,79.559818,KMS 2025-26 as on 12-07-2026,Tamil Nadu Civil Supplies Corporation
TNCSC-KMS2025-26-3332,3332,Thiruvarur,Thiruvarur,Duraikudi,2026-02-05,2026-04-08,Closed,10.664600,79.634754,KMS 2025-26 as on 12-07-2026,Tamil Nadu Civil Supplies Corporation
TNCSC-KMS2025-26-3333,3333,Thiruvarur,Thiruvarur,Elavankargudi,2026-02-11,2026-03-28,Closed,10.785781,79.624858,KMS 2025-26 as on 12-07-2026,Tamil Nadu Civil Supplies Corporation
TNCSC-KMS2025-26-3334,3334,Thiruvarur,Thiruvarur,Kallikkudi,2025-10-07,2026-05-06,Closed,10.780103,79.692933,KMS 2025-26 as on 12-07-2026,Tamil Nadu Civil Supplies Corporation
TNCSC-KMS2025-26-3335,3335,Thiruvarur,Thiruvarur,Kalyanamahadevi,2025-10-04,2026-05-02,Closed,10.801880,79.388491,KMS 2025-26 as on 12-07-2026,Tamil Nadu Civil Supplies Corporation
TNCSC-KMS2025-26-3336,3336,Thiruvarur,Thiruvarur,Kalyanasundarapuram,2025-10-04,2026-04-03,Closed,10.789442,79.700609,KMS 2025-26 as on 12-07-2026,Tamil Nadu Civil Supplies Corporation
TNCSC-KMS2025-26-3337,3337,Thiruvarur,Thiruvarur,Kattoor,2026-02-09,,Open,10.792415,79.602333,KMS 2025-26 as on 12-07-2026,Tamil Nadu Civil Supplies Corporation
TNCSC-KMS2025-26-3338,3338,Thiruvarur,Thiruvarur,Keelapadugai,2026-02-02,2026-04-03,Closed,10.752827,79.616984,KMS 2025-26 as on 12-07-2026,Tamil Nadu Civil Supplies Corporation
TNCSC-KMS2025-26-3339,3339,Thiruvarur,Thiruvarur,Komal,2025-09-29,2026-04-04,Closed,10.661918,79.658990,KMS 2025-26 as on 12-07-2026,Tamil Nadu Civil Supplies Corporation
TNCSC-KMS2025-26-3340,3340,Thiruvarur,Thiruvarur,Koodur,2025-10-01,2026-04-15,Closed,10.736167,79.630317,KMS 2025-26 as on 12-07-2026,Tamil Nadu Civil Supplies Corporation
TNCSC-KMS2025-26-3341,3341,Thiruvarur,Thiruvarur,Kottarakudi,2025-10-03,2026-04-21,Closed,10.815290,79.731461,KMS 2025-26 as on 12-07-2026,Tamil Nadu Civil Supplies Corporation
TNCSC-KMS2025-26-3342,3342,Thiruvarur,Thiruvarur,Kulikarai,2025-10-03,2026-04-11,Closed,10.759416,79.581423,KMS 2025-26 as on 12-07-2026,Tamil Nadu Civil Supplies Corporation
TNCSC-KMS2025-26-3343,3343,Thiruvarur,Thiruvarur,Kunniyur,2025-09-15,2026-04-29,Closed,10.685055,79.647925,KMS 2025-26 as on 12-07-2026,Tamil Nadu Civil Supplies Corporation
TNCSC-KMS2025-26-3344,3344,Thiruvarur,Thiruvarur,Mangudi,2025-10-06,2026-04-08,Closed,10.217594,79.065881,KMS 2025-26 as on 12-07-2026,Tamil Nadu Civil Supplies Corporation
TNCSC-KMS2025-26-3345,3345,Thiruvarur,Thiruvarur,Nadappur,2026-02-09,2026-05-20,Closed,10.808347,79.661104,KMS 2025-26 as on 12-07-2026,Tamil Nadu Civil Supplies Corporation
TNCSC-KMS2025-26-3346,3346,Thiruvarur,Thiruvarur,Naranamangalam,2026-02-06,2026-04-18,Closed,10.732194,79.630203,KMS 2025-26 as on 12-07-2026,Tamil Nadu Civil Supplies Corporation
TNCSC-KMS2025-26-3347,3347,Thiruvarur,Thiruvarur,Odaacheri,2025-10-03,2026-04-08,Closed,10.789528,79.700496,KMS 2025-26 as on 12-07-2026,Tamil Nadu Civil Supplies Corporation
TNCSC-KMS2025-26-3348,3348,Thiruvarur,Thiruvarur,Palaiyavalam,2025-10-06,2026-05-02,Closed,10.794375,79.681444,KMS 2025-26 as on 12-07-2026,Tamil Nadu Civil Supplies Corporation
TNCSC-KMS2025-26-3349,3349,Thiruvarur,Thiruvarur,Palavanakkudi,2026-02-17,2026-04-15,Closed,10.772796,79.667222,KMS 2025-26 as on 12-07-2026,Tamil Nadu Civil Supplies Corporation
TNCSC-KMS2025-26-3350,3350,Thiruvarur,Thiruvarur,Pallayur,2025-10-07,2026-04-07,Closed,10.797489,79.677608,KMS 2025-26 as on 12-07-2026,Tamil Nadu Civil Supplies Corporation
TNCSC-KMS2025-26-3351,3351,Thiruvarur,Thiruvarur,Pallivaaramangalam,2026-02-06,2026-04-17,Closed,10.793972,79.669618,KMS 2025-26 as on 12-07-2026,Tamil Nadu Civil Supplies Corporation
TNCSC-KMS2025-26-3352,3352,Thiruvarur,Thiruvarur,Puduppattur,2026-01-31,2026-04-18,Closed,10.725660,79.672343,KMS 2025-26 as on 12-07-2026,Tamil Nadu Civil Supplies Corporation
TNCSC-KMS2025-26-3353,3353,Thiruvarur,Thiruvarur,Pudur,2025-10-09,2026-04-03,Closed,12.984709,79.495246,KMS 2025-26 as on 12-07-2026,Tamil Nadu Civil Supplies Corporation
TNCSC-KMS2025-26-3354,3354,Thiruvarur,Thiruvarur,Pulavanallur,2026-02-04,2026-04-06,Closed,10.870761,79.446946,KMS 2025-26 as on 12-07-2026,Tamil Nadu Civil Supplies Corporation
TNCSC-KMS2025-26-3355,3355,Thiruvarur,Thiruvarur,Pulivalam,2025-10-07,2026-04-10,Closed,10.793672,79.669618,KMS 2025-26 as on 12-07-2026,Tamil Nadu Civil Supplies Corporation
TNCSC-KMS2025-26-3356,3356,Thiruvarur,Thiruvarur,Serugudi,2026-01-31,2026-05-04,Closed,10.977403,79.587116,KMS 2025-26 as on 12-07-2026,Tamil Nadu Civil Supplies Corporation
TNCSC-KMS2025-26-3357,3357,Thiruvarur,Thiruvarur,Thalaikudi,2025-10-07,2026-04-03,Closed,10.789808,79.568692,KMS 2025-26 as on 12-07-2026,Tamil Nadu Civil Supplies Corporation
TNCSC-KMS2025-26-3358,3358,Thiruvarur,Thiruvarur,Thappalampuliyur,2025-09-16,,Open,10.830933,79.403900,KMS 2025-26 as on 12-07-2026,Tamil Nadu Civil Supplies Corporation
TNCSC-KMS2025-26-3359,3359,Thiruvarur,Thiruvarur,Thennavarayanallur,2026-02-04,2026-04-21,Closed,10.715892,79.633495,KMS 2025-26 as on 12-07-2026,Tamil Nadu Civil Supplies Corporation
TNCSC-KMS2025-26-3360,3360,Thiruvarur,Thiruvarur,Thirukkannamangai,2026-02-06,2026-04-06,Closed,10.801525,79.590025,KMS 2025-26 as on 12-07-2026,Tamil Nadu Civil Supplies Corporation
TNCSC-KMS2025-26-3361,3361,Thiruvarur,Thiruvarur,Thiruneipper,2025-09-18,2026-04-02,Closed,10.702375,79.638530,KMS 2025-26 as on 12-07-2026,Tamil Nadu Civil Supplies Corporation
TNCSC-KMS2025-26-3362,3362,Thiruvarur,Thiruvarur,Thiruvathiraimangalam,2026-02-03,2026-04-04,Closed,10.849745,79.308527,KMS 2025-26 as on 12-07-2026,Tamil Nadu Civil Supplies Corporation
TNCSC-KMS2025-26-3363,3363,Thiruvarur,Thiruvarur,Vadakarai,2025-09-16,2026-04-21,Closed,10.803136,79.776045,KMS 2025-26 as on 12-07-2026,Tamil Nadu Civil Supplies Corporation
TNCSC-KMS2025-26-3364,3364,Thiruvarur,Thiruvarur,Vaippur,2026-01-29,2026-04-18,Closed,10.818738,79.700302,KMS 2025-26 as on 12-07-2026,Tamil Nadu Civil Supplies Corporation
TNCSC-KMS2025-26-3365,3365,Thiruvarur,Thiruvarur,Vandampalai,2026-02-06,2026-04-09,Closed,10.810249,79.639854,KMS 2025-26 as on 12-07-2026,Tamil Nadu Civil Supplies Corporation
TNCSC-KMS2025-26-3366,3366,Thiruvarur,Thiruvarur,Vanjiyur,2025-10-24,2026-04-16,Closed,10.680660,79.669805,KMS 2025-26 as on 12-07-2026,Tamil Nadu Civil Supplies Corporation
TNCSC-KMS2025-26-3367,3367,Thiruvarur,Thiruvarur,Venkateswarapuram,2026-02-02,2026-04-08,Closed,10.754144,79.647217,KMS 2025-26 as on 12-07-2026,Tamil Nadu Civil Supplies Corporation
TNCSC-KMS2025-26-3368,3368,Thiruvarur,Thiruvarur,Veppathaankudi,2025-09-16,2026-04-18,Closed,10.686681,79.660501,KMS 2025-26 as on 12-07-2026,Tamil Nadu Civil Supplies Corporation
TNCSC-KMS2025-26-3369,3369,Thiruvarur,Valangaiman,82 Kilieyur,2026-01-27,,Open,10.833335,79.315965,KMS 2025-26 as on 12-07-2026,Tamil Nadu Civil Supplies Corporation
TNCSC-KMS2025-26-3370,3370,Thiruvarur,Valangaiman,Aalangudi,2025-10-01,,Open,10.830943,79.403923,KMS 2025-26 as on 12-07-2026,Tamil Nadu Civil Supplies Corporation
TNCSC-KMS2025-26-3371,3371,Thiruvarur,Valangaiman,Aathichamangalam,2026-02-05,2026-04-25,Closed,10.887681,79.375500,KMS 2025-26 as on 12-07-2026,Tamil Nadu Civil Supplies Corporation
TNCSC-KMS2025-26-3372,3372,Thiruvarur,Valangaiman,Aavur,2026-01-30,,Open,10.892431,79.540625,KMS 2025-26 as on 12-07-2026,Tamil Nadu Civil Supplies Corporation
TNCSC-KMS2025-26-3373,3373,Thiruvarur,Valangaiman,Amirthavalli,2026-01-31,2026-03-23,Closed,10.857638,79.371799,KMS 2025-26 as on 12-07-2026,Tamil Nadu Civil Supplies Corporation
TNCSC-KMS2025-26-3374,3374,Thiruvarur,Valangaiman,Andankovil,2025-09-05,,Open,10.987333,79.639316,KMS 2025-26 as on 12-07-2026,Tamil Nadu Civil Supplies Corporation
TNCSC-KMS2025-26-3375,3375,Thiruvarur,Valangaiman,Aravathur,2026-02-02,,Open,10.835036,79.311605,KMS 2025-26 as on 12-07-2026,Tamil Nadu Civil Supplies Corporation
TNCSC-KMS2025-26-3376,3376,Thiruvarur,Valangaiman,Aravur,2026-02-11,,Open,10.789684,79.441501,KMS 2025-26 as on 12-07-2026,Tamil Nadu Civil Supplies Corporation
TNCSC-KMS2025-26-3377,3377,Thiruvarur,Valangaiman,Arithuvaramangalam,2026-01-10,,Open,10.828298,79.352866,KMS 2025-26 as on 12-07-2026,Tamil Nadu Civil Supplies Corporation
TNCSC-KMS2025-26-3378,3378,Thiruvarur,Valangaiman,Avalivanallur,2026-02-02,,Open,10.831947,79.326915,KMS 2025-26 as on 12-07-2026,Tamil Nadu Civil Supplies Corporation
TNCSC-KMS2025-26-3379,3379,Thiruvarur,Valangaiman,Chandrasekarapuram,2026-01-29,,Open,10.894671,79.360221,KMS 2025-26 as on 12-07-2026,Tamil Nadu Civil Supplies Corporation
TNCSC-KMS2025-26-3380,3380,Thiruvarur,Valangaiman,Chinnagaram,2026-01-29,,Open,10.873307,79.380219,KMS 2025-26 as on 12-07-2026,Tamil Nadu Civil Supplies Corporation
TNCSC-KMS2025-26-3381,3381,Thiruvarur,Valangaiman,Chithanvaalur,2026-02-03,2026-04-02,Closed,10.858753,79.414708,KMS 2025-26 as on 12-07-2026,Tamil Nadu Civil Supplies Corporation
TNCSC-KMS2025-26-3382,3382,Thiruvarur,Valangaiman,Eriveluer,2025-09-16,,Open,10.882483,10.882483,KMS 2025-26 as on 12-07-2026,Tamil Nadu Civil Supplies Corporation
TNCSC-KMS2025-26-3383,3383,Thiruvarur,Valangaiman,Erumaipadugai,2025-10-08,,Open,10.808431,79.370383,KMS 2025-26 as on 12-07-2026,Tamil Nadu Civil Supplies Corporation
TNCSC-KMS2025-26-3384,3384,Thiruvarur,Valangaiman,Govindakudi,2026-01-23,2026-04-07,Closed,10.910576,79.336235,KMS 2025-26 as on 12-07-2026,Tamil Nadu Civil Supplies Corporation
TNCSC-KMS2025-26-3385,3385,Thiruvarur,Valangaiman,Kalattur,2026-01-23,,Open,10.978686,79.693925,KMS 2025-26 as on 12-07-2026,Tamil Nadu Civil Supplies Corporation
TNCSC-KMS2025-26-3386,3386,Thiruvarur,Valangaiman,Kandiyur,2025-09-09,,Open,10.843541,79.443913,KMS 2025-26 as on 12-07-2026,Tamil Nadu Civil Supplies Corporation
TNCSC-KMS2025-26-3387,3387,Thiruvarur,Valangaiman,Keelakalvikudi,2026-01-28,,Open,10.829564,79.559850,KMS 2025-26 as on 12-07-2026,Tamil Nadu Civil Supplies Corporation
TNCSC-KMS2025-26-3388,3388,Thiruvarur,Valangaiman,Kethanur,2026-01-31,,Open,10.910679,79.336055,KMS 2025-26 as on 12-07-2026,Tamil Nadu Civil Supplies Corporation
TNCSC-KMS2025-26-3389,3389,Thiruvarur,Valangaiman,Kottaiyur,2025-10-03,,Open,10.779856,79.429509,KMS 2025-26 as on 12-07-2026,Tamil Nadu Civil Supplies Corporation
TNCSC-KMS2025-26-3390,3390,Thiruvarur,Valangaiman,Maaligaithidal,2026-02-02,2026-04-10,Closed,10.873688,79.273826,KMS 2025-26 as on 12-07-2026,Tamil Nadu Civil Supplies Corporation
TNCSC-KMS2025-26-3391,3391,Thiruvarur,Valangaiman,Maathur,2025-09-16,2026-04-02,Closed,10.848540,79.405697,KMS 2025-26 as on 12-07-2026,Tamil Nadu Civil Supplies Corporation
TNCSC-KMS2025-26-3392,3392,Thiruvarur,Valangaiman,Manakkaal,2026-01-23,,Open,10.847524,79.310015,KMS 2025-26 as on 12-07-2026,Tamil Nadu Civil Supplies Corporation
TNCSC-KMS2025-26-3393,3393,Thiruvarur,Valangaiman,Manalur,2025-11-05,,Open,10.070066,79.145152,KMS 2025-26 as on 12-07-2026,Tamil Nadu Civil Supplies Corporation
TNCSC-KMS2025-26-3394,3394,Thiruvarur,Valangaiman,Manikkamangalam,2025-10-03,,Open,10.812783,79.453554,KMS 2025-26 as on 12-07-2026,Tamil Nadu Civil Supplies Corporation
TNCSC-KMS2025-26-3395,3395,Thiruvarur,Valangaiman,Maruvathur,2026-01-22,,Open,11.199231,79.715401,KMS 2025-26 as on 12-07-2026,Tamil Nadu Civil Supplies Corporation
TNCSC-KMS2025-26-3396,3396,Thiruvarur,Valangaiman,Mathakaram,2026-02-06,2026-04-04,Closed,10.883738,79.279571,KMS 2025-26 as on 12-07-2026,Tamil Nadu Civil Supplies Corporation
TNCSC-KMS2025-26-3397,3397,Thiruvarur,Valangaiman,Melaamaravathi,2025-09-20,,Open,10.844659,79.388067,KMS 2025-26 as on 12-07-2026,Tamil Nadu Civil Supplies Corporation
TNCSC-KMS2025-26-3398,3398,Thiruvarur,Valangaiman,Mulaalvanjeri,2026-02-14,2026-03-27,Closed,10.902199,79.310978,KMS 2025-26 as on 12-07-2026,Tamil Nadu Civil Supplies Corporation
TNCSC-KMS2025-26-3399,3399,Thiruvarur,Valangaiman,Muniyur,2026-01-27,,Open,10.835161,79.311595,KMS 2025-26 as on 12-07-2026,Tamil Nadu Civil Supplies Corporation
TNCSC-KMS2025-26-3400,3400,Thiruvarur,Valangaiman,Nallur,2026-02-02,,Open,10.555976,79.521523,KMS 2025-26 as on 12-07-2026,Tamil Nadu Civil Supplies Corporation
TNCSC-KMS2025-26-3401,3401,Thiruvarur,Valangaiman,Narikudi,2026-02-10,2026-03-30,Closed,10.828227,79.469793,KMS 2025-26 as on 12-07-2026,Tamil Nadu Civil Supplies Corporation
TNCSC-KMS2025-26-3402,3402,Thiruvarur,Valangaiman,Narthangudi,2025-10-06,,Open,10.966426,79.515288,KMS 2025-26 as on 12-07-2026,Tamil Nadu Civil Supplies Corporation
TNCSC-KMS2025-26-3403,3403,Thiruvarur,Valangaiman,Nimmalkudi,2026-02-17,2026-03-30,Closed,10.810708,79.356996,KMS 2025-26 as on 12-07-2026,Tamil Nadu Civil Supplies Corporation
TNCSC-KMS2025-26-3404,3404,Thiruvarur,Valangaiman,Paadakachcheri,2026-01-25,,Open,10.861166,79.383313,KMS 2025-26 as on 12-07-2026,Tamil Nadu Civil Supplies Corporation
TNCSC-KMS2025-26-3405,3405,Thiruvarur,Valangaiman,Paithancheiry,2026-02-07,,Open,10.799638,79.423984,KMS 2025-26 as on 12-07-2026,Tamil Nadu Civil Supplies Corporation
TNCSC-KMS2025-26-3406,3406,Thiruvarur,Valangaiman,Payiri,2026-02-03,2026-03-27,Closed,10.858318,79.336014,KMS 2025-26 as on 12-07-2026,Tamil Nadu Civil Supplies Corporation
TNCSC-KMS2025-26-3407,3407,Thiruvarur,Valangaiman,Ponnairuppu,2025-09-15,,Open,10.825784,79.421605,KMS 2025-26 as on 12-07-2026,Tamil Nadu Civil Supplies Corporation
TNCSC-KMS2025-26-3408,3408,Thiruvarur,Valangaiman,Poonthottam,2026-01-25,,Open,10.827719,79.390513,KMS 2025-26 as on 12-07-2026,Tamil Nadu Civil Supplies Corporation
TNCSC-KMS2025-26-3409,3409,Thiruvarur,Valangaiman,Pulavanatham,2025-09-27,2026-04-08,Closed,10.816129,79.401065,KMS 2025-26 as on 12-07-2026,Tamil Nadu Civil Supplies Corporation
TNCSC-KMS2025-26-3410,3410,Thiruvarur,Valangaiman,Puliyakkudi,2026-01-27,,Open,10.476903,79.471215,KMS 2025-26 as on 12-07-2026,Tamil Nadu Civil Supplies Corporation
TNCSC-KMS2025-26-3411,3411,Thiruvarur,Valangaiman,Sathanoor,2026-02-02,,Open,10.809764,79.398101,KMS 2025-26 as on 12-07-2026,Tamil Nadu Civil Supplies Corporation
TNCSC-KMS2025-26-3412,3412,Thiruvarur,Valangaiman,Semmangudi,2026-02-09,2026-03-26,Closed,10.859826,79.395064,KMS 2025-26 as on 12-07-2026,Tamil Nadu Civil Supplies Corporation
TNCSC-KMS2025-26-3413,3413,Thiruvarur,Valangaiman,Sothamangalam,2026-02-04,,Open,10.893286,79.289085,KMS 2025-26 as on 12-07-2026,Tamil Nadu Civil Supplies Corporation
TNCSC-KMS2025-26-3414,3414,Thiruvarur,Valangaiman,Thenkaraialathur,2026-01-30,,Open,10.869662,79.300084,KMS 2025-26 as on 12-07-2026,Tamil Nadu Civil Supplies Corporation
TNCSC-KMS2025-26-3415,3415,Thiruvarur,Valangaiman,Thenkuvalaveli,2025-10-03,,Open,10.812471,79.373411,KMS 2025-26 as on 12-07-2026,Tamil Nadu Civil Supplies Corporation
TNCSC-KMS2025-26-3416,3416,Thiruvarur,Valangaiman,Therkuppattam,2026-01-21,,Open,10.856705,79.338210,KMS 2025-26 as on 12-07-2026,Tamil Nadu Civil Supplies Corporation
TNCSC-KMS2025-26-3417,3417,Thiruvarur,Valangaiman,Thiruvonamangalam,2026-02-07,2026-04-02,Closed,10.836953,79.405516,KMS 2025-26 as on 12-07-2026,Tamil Nadu Civil Supplies Corporation
TNCSC-KMS2025-26-3418,3418,Thiruvarur,Valangaiman,Tholuvur,2026-01-25,2026-03-28,Closed,10.875101,79.401868,KMS 2025-26 as on 12-07-2026,Tamil Nadu Civil Supplies Corporation
TNCSC-KMS2025-26-3419,3419,Thiruvarur,Valangaiman,Uthamathanapuram,2026-02-12,2026-04-18,Closed,10.916490,79.290097,KMS 2025-26 as on 12-07-2026,Tamil Nadu Civil Supplies Corporation
TNCSC-KMS2025-26-3420,3420,Thiruvarur,Valangaiman,Uthukkadu,2026-01-23,,Open,10.882913,79.316758,KMS 2025-26 as on 12-07-2026,Tamil Nadu Civil Supplies Corporation
TNCSC-KMS2025-26-3421,3421,Thiruvarur,Valangaiman,Vadakkuppattam,2026-01-23,,Open,10.869415,79.359856,KMS 2025-26 as on 12-07-2026,Tamil Nadu Civil Supplies Corporation
TNCSC-KMS2025-26-3422,3422,Thiruvarur,Valangaiman,Vedambur,2026-02-06,2026-04-07,Closed,10.823367,79.447434,KMS 2025-26 as on 12-07-2026,Tamil Nadu Civil Supplies Corporation
TNCSC-KMS2025-26-3423,3423,Thiruvarur,Valangaiman,Veramangalam,2025-09-10,,Open,10.872806,79.308306,KMS 2025-26 as on 12-07-2026,Tamil Nadu Civil Supplies Corporation
TNCSC-KMS2025-26-3424,3424,Thiruvarur,Valangaiman,Veranam,2026-01-27,,Open,10.876009,79.350174,KMS 2025-26 as on 12-07-2026,Tamil Nadu Civil Supplies Corporation
TNCSC-KMS2025-26-3425,3425,Thiruvarur,Valangaiman,Vidayalkarupur,2026-02-11,2026-04-07,Closed,10.870809,79.447100,KMS 2025-26 as on 12-07-2026,Tamil Nadu Civil Supplies Corporation
TNCSC-KMS2025-26-3426,3426,Thiruvarur,Valangaiman,Vilathur,2026-01-29,,Open,9.692803,78.358362,KMS 2025-26 as on 12-07-2026,Tamil Nadu Civil Supplies Corporation
TNCSC-KMS2025-26-3427,3427,Thoothukudi,Eral,Appankovil,2026-03-26,2026-05-22,Closed,8.611937,77.973675,KMS 2025-26 as on 12-07-2026,Tamil Nadu Civil Supplies Corporation
TNCSC-KMS2025-26-3428,3428,Thoothukudi,Eral,Keelbidagai Kasaba,2026-04-03,2026-06-11,Closed,8.631565,77.969498,KMS 2025-26 as on 12-07-2026,Tamil Nadu Civil Supplies Corporation
TNCSC-KMS2025-26-3429,3429,Thoothukudi,Eral,Kurumbur,2025-09-22,2026-06-07,Closed,10.914320,79.718945,KMS 2025-26 as on 12-07-2026,Tamil Nadu Civil Supplies Corporation
TNCSC-KMS2025-26-3430,3430,Thoothukudi,Eral,Malavarayanatham,2026-03-10,2026-05-20,Closed,8.602218,77.906876,KMS 2025-26 as on 12-07-2026,Tamil Nadu Civil Supplies Corporation
TNCSC-KMS2025-26-3431,3431,Thoothukudi,Eral,Perungulam,2026-05-23,2026-07-03,Closed,8.658535,77.832337,KMS 2025-26 as on 12-07-2026,Tamil Nadu Civil Supplies Corporation
TNCSC-KMS2025-26-3432,3432,Thoothukudi,Eral,Sempur,2026-03-24,2026-06-12,Closed,8.589808,77.946410,KMS 2025-26 as on 12-07-2026,Tamil Nadu Civil Supplies Corporation
TNCSC-KMS2025-26-3433,3433,Thoothukudi,Eral,Sivagalai,2025-09-22,2026-01-05,Closed,8.640555,77.976135,KMS 2025-26 as on 12-07-2026,Tamil Nadu Civil Supplies Corporation
TNCSC-KMS2025-26-3434,3434,Thoothukudi,Eral,Sivakalai,2026-03-27,2026-07-06,Closed,8.640555,77.976135,KMS 2025-26 as on 12-07-2026,Tamil Nadu Civil Supplies Corporation
TNCSC-KMS2025-26-3435,3435,Thoothukudi,Eral,Thenthiruperai,2025-09-22,2026-06-06,Closed,8.614510,77.988171,KMS 2025-26 as on 12-07-2026,Tamil Nadu Civil Supplies Corporation
TNCSC-KMS2025-26-3436,3436,Thoothukudi,Sattankulam,Pannamparai,2026-04-24,2026-06-18,Closed,8.471492,77.925963,KMS 2025-26 as on 12-07-2026,Tamil Nadu Civil Supplies Corporation
TNCSC-KMS2025-26-3437,3437,Thoothukudi,Sattankulam,Peikulam,2026-03-17,2026-06-12,Closed,8.511448,77.854528,KMS 2025-26 as on 12-07-2026,Tamil Nadu Civil Supplies Corporation
TNCSC-KMS2025-26-3438,3438,Thoothukudi,Srivaikundam,Alwarkarkulam,2025-11-04,2026-06-05,Closed,8.656478,77.874422,KMS 2025-26 as on 12-07-2026,Tamil Nadu Civil Supplies Corporation
TNCSC-KMS2025-26-3439,3439,Thoothukudi,Srivaikundam,Cherakulam,2026-03-09,2026-06-03,Closed,8.571859,77.819528,KMS 2025-26 as on 12-07-2026,Tamil Nadu Civil Supplies Corporation
TNCSC-KMS2025-26-3440,3440,Thoothukudi,Srivaikundam,Iravappapuram,2026-03-31,,Open,8.685546,78.054720,KMS 2025-26 as on 12-07-2026,Tamil Nadu Civil Supplies Corporation
TNCSC-KMS2025-26-3441,3441,Thoothukudi,Srivaikundam,K.Varadarajapuram,2026-03-28,2026-06-01,Closed,8.617104,77.953564,KMS 2025-26 as on 12-07-2026,Tamil Nadu Civil Supplies Corporation
TNCSC-KMS2025-26-3442,3442,Thoothukudi,Srivaikundam,Manakkarai,2025-11-10,2026-06-01,Closed,8.677255,77.863261,KMS 2025-26 as on 12-07-2026,Tamil Nadu Civil Supplies Corporation
TNCSC-KMS2025-26-3443,3443,Thoothukudi,Srivaikundam,Nanalkadu,2026-03-28,2026-06-02,Closed,8.708205,77.854172,KMS 2025-26 as on 12-07-2026,Tamil Nadu Civil Supplies Corporation
TNCSC-KMS2025-26-3444,3444,Thoothukudi,Srivaikundam,Padmanabhamangalam,2026-03-25,2026-07-09,Closed,8.649669,77.905610,KMS 2025-26 as on 12-07-2026,Tamil Nadu Civil Supplies Corporation
TNCSC-KMS2025-26-3445,3445,Thoothukudi,Srivaikundam,Pakkapatti,2025-11-07,2026-06-09,Closed,8.711717,77.834834,KMS 2025-26 as on 12-07-2026,Tamil Nadu Civil Supplies Corporation
TNCSC-KMS2025-26-3446,3446,Thoothukudi,Srivaikundam,Perur,2026-03-23,2026-05-21,Closed,11.396825,79.706060,KMS 2025-26 as on 12-07-2026,Tamil Nadu Civil Supplies Corporation
TNCSC-KMS2025-26-3447,3447,Thoothukudi,Srivaikundam,Seidunganallur,2026-04-11,2026-05-27,Closed,8.659096,77.832203,KMS 2025-26 as on 12-07-2026,Tamil Nadu Civil Supplies Corporation
TNCSC-KMS2025-26-3448,3448,Thoothukudi,Srivaikundam,Srivaikundam,2026-03-25,2026-06-04,Closed,8.636938,77.924790,KMS 2025-26 as on 12-07-2026,Tamil Nadu Civil Supplies Corporation
TNCSC-KMS2025-26-3449,3449,Thoothukudi,Srivaikundam,Thiruppuliyangudi,2026-03-28,,Open,8.639891,77.933052,KMS 2025-26 as on 12-07-2026,Tamil Nadu Civil Supplies Corporation
TNCSC-KMS2025-26-3450,3450,Thoothukudi,Srivaikundam,Tholappanpannai,2025-11-08,2026-06-16,Closed,8.651996,77.887679,KMS 2025-26 as on 12-07-2026,Tamil Nadu Civil Supplies Corporation
TNCSC-KMS2025-26-3451,3451,Thoothukudi,Srivaikundam,Vallanadu,2026-03-19,2026-05-22,Closed,8.714737,77.839482,KMS 2025-26 as on 12-07-2026,Tamil Nadu Civil Supplies Corporation
TNCSC-KMS2025-26-3452,3452,Thoothukudi,Thoothukudi,Athimarapatti,2026-03-12,2026-07-07,Closed,8.742739,78.109550,KMS 2025-26 as on 12-07-2026,Tamil Nadu Civil Supplies Corporation
TNCSC-KMS2025-26-3453,3453,Thoothukudi,Thoothukudi,Kulayankarisal,2026-03-13,2026-05-26,Closed,8.716453,78.064788,KMS 2025-26 as on 12-07-2026,Tamil Nadu Civil Supplies Corporation
TNCSC-KMS2025-26-3454,3454,Thoothukudi,Tiruchendur,Nallur,2026-03-25,2026-05-26,Closed,12.860376,79.733154,KMS 2025-26 as on 12-07-2026,Tamil Nadu Civil Supplies Corporation
TNCSC-KMS2025-26-3455,3455,Thoothukudi,Tiruchendur,Nazareth,2026-03-12,2026-06-12,Closed,8.553717,77.978285,KMS 2025-26 as on 12-07-2026,Tamil Nadu Civil Supplies Corporation
TNCSC-KMS2025-26-3456,3456,Thoothukudi,Tiruchendur,Sonakanvilai,2026-03-28,2026-06-22,Closed,8.551150,78.070010,KMS 2025-26 as on 12-07-2026,Tamil Nadu Civil Supplies Corporation
TNCSC-KMS2025-26-3457,3457,Tiruppur,Dharapuram,Alankiyam,2026-03-03,2026-05-23,Closed,10.653194,77.498146,KMS 2025-26 as on 12-07-2026,Tamil Nadu Civil Supplies Corporation
TNCSC-KMS2025-26-3458,3458,Tiruppur,Dharapuram,Chelampalayam,2026-03-18,2026-06-13,Closed,10.652647,77.438267,KMS 2025-26 as on 12-07-2026,Tamil Nadu Civil Supplies Corporation
TNCSC-KMS2025-26-3459,3459,Tiruppur,Dharapuram,Chinnakkampalayam,2026-03-12,2026-05-10,Closed,10.645923,77.404121,KMS 2025-26 as on 12-07-2026,Tamil Nadu Civil Supplies Corporation
TNCSC-KMS2025-26-3460,3460,Tiruppur,Dharapuram,Chinnapudhur,2026-03-10,2026-05-13,Closed,10.696160,77.430265,KMS 2025-26 as on 12-07-2026,Tamil Nadu Civil Supplies Corporation
TNCSC-KMS2025-26-3461,3461,Tiruppur,Dharapuram,Mulanur,2026-02-19,2026-05-23,Closed,10.783446,77.695749,KMS 2025-26 as on 12-07-2026,Tamil Nadu Civil Supplies Corporation
TNCSC-KMS2025-26-3462,3462,Tiruppur,Dharapuram,Nanchiyampalayam,2026-04-07,2026-06-11,Closed,10.806222,77.486067,KMS 2025-26 as on 12-07-2026,Tamil Nadu Civil Supplies Corporation
TNCSC-KMS2025-26-3463,3463,Tiruppur,Dharapuram,Thalavai Pattinam,2026-03-11,2026-05-19,Closed,10.724877,77.478919,KMS 2025-26 as on 12-07-2026,Tamil Nadu Civil Supplies Corporation
TNCSC-KMS2025-26-3464,3464,Tiruppur,Kangeyam,Alagukoundanvalasu,2026-03-10,2026-04-03,Closed,11.030164,77.641219,KMS 2025-26 as on 12-07-2026,Tamil Nadu Civil Supplies Corporation
TNCSC-KMS2025-26-3465,3465,Tiruppur,Kangeyam,Chithampalam,2026-02-18,2026-04-21,Closed,11.052610,77.669662,KMS 2025-26 as on 12-07-2026,Tamil Nadu Civil Supplies Corporation
TNCSC-KMS2025-26-3466,3466,Tiruppur,Kangeyam,Dpc Muthur 1,2026-02-03,2026-03-28,Closed,11.049643,77.743076,KMS 2025-26 as on 12-07-2026,Tamil Nadu Civil Supplies Corporation
TNCSC-KMS2025-26-3467,3467,Tiruppur,Kangeyam,Dpc Vellakovil,2026-03-14,2026-04-10,Closed,10.945937,77.707460,KMS 2025-26 as on 12-07-2026,Tamil Nadu Civil Supplies Corporation
TNCSC-KMS2025-26-3468,3468,Tiruppur,Kangeyam,Marudurai Puthur,2026-02-17,2026-04-22,Closed,11.109031,77.641576,KMS 2025-26 as on 12-07-2026,Tamil Nadu Civil Supplies Corporation
TNCSC-KMS2025-26-3469,3469,Tiruppur,Kangeyam,Saavadi,2026-03-11,2026-03-18,Closed,11.098439,77.578698,KMS 2025-26 as on 12-07-2026,Tamil Nadu Civil Supplies Corporation
TNCSC-KMS2025-26-3470,3470,Tiruppur,Madathukkulam,Dpc Madathukulam,2025-10-23,2026-06-16,Closed,10.560742,77.364533,KMS 2025-26 as on 12-07-2026,Tamil Nadu Civil Supplies Corporation
TNCSC-KMS2025-26-3471,3471,Tiruppur,Madathukkulam,Kaniyur,2026-04-01,2026-06-15,Closed,10.595332,77.375339,KMS 2025-26 as on 12-07-2026,Tamil Nadu Civil Supplies Corporation
TNCSC-KMS2025-26-3472,3472,Tiruppur,Madathukkulam,Papangkulam,2026-03-11,2026-06-08,Closed,10.523081,77.321772,KMS 2025-26 as on 12-07-2026,Tamil Nadu Civil Supplies Corporation
TNCSC-KMS2025-26-3473,3473,Tiruppur,Madathukkulam,Rudhrapalayam,2025-11-01,2026-06-13,Closed,10.580801,77.347049,KMS 2025-26 as on 12-07-2026,Tamil Nadu Civil Supplies Corporation
TNCSC-KMS2025-26-3474,3474,Tiruppur,Udumalpet,Kallapuram,2025-10-25,2026-01-13,Closed,10.440984,77.315161,KMS 2025-26 as on 12-07-2026,Tamil Nadu Civil Supplies Corporation
TNCSC-KMS2025-26-3475,3475,Vellore,Anaicut,Anaicut,2025-09-22,2025-09-25,Closed,12.875108,78.981671,KMS 2025-26 as on 12-07-2026,Tamil Nadu Civil Supplies Corporation
TNCSC-KMS2025-26-3476,3476,Vellore,Anaicut,Odugathur,2025-09-16,2026-06-04,Closed,12.761532,78.875908,KMS 2025-26 as on 12-07-2026,Tamil Nadu Civil Supplies Corporation
TNCSC-KMS2025-26-3477,3477,Vellore,Anaicut,Ussoor,2026-05-06,2026-05-13,Closed,12.862078,79.047931,KMS 2025-26 as on 12-07-2026,Tamil Nadu Civil Supplies Corporation
TNCSC-KMS2025-26-3478,3478,Vellore,Katpadi,Keeraisathu,2026-04-30,2026-05-30,Closed,13.113006,79.281231,KMS 2025-26 as on 12-07-2026,Tamil Nadu Civil Supplies Corporation
TNCSC-KMS2025-26-3479,3479,Vellore,Katpadi,Mutharasi Kuppam,2026-05-02,2026-06-11,Closed,13.038907,79.199312,KMS 2025-26 as on 12-07-2026,Tamil Nadu Civil Supplies Corporation
TNCSC-KMS2025-26-3480,3480,Vellore,Katpadi,Palekuppam,2025-09-17,2026-06-12,Closed,13.147848,79.237901,KMS 2025-26 as on 12-07-2026,Tamil Nadu Civil Supplies Corporation
TNCSC-KMS2025-26-3481,3481,Vellore,Katpadi,Vallimalai,2025-09-23,2026-06-02,Closed,13.072320,79.268195,KMS 2025-26 as on 12-07-2026,Tamil Nadu Civil Supplies Corporation
TNCSC-KMS2025-26-3482,3482,Vellore,Vellore,Nelvai,2026-04-24,2026-05-09,Closed,12.821442,79.131922,KMS 2025-26 as on 12-07-2026,Tamil Nadu Civil Supplies Corporation
TNCSC-KMS2025-26-3483,3483,Villupuram,Gingee,Devathanam Pettai,2026-02-09,,Open,12.184501,79.337081,KMS 2025-26 as on 12-07-2026,Tamil Nadu Civil Supplies Corporation
TNCSC-KMS2025-26-3484,3484,Villupuram,Gingee,Mel Olakkur,2026-03-23,,Open,12.342178,79.486561,KMS 2025-26 as on 12-07-2026,Tamil Nadu Civil Supplies Corporation
TNCSC-KMS2025-26-3485,3485,Villupuram,Gingee,Nallanpillaipetral,2026-02-11,2026-06-26,Closed,12.180528,79.250938,KMS 2025-26 as on 12-07-2026,Tamil Nadu Civil Supplies Corporation
TNCSC-KMS2025-26-3486,3486,Villupuram,Gingee,Neerperuthagaram,2026-06-01,,Open,12.358914,79.523434,KMS 2025-26 as on 12-07-2026,Tamil Nadu Civil Supplies Corporation
TNCSC-KMS2025-26-3487,3487,Villupuram,Gingee,Pennagar,2026-06-01,,Open,12.340400,79.418170,KMS 2025-26 as on 12-07-2026,Tamil Nadu Civil Supplies Corporation
TNCSC-KMS2025-26-3488,3488,Villupuram,Gingee,Sathiyamangalam,2026-02-12,,Open,10.481575,78.770466,KMS 2025-26 as on 12-07-2026,Tamil Nadu Civil Supplies Corporation
TNCSC-KMS2025-26-3489,3489,Villupuram,Gingee,Thiruvampattu,2026-02-10,,Open,12.181550,79.472992,KMS 2025-26 as on 12-07-2026,Tamil Nadu Civil Supplies Corporation
TNCSC-KMS2025-26-3490,3490,Villupuram,Kandachipuram,Aayanthur,2026-03-24,2026-06-24,Closed,11.970390,79.332810,KMS 2025-26 as on 12-07-2026,Tamil Nadu Civil Supplies Corporation
TNCSC-KMS2025-26-3491,3491,Villupuram,Kandachipuram,Arakandanallur,2026-02-06,2026-06-03,Closed,11.984892,79.230619,KMS 2025-26 as on 12-07-2026,Tamil Nadu Civil Supplies Corporation
TNCSC-KMS2025-26-3492,3492,Villupuram,Kandachipuram,Kandachipuram,2026-02-09,,Open,12.038837,79.286162,KMS 2025-26 as on 12-07-2026,Tamil Nadu Civil Supplies Corporation
TNCSC-KMS2025-26-3493,3493,Villupuram,Kandachipuram,Paranoor,2026-01-08,2026-06-04,Closed,11.963468,79.278432,KMS 2025-26 as on 12-07-2026,Tamil Nadu Civil Supplies Corporation
TNCSC-KMS2025-26-3494,3494,Villupuram,Kandachipuram,Su.Kollur,2026-03-13,2026-06-23,Closed,11.967418,79.248161,KMS 2025-26 as on 12-07-2026,Tamil Nadu Civil Supplies Corporation
TNCSC-KMS2025-26-3495,3495,Villupuram,Kandachipuram,Veerapondy,2026-02-05,2026-07-03,Closed,12.034765,79.213888,KMS 2025-26 as on 12-07-2026,Tamil Nadu Civil Supplies Corporation
TNCSC-KMS2025-26-3496,3496,Villupuram,Marakkanam,Siruvadi,2026-02-04,2026-07-08,Closed,12.216741,79.837524,KMS 2025-26 as on 12-07-2026,Tamil Nadu Civil Supplies Corporation
TNCSC-KMS2025-26-3497,3497,Villupuram,Melmalaiyanur,Edapattu,2026-02-03,,Open,12.422035,79.245975,KMS 2025-26 as on 12-07-2026,Tamil Nadu Civil Supplies Corporation
TNCSC-KMS2025-26-3498,3498,Villupuram,Melmalaiyanur,Eyyal,2026-01-29,,Open,12.405956,79.330908,KMS 2025-26 as on 12-07-2026,Tamil Nadu Civil Supplies Corporation
TNCSC-KMS2025-26-3499,3499,Villupuram,Melmalaiyanur,Gengapuram 1,2026-04-28,,Open,12.365860,79.400413,KMS 2025-26 as on 12-07-2026,Tamil Nadu Civil Supplies Corporation
TNCSC-KMS2025-26-3500,3500,Villupuram,Melmalaiyanur,Maetu Vailamoor,2026-01-23,,Open,12.423591,79.266989,KMS 2025-26 as on 12-07-2026,Tamil Nadu Civil Supplies Corporation
TNCSC-KMS2025-26-3501,3501,Villupuram,Melmalaiyanur,Melvailamur,2026-01-23,,Open,12.412834,79.263033,KMS 2025-26 as on 12-07-2026,Tamil Nadu Civil Supplies Corporation
TNCSC-KMS2025-26-3502,3502,Villupuram,Melmalaiyanur,Pazhaiya Marakonam,2026-02-02,,Open,12.419876,79.376667,KMS 2025-26 as on 12-07-2026,Tamil Nadu Civil Supplies Corporation
TNCSC-KMS2025-26-3503,3503,Villupuram,Melmalaiyanur,Periyanolambai,2026-02-23,2026-07-07,Closed,12.437147,79.339840,KMS 2025-26 as on 12-07-2026,Tamil Nadu Civil Supplies Corporation
TNCSC-KMS2025-26-3504,3504,Villupuram,Melmalaiyanur,Sevelapurai (South),2026-01-30,,Open,12.287718,79.346018,KMS 2025-26 as on 12-07-2026,Tamil Nadu Civil Supplies Corporation
TNCSC-KMS2025-26-3505,3505,Villupuram,Melmalaiyanur,Thazhankunam,2026-01-22,,Open,12.388641,79.255858,KMS 2025-26 as on 12-07-2026,Tamil Nadu Civil Supplies Corporation
TNCSC-KMS2025-26-3506,3506,Villupuram,Melmalaiyanur,Thepirampattu,2026-02-24,,Open,12.431132,79.286155,KMS 2025-26 as on 12-07-2026,Tamil Nadu Civil Supplies Corporation
TNCSC-KMS2025-26-3507,3507,Villupuram,Melmalayanur,Gengapuram,2026-01-30,2026-07-11,Closed,12.365860,79.400413,KMS 2025-26 as on 12-07-2026,Tamil Nadu Civil Supplies Corporation
TNCSC-KMS2025-26-3508,3508,Villupuram,Melmalayanur,Melsevalampadi,2026-03-02,2026-07-11,Closed,12.415528,79.301828,KMS 2025-26 as on 12-07-2026,Tamil Nadu Civil Supplies Corporation
TNCSC-KMS2025-26-3509,3509,Villupuram,Thiruvennainallur,Aamoor,2026-03-06,2026-04-13,Closed,11.840435,79.312054,KMS 2025-26 as on 12-07-2026,Tamil Nadu Civil Supplies Corporation
TNCSC-KMS2025-26-3510,3510,Villupuram,Thiruvennainallur,Anathur,2026-02-09,2026-05-30,Closed,11.812792,79.468607,KMS 2025-26 as on 12-07-2026,Tamil Nadu Civil Supplies Corporation
TNCSC-KMS2025-26-3511,3511,Villupuram,Thiruvennainallur,Arumpattu,2026-02-11,2026-07-02,Closed,11.821820,79.401256,KMS 2025-26 as on 12-07-2026,Tamil Nadu Civil Supplies Corporation
TNCSC-KMS2025-26-3512,3512,Villupuram,Thiruvennainallur,Manakkuppam,2026-02-12,2026-05-24,Closed,11.860837,79.321758,KMS 2025-26 as on 12-07-2026,Tamil Nadu Civil Supplies Corporation
TNCSC-KMS2025-26-3513,3513,Villupuram,Thiruvennainallur,Periyasevalai,2025-10-15,,Open,11.844715,79.345762,KMS 2025-26 as on 12-07-2026,Tamil Nadu Civil Supplies Corporation
TNCSC-KMS2025-26-3514,3514,Villupuram,Thiruvennainallur,Sithalingamadam (East),2026-02-02,,Open,11.916708,79.278588,KMS 2025-26 as on 12-07-2026,Tamil Nadu Civil Supplies Corporation
TNCSC-KMS2025-26-3515,3515,Villupuram,Thiruvennainallur,T. Puthupalayam,2026-02-14,2026-05-29,Closed,11.917599,79.298347,KMS 2025-26 as on 12-07-2026,Tamil Nadu Civil Supplies Corporation
TNCSC-KMS2025-26-3516,3516,Villupuram,Thiruvennainallur,Thaduthatkondoor,2026-02-27,2026-06-05,Closed,11.826105,79.378409,KMS 2025-26 as on 12-07-2026,Tamil Nadu Civil Supplies Corporation
TNCSC-KMS2025-26-3517,3517,Villupuram,Tindivanam,Annampakkam,2026-04-08,2026-07-09,Closed,12.302338,79.793940,KMS 2025-26 as on 12-07-2026,Tamil Nadu Civil Supplies Corporation
TNCSC-KMS2025-26-3518,3518,Villupuram,Tindivanam,Atchippakam,2026-05-29,,Open,12.256914,79.791160,KMS 2025-26 as on 12-07-2026,Tamil Nadu Civil Supplies Corporation
TNCSC-KMS2025-26-3519,3519,Villupuram,Tindivanam,Avanippur,2026-03-10,,Open,12.279710,79.816590,KMS 2025-26 as on 12-07-2026,Tamil Nadu Civil Supplies Corporation
TNCSC-KMS2025-26-3520,3520,Villupuram,Tindivanam,Dhadapuram,2026-05-30,,Open,12.345620,79.614477,KMS 2025-26 as on 12-07-2026,Tamil Nadu Civil Supplies Corporation
TNCSC-KMS2025-26-3521,3521,Villupuram,Tindivanam,Kadavampakkam,2026-04-06,,Open,12.299340,79.827911,KMS 2025-26 as on 12-07-2026,Tamil Nadu Civil Supplies Corporation
TNCSC-KMS2025-26-3522,3522,Villupuram,Tindivanam,Kattalai,2026-03-12,2026-06-16,Closed,10.952455,78.192883,KMS 2025-26 as on 12-07-2026,Tamil Nadu Civil Supplies Corporation
TNCSC-KMS2025-26-3523,3523,Villupuram,Tindivanam,Nedunthondi,2026-04-16,,Open,12.346078,79.573382,KMS 2025-26 as on 12-07-2026,Tamil Nadu Civil Supplies Corporation
TNCSC-KMS2025-26-3524,3524,Villupuram,Tindivanam,Ongkur,2026-04-01,,Open,12.329905,79.776017,KMS 2025-26 as on 12-07-2026,Tamil Nadu Civil Supplies Corporation
TNCSC-KMS2025-26-3525,3525,Villupuram,Tindivanam,Periathatchur North,2026-02-06,,Open,12.118480,79.523792,KMS 2025-26 as on 12-07-2026,Tamil Nadu Civil Supplies Corporation
TNCSC-KMS2025-26-3526,3526,Villupuram,Tindivanam,Sendiyampakkam,2026-02-16,,Open,12.127329,79.546612,KMS 2025-26 as on 12-07-2026,Tamil Nadu Civil Supplies Corporation
TNCSC-KMS2025-26-3527,3527,Villupuram,Tindivanam,Theevanur,2026-03-02,2026-06-19,Closed,12.254835,79.556100,KMS 2025-26 as on 12-07-2026,Tamil Nadu Civil Supplies Corporation
TNCSC-KMS2025-26-3528,3528,Villupuram,Tindivanam,Theevanur 1,2026-05-08,2026-06-18,Closed,12.254835,79.556100,KMS 2025-26 as on 12-07-2026,Tamil Nadu Civil Supplies Corporation
TNCSC-KMS2025-26-3529,3529,Villupuram,Tindivanam,Vellimeduppettai,2026-02-02,2026-06-26,Closed,12.335109,79.591772,KMS 2025-26 as on 12-07-2026,Tamil Nadu Civil Supplies Corporation
TNCSC-KMS2025-26-3530,3530,Villupuram,Vanur,Kiliyanur (East),2026-06-01,,Open,12.090090,79.750900,KMS 2025-26 as on 12-07-2026,Tamil Nadu Civil Supplies Corporation
TNCSC-KMS2025-26-3531,3531,Villupuram,Vanur,Nallavur,2026-03-11,,Open,12.140996,79.750285,KMS 2025-26 as on 12-07-2026,Tamil Nadu Civil Supplies Corporation
TNCSC-KMS2025-26-3532,3532,Villupuram,Vanur,Peravur,2026-04-13,2026-05-24,Closed,12.160969,79.735356,KMS 2025-26 as on 12-07-2026,Tamil Nadu Civil Supplies Corporation
TNCSC-KMS2025-26-3533,3533,Villupuram,Vanur,Pombur,2026-01-28,2026-06-16,Closed,12.040907,79.597651,KMS 2025-26 as on 12-07-2026,Tamil Nadu Civil Supplies Corporation
TNCSC-KMS2025-26-3534,3534,Villupuram,Vanur,Puthukuppam,2025-09-23,2026-06-26,Closed,12.129850,79.784584,KMS 2025-26 as on 12-07-2026,Tamil Nadu Civil Supplies Corporation
TNCSC-KMS2025-26-3535,3535,Villupuram,Vanur,Vengaram,2026-05-26,,Open,12.156162,79.837143,KMS 2025-26 as on 12-07-2026,Tamil Nadu Civil Supplies Corporation
TNCSC-KMS2025-26-3536,3536,Villupuram,Vikkiravandi,Brammadesam,2026-01-21,2026-05-29,Closed,8.731216,77.446786,KMS 2025-26 as on 12-07-2026,Tamil Nadu Civil Supplies Corporation
TNCSC-KMS2025-26-3537,3537,Villupuram,Vikkiravandi,Chinthamani,2026-02-14,,Open,11.970735,79.493464,KMS 2025-26 as on 12-07-2026,Tamil Nadu Civil Supplies Corporation
TNCSC-KMS2025-26-3538,3538,Villupuram,Vikkiravandi,Eechangkuppam,2026-01-29,2026-06-15,Closed,12.109094,79.467434,KMS 2025-26 as on 12-07-2026,Tamil Nadu Civil Supplies Corporation
TNCSC-KMS2025-26-3539,3539,Villupuram,Vikkiravandi,Ennayiram,2026-02-09,2026-06-16,Closed,12.124618,79.493160,KMS 2025-26 as on 12-07-2026,Tamil Nadu Civil Supplies Corporation
TNCSC-KMS2025-26-3540,3540,Villupuram,Vikkiravandi,Kayathur,2026-02-02,2026-06-20,Closed,10.886831,79.682933,KMS 2025-26 as on 12-07-2026,Tamil Nadu Civil Supplies Corporation
TNCSC-KMS2025-26-3541,3541,Villupuram,Vikkiravandi,Kottiyampoondi,2026-02-07,2026-06-11,Closed,11.991792,79.482868,KMS 2025-26 as on 12-07-2026,Tamil Nadu Civil Supplies Corporation
TNCSC-KMS2025-26-3542,3542,Villupuram,Vikkiravandi,Kumulam,2026-01-24,,Open,11.958027,79.615691,KMS 2025-26 as on 12-07-2026,Tamil Nadu Civil Supplies Corporation
TNCSC-KMS2025-26-3543,3543,Villupuram,Vikkiravandi,Nemur,2026-02-02,2026-07-12,Closed,12.094868,79.451215,KMS 2025-26 as on 12-07-2026,Tamil Nadu Civil Supplies Corporation
TNCSC-KMS2025-26-3544,3544,Villupuram,Vikkiravandi,Olagalampoondi,2026-01-28,2026-06-06,Closed,12.047962,79.487593,KMS 2025-26 as on 12-07-2026,Tamil Nadu Civil Supplies Corporation
TNCSC-KMS2025-26-3545,3545,Villupuram,Vikkiravandi,Orathur,2026-02-11,2026-07-04,Closed,12.491521,79.796705,KMS 2025-26 as on 12-07-2026,Tamil Nadu Civil Supplies Corporation
TNCSC-KMS2025-26-3546,3546,Villupuram,Vikkiravandi,Ponnankuppam,2026-02-02,2026-06-20,Closed,12.057637,79.523050,KMS 2025-26 as on 12-07-2026,Tamil Nadu Civil Supplies Corporation
TNCSC-KMS2025-26-3547,3547,Villupuram,Vikkiravandi,Poondi,2026-01-29,2026-05-29,Closed,11.434179,79.395852,KMS 2025-26 as on 12-07-2026,Tamil Nadu Civil Supplies Corporation
TNCSC-KMS2025-26-3548,3548,Villupuram,Vikkiravandi,Puthukaruvachi,2026-01-21,2026-07-03,Closed,12.094940,79.348060,KMS 2025-26 as on 12-07-2026,Tamil Nadu Civil Supplies Corporation
TNCSC-KMS2025-26-3549,3549,Villupuram,Vikkiravandi,Se. Puthur,2026-02-10,2026-07-04,Closed,12.119659,79.439927,KMS 2025-26 as on 12-07-2026,Tamil Nadu Civil Supplies Corporation
TNCSC-KMS2025-26-3550,3550,Villupuram,Vikkiravandi,Thumpur,2026-03-26,2026-05-23,Closed,12.018466,79.484733,KMS 2025-26 as on 12-07-2026,Tamil Nadu Civil Supplies Corporation
TNCSC-KMS2025-26-3551,3551,Villupuram,Vikkiravandi,V.Mathur,2026-01-14,,Open,11.968666,79.594175,KMS 2025-26 as on 12-07-2026,Tamil Nadu Civil Supplies Corporation
TNCSC-KMS2025-26-3552,3552,Villupuram,Vikkiravandi,Vakur,2026-02-26,,Open,11.986539,79.576207,KMS 2025-26 as on 12-07-2026,Tamil Nadu Civil Supplies Corporation
TNCSC-KMS2025-26-3553,3553,Villupuram,Vikkiravandi,Yesalam,2026-02-05,2026-06-18,Closed,12.112752,79.501279,KMS 2025-26 as on 12-07-2026,Tamil Nadu Civil Supplies Corporation
TNCSC-KMS2025-26-3554,3554,Villupuram,Villupuram,B Karaimedu,2026-01-09,,Open,11.932149,79.606430,KMS 2025-26 as on 12-07-2026,Tamil Nadu Civil Supplies Corporation
TNCSC-KMS2025-26-3555,3555,Villupuram,Villupuram,Elankadu,2026-02-19,2026-06-05,Closed,10.837952,78.928468,KMS 2025-26 as on 12-07-2026,Tamil Nadu Civil Supplies Corporation
TNCSC-KMS2025-26-3556,3556,Villupuram,Villupuram,Kalpattu (East),2026-02-14,2026-06-16,Closed,11.931278,79.369813,KMS 2025-26 as on 12-07-2026,Tamil Nadu Civil Supplies Corporation
TNCSC-KMS2025-26-3557,3557,Villupuram,Villupuram,Kanai,2026-02-06,2026-06-24,Closed,11.959568,79.399090,KMS 2025-26 as on 12-07-2026,Tamil Nadu Civil Supplies Corporation
TNCSC-KMS2025-26-3558,3558,Villupuram,Villupuram,Kanai 1,2026-05-09,2026-07-06,Closed,11.959568,79.399090,KMS 2025-26 as on 12-07-2026,Tamil Nadu Civil Supplies Corporation
TNCSC-KMS2025-26-3559,3559,Villupuram,Villupuram,Navamal Maruthur,2026-02-18,,Open,11.891340,79.673970,KMS 2025-26 as on 12-07-2026,Tamil Nadu Civil Supplies Corporation
TNCSC-KMS2025-26-3560,3560,Villupuram,Villupuram,P Villiyanur,2026-02-05,,Open,11.882432,79.560428,KMS 2025-26 as on 12-07-2026,Tamil Nadu Civil Supplies Corporation
TNCSC-KMS2025-26-3561,3561,Villupuram,Villupuram,Pakkam North,2025-10-16,,Open,11.856870,79.673922,KMS 2025-26 as on 12-07-2026,Tamil Nadu Civil Supplies Corporation
TNCSC-KMS2025-26-3562,3562,Villupuram,Villupuram,Perumpakkam,2026-01-29,2026-06-04,Closed,11.941271,79.432484,KMS 2025-26 as on 12-07-2026,Tamil Nadu Civil Supplies Corporation
TNCSC-KMS2025-26-3563,3563,Villupuram,Villupuram,Puvarasankuppam,2026-01-13,,Open,11.849348,79.580198,KMS 2025-26 as on 12-07-2026,Tamil Nadu Civil Supplies Corporation
TNCSC-KMS2025-26-3564,3564,Villupuram,Villupuram,Sundaripalayam,2026-01-31,,Open,11.904837,79.547591,KMS 2025-26 as on 12-07-2026,Tamil Nadu Civil Supplies Corporation
TNCSC-KMS2025-26-3565,3565,Virudhunagar,Kariyapatti,Karaikulam,2026-02-07,2026-04-30,Closed,9.564894,78.216457,KMS 2025-26 as on 12-07-2026,Tamil Nadu Civil Supplies Corporation
TNCSC-KMS2025-26-3566,3566,Virudhunagar,Kariyapatti,Keelkanjirangulam,2026-01-21,2026-04-24,Closed,9.606451,78.181837,KMS 2025-26 as on 12-07-2026,Tamil Nadu Civil Supplies Corporation
TNCSC-KMS2025-26-3567,3567,Virudhunagar,Kariyapatti,Mudukkankulam,2026-01-12,2026-04-25,Closed,9.661482,78.199936,KMS 2025-26 as on 12-07-2026,Tamil Nadu Civil Supplies Corporation
TNCSC-KMS2025-26-3568,3568,Virudhunagar,Kariyapatti,Mustakurichi,2025-12-30,,Open,9.693503,78.228300,KMS 2025-26 as on 12-07-2026,Tamil Nadu Civil Supplies Corporation
TNCSC-KMS2025-26-3569,3569,Virudhunagar,Rajapalayam,Ayyankollan Kondan,2026-01-24,,Open,9.407327,77.518449,KMS 2025-26 as on 12-07-2026,Tamil Nadu Civil Supplies Corporation
TNCSC-KMS2025-26-3570,3570,Virudhunagar,Rajapalayam,Dhevadhanam,2026-01-10,,Open,9.386794,77.458881,KMS 2025-26 as on 12-07-2026,Tamil Nadu Civil Supplies Corporation
TNCSC-KMS2025-26-3571,3571,Virudhunagar,Rajapalayam,Kammapatti,2026-01-24,,Open,9.442091,77.548931,KMS 2025-26 as on 12-07-2026,Tamil Nadu Civil Supplies Corporation
TNCSC-KMS2025-26-3572,3572,Virudhunagar,Rajapalayam,Kovilur,2026-01-20,,Open,10.979487,79.180915,KMS 2025-26 as on 12-07-2026,Tamil Nadu Civil Supplies Corporation
TNCSC-KMS2025-26-3573,3573,Virudhunagar,Rajapalayam,Melur Duraisamypuram,2026-01-24,,Open,9.657655,77.674899,KMS 2025-26 as on 12-07-2026,Tamil Nadu Civil Supplies Corporation
TNCSC-KMS2025-26-3574,3574,Virudhunagar,Rajapalayam,Mettupatti,2026-01-17,,Open,10.891813,78.871703,KMS 2025-26 as on 12-07-2026,Tamil Nadu Civil Supplies Corporation
TNCSC-KMS2025-26-3575,3575,Virudhunagar,Rajapalayam,Muhavoor,2026-01-20,2026-07-07,Closed,9.389858,77.484552,KMS 2025-26 as on 12-07-2026,Tamil Nadu Civil Supplies Corporation
TNCSC-KMS2025-26-3576,3576,Virudhunagar,Rajapalayam,Sethur,2026-01-13,,Open,9.389741,77.484473,KMS 2025-26 as on 12-07-2026,Tamil Nadu Civil Supplies Corporation
TNCSC-KMS2025-26-3577,3577,Virudhunagar,Rajapalayam,Zamin Nallamangalam,2026-01-23,,Open,9.386482,77.458844,KMS 2025-26 as on 12-07-2026,Tamil Nadu Civil Supplies Corporation
TNCSC-KMS2025-26-3578,3578,Virudhunagar,Srivlliputhur,Mamsapuram,2026-02-04,,Open,9.505710,77.601496,KMS 2025-26 as on 12-07-2026,Tamil Nadu Civil Supplies Corporation
TNCSC-KMS2025-26-3579,3579,Virudhunagar,Srivlliputhur,Srivilliputtur,2026-01-29,,Open,9.504590,77.629806,KMS 2025-26 as on 12-07-2026,Tamil Nadu Civil Supplies Corporation
TNCSC-KMS2025-26-3580,3580,Virudhunagar,Tiruchuli,A Mukkulam,2026-01-21,2026-04-27,Closed,9.693170,78.227756,KMS 2025-26 as on 12-07-2026,Tamil Nadu Civil Supplies Corporation
TNCSC-KMS2025-26-3581,3581,Virudhunagar,Tiruchuli,Karenthal,2026-01-28,2026-04-01,Closed,9.559166,78.240277,KMS 2025-26 as on 12-07-2026,Tamil Nadu Civil Supplies Corporation
TNCSC-KMS2025-26-3582,3582,Virudhunagar,Tiruchuli,Kattanoor,2026-02-27,2026-04-25,Closed,9.670786,78.330348,KMS 2025-26 as on 12-07-2026,Tamil Nadu Civil Supplies Corporation
TNCSC-KMS2025-26-3583,3583,Virudhunagar,Tiruchuli,Kurayaraivasithan,2026-02-12,2026-05-03,Closed,9.536950,78.318890,KMS 2025-26 as on 12-07-2026,Tamil Nadu Civil Supplies Corporation
TNCSC-KMS2025-26-3584,3584,Virudhunagar,Tiruchuli,Nallukuruchi,2026-02-13,2026-04-30,Closed,9.517176,78.326988,KMS 2025-26 as on 12-07-2026,Tamil Nadu Civil Supplies Corporation
TNCSC-KMS2025-26-3585,3585,Virudhunagar,Tiruchuli,Narikudi,2026-02-17,2026-04-26,Closed,10.828227,79.469793,KMS 2025-26 as on 12-07-2026,Tamil Nadu Civil Supplies Corporation
TNCSC-KMS2025-26-3586,3586,Virudhunagar,Tiruchuli,Papankulam,2026-02-21,2026-04-27,Closed,9.521554,78.340124,KMS 2025-26 as on 12-07-2026,Tamil Nadu Civil Supplies Corporation
TNCSC-KMS2025-26-3587,3587,Virudhunagar,Tiruchuli,Pattamangalam,2026-02-25,2026-04-26,Closed,11.083253,79.656167,KMS 2025-26 as on 12-07-2026,Tamil Nadu Civil Supplies Corporation
TNCSC-KMS2025-26-3588,3588,Virudhunagar,Tiruchuli,S Vallakulam,2026-02-18,2026-04-29,Closed,9.588183,78.366337,KMS 2025-26 as on 12-07-2026,Tamil Nadu Civil Supplies Corporation
TNCSC-KMS2025-26-3589,3589,Virudhunagar,Tiruchuli,Sennilaikudi,2026-01-14,2026-03-23,Closed,9.564844,78.216525,KMS 2025-26 as on 12-07-2026,Tamil Nadu Civil Supplies Corporation
TNCSC-KMS2025-26-3590,3590,Virudhunagar,Tiruchuli,T.Velankudi,2026-02-03,2026-04-30,Closed,9.609953,78.374346,KMS 2025-26 as on 12-07-2026,Tamil Nadu Civil Supplies Corporation
TNCSC-KMS2025-26-3591,3591,Virudhunagar,Tiruchuli,Thamaraikulam,2026-02-17,2026-04-29,Closed,10.118689,77.568644,KMS 2025-26 as on 12-07-2026,Tamil Nadu Civil Supplies Corporation
TNCSC-KMS2025-26-3592,3592,Virudhunagar,Tiruchuli,Ulakudi,2026-01-30,2026-03-27,Closed,9.630377,78.309970,KMS 2025-26 as on 12-07-2026,Tamil Nadu Civil Supplies Corporation
TNCSC-KMS2025-26-3593,3593,Virudhunagar,Watrap,Ilandaikulam,2026-06-20,,Open,9.661109,77.714998,KMS 2025-26 as on 12-07-2026,Tamil Nadu Civil Supplies Corporation
TNCSC-KMS2025-26-3594,3594,Virudhunagar,Watrap,Kansapuram,2025-12-30,,Open,9.625330,77.599080,KMS 2025-26 as on 12-07-2026,Tamil Nadu Civil Supplies Corporation
TNCSC-KMS2025-26-3595,3595,Virudhunagar,Watrap,Ramasamiapuram,2026-01-06,,Open,9.643090,77.594948,KMS 2025-26 as on 12-07-2026,Tamil Nadu Civil Supplies Corporation
TNCSC-KMS2025-26-3596,3596,Virudhunagar,Watrap,Sundarapandiam,2026-01-12,,Open,9.625354,77.678313,KMS 2025-26 as on 12-07-2026,Tamil Nadu Civil Supplies Corporation
TNCSC-KMS2025-26-3597,3597,Virudhunagar,Watrap,Thambipatti,2026-01-07,2026-07-04,Closed,9.660486,77.668466,KMS 2025-26 as on 12-07-2026,Tamil Nadu Civil Supplies Corporation
TNCSC-KMS2025-26-3598,3598,Virudhunagar,Watrap,Watrap,2026-01-02,,Open,9.348674,77.469010,KMS 2025-26 as on 12-07-2026,Tamil Nadu Civil Supplies Corporation
